# Obrigatório | A unique content ID for the item.,# Opcional | The URL for the main image of your item.,# Opcional | List of additional image urls for the item.,# Opcional | Short description of the item.,# Opcional | Label used to filter items into product sets.
id,image_link,additional_image_link,short_description,custom_label_0
49668910514414,https://cdn.shopify.com/s/files/1/0667/0961/8926/files/meta-sq-9543523041518-40656422142190.jpg?format=pjpg,"https://cdn.shopify.com/s/files/1/0667/0961/8926/files/meta-sq-add-a65bc6a942a7.jpg?format=pjpg,https://cdn.shopify.com/s/files/1/0667/0961/8926/files/meta-sq-add-e7540203d3ce.jpg?format=pjpg",Conjunto de compressão com manguito para qualquer treino.,vimm_feed
49668910547182,https://cdn.shopify.com/s/files/1/0667/0961/8926/files/meta-sq-9543523041518-40656422142190.jpg?format=pjpg,"https://cdn.shopify.com/s/files/1/0667/0961/8926/files/meta-sq-add-a65bc6a942a7.jpg?format=pjpg,https://cdn.shopify.com/s/files/1/0667/0961/8926/files/meta-sq-add-e7540203d3ce.jpg?format=pjpg",Conjunto de compressão com manguito para qualquer treino.,vimm_feed
49668910579950,https://cdn.shopify.com/s/files/1/0667/0961/8926/files/meta-sq-9543523041518-40656422142190.jpg?format=pjpg,"https://cdn.shopify.com/s/files/1/0667/0961/8926/files/meta-sq-add-a65bc6a942a7.jpg?format=pjpg,https://cdn.shopify.com/s/files/1/0667/0961/8926/files/meta-sq-add-e7540203d3ce.jpg?format=pjpg",Conjunto de compressão com manguito para qualquer treino.,vimm_feed
49668910612718,https://cdn.shopify.com/s/files/1/0667/0961/8926/files/meta-sq-9543523041518-40656422142190.jpg?format=pjpg,"https://cdn.shopify.com/s/files/1/0667/0961/8926/files/meta-sq-add-a65bc6a942a7.jpg?format=pjpg,https://cdn.shopify.com/s/files/1/0667/0961/8926/files/meta-sq-add-e7540203d3ce.jpg?format=pjpg",Conjunto de compressão com manguito para qualquer treino.,vimm_feed
49668910645486,https://cdn.shopify.com/s/files/1/0667/0961/8926/files/meta-sq-9543523041518-40656422142190.jpg?format=pjpg,"https://cdn.shopify.com/s/files/1/0667/0961/8926/files/meta-sq-add-a65bc6a942a7.jpg?format=pjpg,https://cdn.shopify.com/s/files/1/0667/0961/8926/files/meta-sq-add-e7540203d3ce.jpg?format=pjpg",Conjunto de compressão com manguito para qualquer treino.,vimm_feed
49668910678254,https://cdn.shopify.com/s/files/1/0667/0961/8926/files/meta-sq-9543523041518-40656422142190.jpg?format=pjpg,"https://cdn.shopify.com/s/files/1/0667/0961/8926/files/meta-sq-add-a65bc6a942a7.jpg?format=pjpg,https://cdn.shopify.com/s/files/1/0667/0961/8926/files/meta-sq-add-e7540203d3ce.jpg?format=pjpg",Conjunto de compressão com manguito para qualquer treino.,vimm_feed
49668910711022,https://cdn.shopify.com/s/files/1/0667/0961/8926/files/meta-sq-9543523041518-40656422142190.jpg?format=pjpg,"https://cdn.shopify.com/s/files/1/0667/0961/8926/files/meta-sq-add-a65bc6a942a7.jpg?format=pjpg,https://cdn.shopify.com/s/files/1/0667/0961/8926/files/meta-sq-add-e7540203d3ce.jpg?format=pjpg",Conjunto de compressão com manguito para qualquer treino.,vimm_feed
49668910743790,https://cdn.shopify.com/s/files/1/0667/0961/8926/files/meta-sq-9543523041518-40656422142190.jpg?format=pjpg,"https://cdn.shopify.com/s/files/1/0667/0961/8926/files/meta-sq-add-a65bc6a942a7.jpg?format=pjpg,https://cdn.shopify.com/s/files/1/0667/0961/8926/files/meta-sq-add-e7540203d3ce.jpg?format=pjpg",Conjunto de compressão com manguito para qualquer treino.,vimm_feed
49668910776558,https://cdn.shopify.com/s/files/1/0667/0961/8926/files/meta-sq-9543523041518-40656422142190.jpg?format=pjpg,"https://cdn.shopify.com/s/files/1/0667/0961/8926/files/meta-sq-add-a65bc6a942a7.jpg?format=pjpg,https://cdn.shopify.com/s/files/1/0667/0961/8926/files/meta-sq-add-e7540203d3ce.jpg?format=pjpg",Conjunto de compressão com manguito para qualquer treino.,vimm_feed
49668910809326,https://cdn.shopify.com/s/files/1/0667/0961/8926/files/meta-sq-9543523041518-40656422142190.jpg?format=pjpg,"https://cdn.shopify.com/s/files/1/0667/0961/8926/files/meta-sq-add-a65bc6a942a7.jpg?format=pjpg,https://cdn.shopify.com/s/files/1/0667/0961/8926/files/meta-sq-add-e7540203d3ce.jpg?format=pjpg",Conjunto de compressão com manguito para qualquer treino.,vimm_feed
49668910842094,https://cdn.shopify.com/s/files/1/0667/0961/8926/files/meta-sq-9543523041518-40656422142190.jpg?format=pjpg,"https://cdn.shopify.com/s/files/1/0667/0961/8926/files/meta-sq-add-a65bc6a942a7.jpg?format=pjpg,https://cdn.shopify.com/s/files/1/0667/0961/8926/files/meta-sq-add-e7540203d3ce.jpg?format=pjpg",Conjunto de compressão com manguito para qualquer treino.,vimm_feed
49668910874862,https://cdn.shopify.com/s/files/1/0667/0961/8926/files/meta-sq-9543523041518-40656422142190.jpg?format=pjpg,"https://cdn.shopify.com/s/files/1/0667/0961/8926/files/meta-sq-add-a65bc6a942a7.jpg?format=pjpg,https://cdn.shopify.com/s/files/1/0667/0961/8926/files/meta-sq-add-e7540203d3ce.jpg?format=pjpg",Conjunto de compressão com manguito para qualquer treino.,vimm_feed
49668910907630,https://cdn.shopify.com/s/files/1/0667/0961/8926/files/meta-sq-9543523041518-40656422142190.jpg?format=pjpg,"https://cdn.shopify.com/s/files/1/0667/0961/8926/files/meta-sq-add-a65bc6a942a7.jpg?format=pjpg,https://cdn.shopify.com/s/files/1/0667/0961/8926/files/meta-sq-add-e7540203d3ce.jpg?format=pjpg",Conjunto de compressão com manguito para qualquer treino.,vimm_feed
49668910940398,https://cdn.shopify.com/s/files/1/0667/0961/8926/files/meta-sq-9543523041518-40656422142190.jpg?format=pjpg,"https://cdn.shopify.com/s/files/1/0667/0961/8926/files/meta-sq-add-a65bc6a942a7.jpg?format=pjpg,https://cdn.shopify.com/s/files/1/0667/0961/8926/files/meta-sq-add-e7540203d3ce.jpg?format=pjpg",Conjunto de compressão com manguito para qualquer treino.,vimm_feed
49668910973166,https://cdn.shopify.com/s/files/1/0667/0961/8926/files/meta-sq-9543523041518-40656422142190.jpg?format=pjpg,"https://cdn.shopify.com/s/files/1/0667/0961/8926/files/meta-sq-add-a65bc6a942a7.jpg?format=pjpg,https://cdn.shopify.com/s/files/1/0667/0961/8926/files/meta-sq-add-e7540203d3ce.jpg?format=pjpg",Conjunto de compressão com manguito para qualquer treino.,vimm_feed
49668911005934,https://cdn.shopify.com/s/files/1/0667/0961/8926/files/meta-sq-9543523041518-40656422142190.jpg?format=pjpg,"https://cdn.shopify.com/s/files/1/0667/0961/8926/files/meta-sq-add-a65bc6a942a7.jpg?format=pjpg,https://cdn.shopify.com/s/files/1/0667/0961/8926/files/meta-sq-add-e7540203d3ce.jpg?format=pjpg",Conjunto de compressão com manguito para qualquer treino.,vimm_feed
49668911038702,https://cdn.shopify.com/s/files/1/0667/0961/8926/files/meta-sq-9543523041518-40656422142190.jpg?format=pjpg,"https://cdn.shopify.com/s/files/1/0667/0961/8926/files/meta-sq-add-a65bc6a942a7.jpg?format=pjpg,https://cdn.shopify.com/s/files/1/0667/0961/8926/files/meta-sq-add-e7540203d3ce.jpg?format=pjpg",Conjunto de compressão com manguito para qualquer treino.,vimm_feed
49668911071470,https://cdn.shopify.com/s/files/1/0667/0961/8926/files/meta-sq-9543523041518-40656422142190.jpg?format=pjpg,"https://cdn.shopify.com/s/files/1/0667/0961/8926/files/meta-sq-add-a65bc6a942a7.jpg?format=pjpg,https://cdn.shopify.com/s/files/1/0667/0961/8926/files/meta-sq-add-e7540203d3ce.jpg?format=pjpg",Conjunto de compressão com manguito para qualquer treino.,vimm_feed
49668911104238,https://cdn.shopify.com/s/files/1/0667/0961/8926/files/meta-sq-9543523041518-40656422142190.jpg?format=pjpg,"https://cdn.shopify.com/s/files/1/0667/0961/8926/files/meta-sq-add-a65bc6a942a7.jpg?format=pjpg,https://cdn.shopify.com/s/files/1/0667/0961/8926/files/meta-sq-add-e7540203d3ce.jpg?format=pjpg",Conjunto de compressão com manguito para qualquer treino.,vimm_feed
49668911137006,https://cdn.shopify.com/s/files/1/0667/0961/8926/files/meta-sq-9543523041518-40656422142190.jpg?format=pjpg,"https://cdn.shopify.com/s/files/1/0667/0961/8926/files/meta-sq-add-a65bc6a942a7.jpg?format=pjpg,https://cdn.shopify.com/s/files/1/0667/0961/8926/files/meta-sq-add-e7540203d3ce.jpg?format=pjpg",Conjunto de compressão com manguito para qualquer treino.,vimm_feed
49668911169774,https://cdn.shopify.com/s/files/1/0667/0961/8926/files/meta-sq-9543523041518-40656422142190.jpg?format=pjpg,"https://cdn.shopify.com/s/files/1/0667/0961/8926/files/meta-sq-add-a65bc6a942a7.jpg?format=pjpg,https://cdn.shopify.com/s/files/1/0667/0961/8926/files/meta-sq-add-e7540203d3ce.jpg?format=pjpg",Conjunto de compressão com manguito para qualquer treino.,vimm_feed
49668911202542,https://cdn.shopify.com/s/files/1/0667/0961/8926/files/meta-sq-9543523041518-40656422142190.jpg?format=pjpg,"https://cdn.shopify.com/s/files/1/0667/0961/8926/files/meta-sq-add-a65bc6a942a7.jpg?format=pjpg,https://cdn.shopify.com/s/files/1/0667/0961/8926/files/meta-sq-add-e7540203d3ce.jpg?format=pjpg",Conjunto de compressão com manguito para qualquer treino.,vimm_feed
49668911235310,https://cdn.shopify.com/s/files/1/0667/0961/8926/files/meta-sq-9543523041518-40656422142190.jpg?format=pjpg,"https://cdn.shopify.com/s/files/1/0667/0961/8926/files/meta-sq-add-a65bc6a942a7.jpg?format=pjpg,https://cdn.shopify.com/s/files/1/0667/0961/8926/files/meta-sq-add-e7540203d3ce.jpg?format=pjpg",Conjunto de compressão com manguito para qualquer treino.,vimm_feed
49668911268078,https://cdn.shopify.com/s/files/1/0667/0961/8926/files/meta-sq-9543523041518-40656422142190.jpg?format=pjpg,"https://cdn.shopify.com/s/files/1/0667/0961/8926/files/meta-sq-add-a65bc6a942a7.jpg?format=pjpg,https://cdn.shopify.com/s/files/1/0667/0961/8926/files/meta-sq-add-e7540203d3ce.jpg?format=pjpg",Conjunto de compressão com manguito para qualquer treino.,vimm_feed
49668911300846,https://cdn.shopify.com/s/files/1/0667/0961/8926/files/meta-sq-9543523041518-40656422142190.jpg?format=pjpg,"https://cdn.shopify.com/s/files/1/0667/0961/8926/files/meta-sq-add-a65bc6a942a7.jpg?format=pjpg,https://cdn.shopify.com/s/files/1/0667/0961/8926/files/meta-sq-add-e7540203d3ce.jpg?format=pjpg",Conjunto de compressão com manguito para qualquer treino.,vimm_feed
49668911333614,https://cdn.shopify.com/s/files/1/0667/0961/8926/files/meta-sq-9543523041518-40656422142190.jpg?format=pjpg,"https://cdn.shopify.com/s/files/1/0667/0961/8926/files/meta-sq-add-a65bc6a942a7.jpg?format=pjpg,https://cdn.shopify.com/s/files/1/0667/0961/8926/files/meta-sq-add-e7540203d3ce.jpg?format=pjpg",Conjunto de compressão com manguito para qualquer treino.,vimm_feed
49668911366382,https://cdn.shopify.com/s/files/1/0667/0961/8926/files/meta-sq-9543523041518-40656422142190.jpg?format=pjpg,"https://cdn.shopify.com/s/files/1/0667/0961/8926/files/meta-sq-add-a65bc6a942a7.jpg?format=pjpg,https://cdn.shopify.com/s/files/1/0667/0961/8926/files/meta-sq-add-e7540203d3ce.jpg?format=pjpg",Conjunto de compressão com manguito para qualquer treino.,vimm_feed
49668911399150,https://cdn.shopify.com/s/files/1/0667/0961/8926/files/meta-sq-9543523041518-40656422142190.jpg?format=pjpg,"https://cdn.shopify.com/s/files/1/0667/0961/8926/files/meta-sq-add-a65bc6a942a7.jpg?format=pjpg,https://cdn.shopify.com/s/files/1/0667/0961/8926/files/meta-sq-add-e7540203d3ce.jpg?format=pjpg",Conjunto de compressão com manguito para qualquer treino.,vimm_feed
49668911431918,https://cdn.shopify.com/s/files/1/0667/0961/8926/files/meta-sq-9543523041518-40656422142190.jpg?format=pjpg,"https://cdn.shopify.com/s/files/1/0667/0961/8926/files/meta-sq-add-a65bc6a942a7.jpg?format=pjpg,https://cdn.shopify.com/s/files/1/0667/0961/8926/files/meta-sq-add-e7540203d3ce.jpg?format=pjpg",Conjunto de compressão com manguito para qualquer treino.,vimm_feed
49668911464686,https://cdn.shopify.com/s/files/1/0667/0961/8926/files/meta-sq-9543523041518-40656422142190.jpg?format=pjpg,"https://cdn.shopify.com/s/files/1/0667/0961/8926/files/meta-sq-add-a65bc6a942a7.jpg?format=pjpg,https://cdn.shopify.com/s/files/1/0667/0961/8926/files/meta-sq-add-e7540203d3ce.jpg?format=pjpg",Conjunto de compressão com manguito para qualquer treino.,vimm_feed
49668911497454,https://cdn.shopify.com/s/files/1/0667/0961/8926/files/meta-sq-9543523041518-40656422142190.jpg?format=pjpg,"https://cdn.shopify.com/s/files/1/0667/0961/8926/files/meta-sq-add-a65bc6a942a7.jpg?format=pjpg,https://cdn.shopify.com/s/files/1/0667/0961/8926/files/meta-sq-add-e7540203d3ce.jpg?format=pjpg",Conjunto de compressão com manguito para qualquer treino.,vimm_feed
49668911530222,https://cdn.shopify.com/s/files/1/0667/0961/8926/files/meta-sq-9543523041518-40656422142190.jpg?format=pjpg,"https://cdn.shopify.com/s/files/1/0667/0961/8926/files/meta-sq-add-a65bc6a942a7.jpg?format=pjpg,https://cdn.shopify.com/s/files/1/0667/0961/8926/files/meta-sq-add-e7540203d3ce.jpg?format=pjpg",Conjunto de compressão com manguito para qualquer treino.,vimm_feed
49668911562990,https://cdn.shopify.com/s/files/1/0667/0961/8926/files/meta-sq-9543523041518-40656422142190.jpg?format=pjpg,"https://cdn.shopify.com/s/files/1/0667/0961/8926/files/meta-sq-add-a65bc6a942a7.jpg?format=pjpg,https://cdn.shopify.com/s/files/1/0667/0961/8926/files/meta-sq-add-e7540203d3ce.jpg?format=pjpg",Conjunto de compressão com manguito para qualquer treino.,vimm_feed
49668911595758,https://cdn.shopify.com/s/files/1/0667/0961/8926/files/meta-sq-9543523041518-40656422142190.jpg?format=pjpg,"https://cdn.shopify.com/s/files/1/0667/0961/8926/files/meta-sq-add-a65bc6a942a7.jpg?format=pjpg,https://cdn.shopify.com/s/files/1/0667/0961/8926/files/meta-sq-add-e7540203d3ce.jpg?format=pjpg",Conjunto de compressão com manguito para qualquer treino.,vimm_feed
49668911628526,https://cdn.shopify.com/s/files/1/0667/0961/8926/files/meta-sq-9543523041518-40656422142190.jpg?format=pjpg,"https://cdn.shopify.com/s/files/1/0667/0961/8926/files/meta-sq-add-a65bc6a942a7.jpg?format=pjpg,https://cdn.shopify.com/s/files/1/0667/0961/8926/files/meta-sq-add-e7540203d3ce.jpg?format=pjpg",Conjunto de compressão com manguito para qualquer treino.,vimm_feed
49668911661294,https://cdn.shopify.com/s/files/1/0667/0961/8926/files/meta-sq-9543523041518-40656422142190.jpg?format=pjpg,"https://cdn.shopify.com/s/files/1/0667/0961/8926/files/meta-sq-add-a65bc6a942a7.jpg?format=pjpg,https://cdn.shopify.com/s/files/1/0667/0961/8926/files/meta-sq-add-e7540203d3ce.jpg?format=pjpg",Conjunto de compressão com manguito para qualquer treino.,vimm_feed
49668911694062,https://cdn.shopify.com/s/files/1/0667/0961/8926/files/meta-sq-9543523041518-40656422142190.jpg?format=pjpg,"https://cdn.shopify.com/s/files/1/0667/0961/8926/files/meta-sq-add-a65bc6a942a7.jpg?format=pjpg,https://cdn.shopify.com/s/files/1/0667/0961/8926/files/meta-sq-add-e7540203d3ce.jpg?format=pjpg",Conjunto de compressão com manguito para qualquer treino.,vimm_feed
49668911726830,https://cdn.shopify.com/s/files/1/0667/0961/8926/files/meta-sq-9543523041518-40656422142190.jpg?format=pjpg,"https://cdn.shopify.com/s/files/1/0667/0961/8926/files/meta-sq-add-a65bc6a942a7.jpg?format=pjpg,https://cdn.shopify.com/s/files/1/0667/0961/8926/files/meta-sq-add-e7540203d3ce.jpg?format=pjpg",Conjunto de compressão com manguito para qualquer treino.,vimm_feed
49668911759598,https://cdn.shopify.com/s/files/1/0667/0961/8926/files/meta-sq-9543523041518-40656422142190.jpg?format=pjpg,"https://cdn.shopify.com/s/files/1/0667/0961/8926/files/meta-sq-add-a65bc6a942a7.jpg?format=pjpg,https://cdn.shopify.com/s/files/1/0667/0961/8926/files/meta-sq-add-e7540203d3ce.jpg?format=pjpg",Conjunto de compressão com manguito para qualquer treino.,vimm_feed
49668911792366,https://cdn.shopify.com/s/files/1/0667/0961/8926/files/meta-sq-9543523041518-40656422142190.jpg?format=pjpg,"https://cdn.shopify.com/s/files/1/0667/0961/8926/files/meta-sq-add-a65bc6a942a7.jpg?format=pjpg,https://cdn.shopify.com/s/files/1/0667/0961/8926/files/meta-sq-add-e7540203d3ce.jpg?format=pjpg",Conjunto de compressão com manguito para qualquer treino.,vimm_feed
49668911825134,https://cdn.shopify.com/s/files/1/0667/0961/8926/files/meta-sq-9543523041518-40656422142190.jpg?format=pjpg,"https://cdn.shopify.com/s/files/1/0667/0961/8926/files/meta-sq-add-a65bc6a942a7.jpg?format=pjpg,https://cdn.shopify.com/s/files/1/0667/0961/8926/files/meta-sq-add-e7540203d3ce.jpg?format=pjpg",Conjunto de compressão com manguito para qualquer treino.,vimm_feed
49668911857902,https://cdn.shopify.com/s/files/1/0667/0961/8926/files/meta-sq-9543523041518-40656422142190.jpg?format=pjpg,"https://cdn.shopify.com/s/files/1/0667/0961/8926/files/meta-sq-add-a65bc6a942a7.jpg?format=pjpg,https://cdn.shopify.com/s/files/1/0667/0961/8926/files/meta-sq-add-e7540203d3ce.jpg?format=pjpg",Conjunto de compressão com manguito para qualquer treino.,vimm_feed
49668911890670,https://cdn.shopify.com/s/files/1/0667/0961/8926/files/meta-sq-9543523041518-40656422142190.jpg?format=pjpg,"https://cdn.shopify.com/s/files/1/0667/0961/8926/files/meta-sq-add-a65bc6a942a7.jpg?format=pjpg,https://cdn.shopify.com/s/files/1/0667/0961/8926/files/meta-sq-add-e7540203d3ce.jpg?format=pjpg",Conjunto de compressão com manguito para qualquer treino.,vimm_feed
49668911923438,https://cdn.shopify.com/s/files/1/0667/0961/8926/files/meta-sq-9543523041518-40656422142190.jpg?format=pjpg,"https://cdn.shopify.com/s/files/1/0667/0961/8926/files/meta-sq-add-a65bc6a942a7.jpg?format=pjpg,https://cdn.shopify.com/s/files/1/0667/0961/8926/files/meta-sq-add-e7540203d3ce.jpg?format=pjpg",Conjunto de compressão com manguito para qualquer treino.,vimm_feed
49668911956206,https://cdn.shopify.com/s/files/1/0667/0961/8926/files/meta-sq-9543523041518-40656422142190.jpg?format=pjpg,"https://cdn.shopify.com/s/files/1/0667/0961/8926/files/meta-sq-add-a65bc6a942a7.jpg?format=pjpg,https://cdn.shopify.com/s/files/1/0667/0961/8926/files/meta-sq-add-e7540203d3ce.jpg?format=pjpg",Conjunto de compressão com manguito para qualquer treino.,vimm_feed
49668911988974,https://cdn.shopify.com/s/files/1/0667/0961/8926/files/meta-sq-9543523041518-40656422142190.jpg?format=pjpg,"https://cdn.shopify.com/s/files/1/0667/0961/8926/files/meta-sq-add-a65bc6a942a7.jpg?format=pjpg,https://cdn.shopify.com/s/files/1/0667/0961/8926/files/meta-sq-add-e7540203d3ce.jpg?format=pjpg",Conjunto de compressão com manguito para qualquer treino.,vimm_feed
49668912021742,https://cdn.shopify.com/s/files/1/0667/0961/8926/files/meta-sq-9543523041518-40656422142190.jpg?format=pjpg,"https://cdn.shopify.com/s/files/1/0667/0961/8926/files/meta-sq-add-a65bc6a942a7.jpg?format=pjpg,https://cdn.shopify.com/s/files/1/0667/0961/8926/files/meta-sq-add-e7540203d3ce.jpg?format=pjpg",Conjunto de compressão com manguito para qualquer treino.,vimm_feed
49668912054510,https://cdn.shopify.com/s/files/1/0667/0961/8926/files/meta-sq-9543523041518-40656422142190.jpg?format=pjpg,"https://cdn.shopify.com/s/files/1/0667/0961/8926/files/meta-sq-add-a65bc6a942a7.jpg?format=pjpg,https://cdn.shopify.com/s/files/1/0667/0961/8926/files/meta-sq-add-e7540203d3ce.jpg?format=pjpg",Conjunto de compressão com manguito para qualquer treino.,vimm_feed
49668912087278,https://cdn.shopify.com/s/files/1/0667/0961/8926/files/meta-sq-9543523041518-40656422142190.jpg?format=pjpg,"https://cdn.shopify.com/s/files/1/0667/0961/8926/files/meta-sq-add-a65bc6a942a7.jpg?format=pjpg,https://cdn.shopify.com/s/files/1/0667/0961/8926/files/meta-sq-add-e7540203d3ce.jpg?format=pjpg",Conjunto de compressão com manguito para qualquer treino.,vimm_feed
49668912120046,https://cdn.shopify.com/s/files/1/0667/0961/8926/files/meta-sq-9543523041518-40656422142190.jpg?format=pjpg,"https://cdn.shopify.com/s/files/1/0667/0961/8926/files/meta-sq-add-a65bc6a942a7.jpg?format=pjpg,https://cdn.shopify.com/s/files/1/0667/0961/8926/files/meta-sq-add-e7540203d3ce.jpg?format=pjpg",Conjunto de compressão com manguito para qualquer treino.,vimm_feed
49668912152814,https://cdn.shopify.com/s/files/1/0667/0961/8926/files/meta-sq-9543523041518-40656422142190.jpg?format=pjpg,"https://cdn.shopify.com/s/files/1/0667/0961/8926/files/meta-sq-add-a65bc6a942a7.jpg?format=pjpg,https://cdn.shopify.com/s/files/1/0667/0961/8926/files/meta-sq-add-e7540203d3ce.jpg?format=pjpg",Conjunto de compressão com manguito para qualquer treino.,vimm_feed
49668912185582,https://cdn.shopify.com/s/files/1/0667/0961/8926/files/meta-sq-9543523041518-40656422142190.jpg?format=pjpg,"https://cdn.shopify.com/s/files/1/0667/0961/8926/files/meta-sq-add-a65bc6a942a7.jpg?format=pjpg,https://cdn.shopify.com/s/files/1/0667/0961/8926/files/meta-sq-add-e7540203d3ce.jpg?format=pjpg",Conjunto de compressão com manguito para qualquer treino.,vimm_feed
49668912218350,https://cdn.shopify.com/s/files/1/0667/0961/8926/files/meta-sq-9543523041518-40656422142190.jpg?format=pjpg,"https://cdn.shopify.com/s/files/1/0667/0961/8926/files/meta-sq-add-a65bc6a942a7.jpg?format=pjpg,https://cdn.shopify.com/s/files/1/0667/0961/8926/files/meta-sq-add-e7540203d3ce.jpg?format=pjpg",Conjunto de compressão com manguito para qualquer treino.,vimm_feed
49668912251118,https://cdn.shopify.com/s/files/1/0667/0961/8926/files/meta-sq-9543523041518-40656422142190.jpg?format=pjpg,"https://cdn.shopify.com/s/files/1/0667/0961/8926/files/meta-sq-add-a65bc6a942a7.jpg?format=pjpg,https://cdn.shopify.com/s/files/1/0667/0961/8926/files/meta-sq-add-e7540203d3ce.jpg?format=pjpg",Conjunto de compressão com manguito para qualquer treino.,vimm_feed
49668912283886,https://cdn.shopify.com/s/files/1/0667/0961/8926/files/meta-sq-9543523041518-40656422142190.jpg?format=pjpg,"https://cdn.shopify.com/s/files/1/0667/0961/8926/files/meta-sq-add-a65bc6a942a7.jpg?format=pjpg,https://cdn.shopify.com/s/files/1/0667/0961/8926/files/meta-sq-add-e7540203d3ce.jpg?format=pjpg",Conjunto de compressão com manguito para qualquer treino.,vimm_feed
49668912316654,https://cdn.shopify.com/s/files/1/0667/0961/8926/files/meta-sq-9543523041518-40656422142190.jpg?format=pjpg,"https://cdn.shopify.com/s/files/1/0667/0961/8926/files/meta-sq-add-a65bc6a942a7.jpg?format=pjpg,https://cdn.shopify.com/s/files/1/0667/0961/8926/files/meta-sq-add-e7540203d3ce.jpg?format=pjpg",Conjunto de compressão com manguito para qualquer treino.,vimm_feed
49668912349422,https://cdn.shopify.com/s/files/1/0667/0961/8926/files/meta-sq-9543523041518-40656422142190.jpg?format=pjpg,"https://cdn.shopify.com/s/files/1/0667/0961/8926/files/meta-sq-add-a65bc6a942a7.jpg?format=pjpg,https://cdn.shopify.com/s/files/1/0667/0961/8926/files/meta-sq-add-e7540203d3ce.jpg?format=pjpg",Conjunto de compressão com manguito para qualquer treino.,vimm_feed
49668912382190,https://cdn.shopify.com/s/files/1/0667/0961/8926/files/meta-sq-9543523041518-40656422142190.jpg?format=pjpg,"https://cdn.shopify.com/s/files/1/0667/0961/8926/files/meta-sq-add-a65bc6a942a7.jpg?format=pjpg,https://cdn.shopify.com/s/files/1/0667/0961/8926/files/meta-sq-add-e7540203d3ce.jpg?format=pjpg",Conjunto de compressão com manguito para qualquer treino.,vimm_feed
49668912414958,https://cdn.shopify.com/s/files/1/0667/0961/8926/files/meta-sq-9543523041518-40656422142190.jpg?format=pjpg,"https://cdn.shopify.com/s/files/1/0667/0961/8926/files/meta-sq-add-a65bc6a942a7.jpg?format=pjpg,https://cdn.shopify.com/s/files/1/0667/0961/8926/files/meta-sq-add-e7540203d3ce.jpg?format=pjpg",Conjunto de compressão com manguito para qualquer treino.,vimm_feed
49668912447726,https://cdn.shopify.com/s/files/1/0667/0961/8926/files/meta-sq-9543523041518-40656422142190.jpg?format=pjpg,"https://cdn.shopify.com/s/files/1/0667/0961/8926/files/meta-sq-add-a65bc6a942a7.jpg?format=pjpg,https://cdn.shopify.com/s/files/1/0667/0961/8926/files/meta-sq-add-e7540203d3ce.jpg?format=pjpg",Conjunto de compressão com manguito para qualquer treino.,vimm_feed
49668908515566,https://cdn.shopify.com/s/files/1/0667/0961/8926/files/meta-sq-9543523008750-40656420798702.jpg?format=pjpg,"https://cdn.shopify.com/s/files/1/0667/0961/8926/files/meta-sq-add-fe959acc0f71.jpg?format=pjpg,https://cdn.shopify.com/s/files/1/0667/0961/8926/files/meta-sq-add-c68ba834a181.jpg?format=pjpg,https://cdn.shopify.com/s/files/1/0667/0961/8926/files/meta-sq-add-c58e660b433e.jpg?format=pjpg,https://cdn.shopify.com/s/files/1/0667/0961/8926/files/meta-sq-add-8061d2fdf40b.jpg?format=pjpg,https://cdn.shopify.com/s/files/1/0667/0961/8926/files/meta-sq-add-a664b1da605e.jpg?format=pjpg",Conjunto de compressão com manguito para qualquer treino.,vimm_feed
49668908548334,https://cdn.shopify.com/s/files/1/0667/0961/8926/files/meta-sq-9543523008750-40656420798702.jpg?format=pjpg,"https://cdn.shopify.com/s/files/1/0667/0961/8926/files/meta-sq-add-fe959acc0f71.jpg?format=pjpg,https://cdn.shopify.com/s/files/1/0667/0961/8926/files/meta-sq-add-c68ba834a181.jpg?format=pjpg,https://cdn.shopify.com/s/files/1/0667/0961/8926/files/meta-sq-add-c58e660b433e.jpg?format=pjpg,https://cdn.shopify.com/s/files/1/0667/0961/8926/files/meta-sq-add-8061d2fdf40b.jpg?format=pjpg,https://cdn.shopify.com/s/files/1/0667/0961/8926/files/meta-sq-add-a664b1da605e.jpg?format=pjpg",Conjunto de compressão com manguito para qualquer treino.,vimm_feed
49668908581102,https://cdn.shopify.com/s/files/1/0667/0961/8926/files/meta-sq-9543523008750-40656420798702.jpg?format=pjpg,"https://cdn.shopify.com/s/files/1/0667/0961/8926/files/meta-sq-add-fe959acc0f71.jpg?format=pjpg,https://cdn.shopify.com/s/files/1/0667/0961/8926/files/meta-sq-add-c68ba834a181.jpg?format=pjpg,https://cdn.shopify.com/s/files/1/0667/0961/8926/files/meta-sq-add-c58e660b433e.jpg?format=pjpg,https://cdn.shopify.com/s/files/1/0667/0961/8926/files/meta-sq-add-8061d2fdf40b.jpg?format=pjpg,https://cdn.shopify.com/s/files/1/0667/0961/8926/files/meta-sq-add-a664b1da605e.jpg?format=pjpg",Conjunto de compressão com manguito para qualquer treino.,vimm_feed
49668908613870,https://cdn.shopify.com/s/files/1/0667/0961/8926/files/meta-sq-9543523008750-40656420798702.jpg?format=pjpg,"https://cdn.shopify.com/s/files/1/0667/0961/8926/files/meta-sq-add-fe959acc0f71.jpg?format=pjpg,https://cdn.shopify.com/s/files/1/0667/0961/8926/files/meta-sq-add-c68ba834a181.jpg?format=pjpg,https://cdn.shopify.com/s/files/1/0667/0961/8926/files/meta-sq-add-c58e660b433e.jpg?format=pjpg,https://cdn.shopify.com/s/files/1/0667/0961/8926/files/meta-sq-add-8061d2fdf40b.jpg?format=pjpg,https://cdn.shopify.com/s/files/1/0667/0961/8926/files/meta-sq-add-a664b1da605e.jpg?format=pjpg",Conjunto de compressão com manguito para qualquer treino.,vimm_feed
49668908646638,https://cdn.shopify.com/s/files/1/0667/0961/8926/files/meta-sq-9543523008750-40656420798702.jpg?format=pjpg,"https://cdn.shopify.com/s/files/1/0667/0961/8926/files/meta-sq-add-fe959acc0f71.jpg?format=pjpg,https://cdn.shopify.com/s/files/1/0667/0961/8926/files/meta-sq-add-c68ba834a181.jpg?format=pjpg,https://cdn.shopify.com/s/files/1/0667/0961/8926/files/meta-sq-add-c58e660b433e.jpg?format=pjpg,https://cdn.shopify.com/s/files/1/0667/0961/8926/files/meta-sq-add-8061d2fdf40b.jpg?format=pjpg,https://cdn.shopify.com/s/files/1/0667/0961/8926/files/meta-sq-add-a664b1da605e.jpg?format=pjpg",Conjunto de compressão com manguito para qualquer treino.,vimm_feed
49668908679406,https://cdn.shopify.com/s/files/1/0667/0961/8926/files/meta-sq-9543523008750-40656420798702.jpg?format=pjpg,"https://cdn.shopify.com/s/files/1/0667/0961/8926/files/meta-sq-add-fe959acc0f71.jpg?format=pjpg,https://cdn.shopify.com/s/files/1/0667/0961/8926/files/meta-sq-add-c68ba834a181.jpg?format=pjpg,https://cdn.shopify.com/s/files/1/0667/0961/8926/files/meta-sq-add-c58e660b433e.jpg?format=pjpg,https://cdn.shopify.com/s/files/1/0667/0961/8926/files/meta-sq-add-8061d2fdf40b.jpg?format=pjpg,https://cdn.shopify.com/s/files/1/0667/0961/8926/files/meta-sq-add-a664b1da605e.jpg?format=pjpg",Conjunto de compressão com manguito para qualquer treino.,vimm_feed
49668908712174,https://cdn.shopify.com/s/files/1/0667/0961/8926/files/meta-sq-9543523008750-40656420798702.jpg?format=pjpg,"https://cdn.shopify.com/s/files/1/0667/0961/8926/files/meta-sq-add-fe959acc0f71.jpg?format=pjpg,https://cdn.shopify.com/s/files/1/0667/0961/8926/files/meta-sq-add-c68ba834a181.jpg?format=pjpg,https://cdn.shopify.com/s/files/1/0667/0961/8926/files/meta-sq-add-c58e660b433e.jpg?format=pjpg,https://cdn.shopify.com/s/files/1/0667/0961/8926/files/meta-sq-add-8061d2fdf40b.jpg?format=pjpg,https://cdn.shopify.com/s/files/1/0667/0961/8926/files/meta-sq-add-a664b1da605e.jpg?format=pjpg",Conjunto de compressão com manguito para qualquer treino.,vimm_feed
49668908744942,https://cdn.shopify.com/s/files/1/0667/0961/8926/files/meta-sq-9543523008750-40656420798702.jpg?format=pjpg,"https://cdn.shopify.com/s/files/1/0667/0961/8926/files/meta-sq-add-fe959acc0f71.jpg?format=pjpg,https://cdn.shopify.com/s/files/1/0667/0961/8926/files/meta-sq-add-c68ba834a181.jpg?format=pjpg,https://cdn.shopify.com/s/files/1/0667/0961/8926/files/meta-sq-add-c58e660b433e.jpg?format=pjpg,https://cdn.shopify.com/s/files/1/0667/0961/8926/files/meta-sq-add-8061d2fdf40b.jpg?format=pjpg,https://cdn.shopify.com/s/files/1/0667/0961/8926/files/meta-sq-add-a664b1da605e.jpg?format=pjpg",Conjunto de compressão com manguito para qualquer treino.,vimm_feed
49668908777710,https://cdn.shopify.com/s/files/1/0667/0961/8926/files/meta-sq-9543523008750-40656420798702.jpg?format=pjpg,"https://cdn.shopify.com/s/files/1/0667/0961/8926/files/meta-sq-add-fe959acc0f71.jpg?format=pjpg,https://cdn.shopify.com/s/files/1/0667/0961/8926/files/meta-sq-add-c68ba834a181.jpg?format=pjpg,https://cdn.shopify.com/s/files/1/0667/0961/8926/files/meta-sq-add-c58e660b433e.jpg?format=pjpg,https://cdn.shopify.com/s/files/1/0667/0961/8926/files/meta-sq-add-8061d2fdf40b.jpg?format=pjpg,https://cdn.shopify.com/s/files/1/0667/0961/8926/files/meta-sq-add-a664b1da605e.jpg?format=pjpg",Conjunto de compressão com manguito para qualquer treino.,vimm_feed
49668908810478,https://cdn.shopify.com/s/files/1/0667/0961/8926/files/meta-sq-9543523008750-40656420798702.jpg?format=pjpg,"https://cdn.shopify.com/s/files/1/0667/0961/8926/files/meta-sq-add-fe959acc0f71.jpg?format=pjpg,https://cdn.shopify.com/s/files/1/0667/0961/8926/files/meta-sq-add-c68ba834a181.jpg?format=pjpg,https://cdn.shopify.com/s/files/1/0667/0961/8926/files/meta-sq-add-c58e660b433e.jpg?format=pjpg,https://cdn.shopify.com/s/files/1/0667/0961/8926/files/meta-sq-add-8061d2fdf40b.jpg?format=pjpg,https://cdn.shopify.com/s/files/1/0667/0961/8926/files/meta-sq-add-a664b1da605e.jpg?format=pjpg",Conjunto de compressão com manguito para qualquer treino.,vimm_feed
49668908843246,https://cdn.shopify.com/s/files/1/0667/0961/8926/files/meta-sq-9543523008750-40656420798702.jpg?format=pjpg,"https://cdn.shopify.com/s/files/1/0667/0961/8926/files/meta-sq-add-fe959acc0f71.jpg?format=pjpg,https://cdn.shopify.com/s/files/1/0667/0961/8926/files/meta-sq-add-c68ba834a181.jpg?format=pjpg,https://cdn.shopify.com/s/files/1/0667/0961/8926/files/meta-sq-add-c58e660b433e.jpg?format=pjpg,https://cdn.shopify.com/s/files/1/0667/0961/8926/files/meta-sq-add-8061d2fdf40b.jpg?format=pjpg,https://cdn.shopify.com/s/files/1/0667/0961/8926/files/meta-sq-add-a664b1da605e.jpg?format=pjpg",Conjunto de compressão com manguito para qualquer treino.,vimm_feed
49668908876014,https://cdn.shopify.com/s/files/1/0667/0961/8926/files/meta-sq-9543523008750-40656420798702.jpg?format=pjpg,"https://cdn.shopify.com/s/files/1/0667/0961/8926/files/meta-sq-add-fe959acc0f71.jpg?format=pjpg,https://cdn.shopify.com/s/files/1/0667/0961/8926/files/meta-sq-add-c68ba834a181.jpg?format=pjpg,https://cdn.shopify.com/s/files/1/0667/0961/8926/files/meta-sq-add-c58e660b433e.jpg?format=pjpg,https://cdn.shopify.com/s/files/1/0667/0961/8926/files/meta-sq-add-8061d2fdf40b.jpg?format=pjpg,https://cdn.shopify.com/s/files/1/0667/0961/8926/files/meta-sq-add-a664b1da605e.jpg?format=pjpg",Conjunto de compressão com manguito para qualquer treino.,vimm_feed
49668908908782,https://cdn.shopify.com/s/files/1/0667/0961/8926/files/meta-sq-9543523008750-40656420798702.jpg?format=pjpg,"https://cdn.shopify.com/s/files/1/0667/0961/8926/files/meta-sq-add-fe959acc0f71.jpg?format=pjpg,https://cdn.shopify.com/s/files/1/0667/0961/8926/files/meta-sq-add-c68ba834a181.jpg?format=pjpg,https://cdn.shopify.com/s/files/1/0667/0961/8926/files/meta-sq-add-c58e660b433e.jpg?format=pjpg,https://cdn.shopify.com/s/files/1/0667/0961/8926/files/meta-sq-add-8061d2fdf40b.jpg?format=pjpg,https://cdn.shopify.com/s/files/1/0667/0961/8926/files/meta-sq-add-a664b1da605e.jpg?format=pjpg",Conjunto de compressão com manguito para qualquer treino.,vimm_feed
49668908941550,https://cdn.shopify.com/s/files/1/0667/0961/8926/files/meta-sq-9543523008750-40656420798702.jpg?format=pjpg,"https://cdn.shopify.com/s/files/1/0667/0961/8926/files/meta-sq-add-fe959acc0f71.jpg?format=pjpg,https://cdn.shopify.com/s/files/1/0667/0961/8926/files/meta-sq-add-c68ba834a181.jpg?format=pjpg,https://cdn.shopify.com/s/files/1/0667/0961/8926/files/meta-sq-add-c58e660b433e.jpg?format=pjpg,https://cdn.shopify.com/s/files/1/0667/0961/8926/files/meta-sq-add-8061d2fdf40b.jpg?format=pjpg,https://cdn.shopify.com/s/files/1/0667/0961/8926/files/meta-sq-add-a664b1da605e.jpg?format=pjpg",Conjunto de compressão com manguito para qualquer treino.,vimm_feed
49668908974318,https://cdn.shopify.com/s/files/1/0667/0961/8926/files/meta-sq-9543523008750-40656420798702.jpg?format=pjpg,"https://cdn.shopify.com/s/files/1/0667/0961/8926/files/meta-sq-add-fe959acc0f71.jpg?format=pjpg,https://cdn.shopify.com/s/files/1/0667/0961/8926/files/meta-sq-add-c68ba834a181.jpg?format=pjpg,https://cdn.shopify.com/s/files/1/0667/0961/8926/files/meta-sq-add-c58e660b433e.jpg?format=pjpg,https://cdn.shopify.com/s/files/1/0667/0961/8926/files/meta-sq-add-8061d2fdf40b.jpg?format=pjpg,https://cdn.shopify.com/s/files/1/0667/0961/8926/files/meta-sq-add-a664b1da605e.jpg?format=pjpg",Conjunto de compressão com manguito para qualquer treino.,vimm_feed
49668909007086,https://cdn.shopify.com/s/files/1/0667/0961/8926/files/meta-sq-9543523008750-40656420798702.jpg?format=pjpg,"https://cdn.shopify.com/s/files/1/0667/0961/8926/files/meta-sq-add-fe959acc0f71.jpg?format=pjpg,https://cdn.shopify.com/s/files/1/0667/0961/8926/files/meta-sq-add-c68ba834a181.jpg?format=pjpg,https://cdn.shopify.com/s/files/1/0667/0961/8926/files/meta-sq-add-c58e660b433e.jpg?format=pjpg,https://cdn.shopify.com/s/files/1/0667/0961/8926/files/meta-sq-add-8061d2fdf40b.jpg?format=pjpg,https://cdn.shopify.com/s/files/1/0667/0961/8926/files/meta-sq-add-a664b1da605e.jpg?format=pjpg",Conjunto de compressão com manguito para qualquer treino.,vimm_feed
49668909039854,https://cdn.shopify.com/s/files/1/0667/0961/8926/files/meta-sq-9543523008750-40656420798702.jpg?format=pjpg,"https://cdn.shopify.com/s/files/1/0667/0961/8926/files/meta-sq-add-fe959acc0f71.jpg?format=pjpg,https://cdn.shopify.com/s/files/1/0667/0961/8926/files/meta-sq-add-c68ba834a181.jpg?format=pjpg,https://cdn.shopify.com/s/files/1/0667/0961/8926/files/meta-sq-add-c58e660b433e.jpg?format=pjpg,https://cdn.shopify.com/s/files/1/0667/0961/8926/files/meta-sq-add-8061d2fdf40b.jpg?format=pjpg,https://cdn.shopify.com/s/files/1/0667/0961/8926/files/meta-sq-add-a664b1da605e.jpg?format=pjpg",Conjunto de compressão com manguito para qualquer treino.,vimm_feed
49668909072622,https://cdn.shopify.com/s/files/1/0667/0961/8926/files/meta-sq-9543523008750-40656420798702.jpg?format=pjpg,"https://cdn.shopify.com/s/files/1/0667/0961/8926/files/meta-sq-add-fe959acc0f71.jpg?format=pjpg,https://cdn.shopify.com/s/files/1/0667/0961/8926/files/meta-sq-add-c68ba834a181.jpg?format=pjpg,https://cdn.shopify.com/s/files/1/0667/0961/8926/files/meta-sq-add-c58e660b433e.jpg?format=pjpg,https://cdn.shopify.com/s/files/1/0667/0961/8926/files/meta-sq-add-8061d2fdf40b.jpg?format=pjpg,https://cdn.shopify.com/s/files/1/0667/0961/8926/files/meta-sq-add-a664b1da605e.jpg?format=pjpg",Conjunto de compressão com manguito para qualquer treino.,vimm_feed
49668909105390,https://cdn.shopify.com/s/files/1/0667/0961/8926/files/meta-sq-9543523008750-40656420798702.jpg?format=pjpg,"https://cdn.shopify.com/s/files/1/0667/0961/8926/files/meta-sq-add-fe959acc0f71.jpg?format=pjpg,https://cdn.shopify.com/s/files/1/0667/0961/8926/files/meta-sq-add-c68ba834a181.jpg?format=pjpg,https://cdn.shopify.com/s/files/1/0667/0961/8926/files/meta-sq-add-c58e660b433e.jpg?format=pjpg,https://cdn.shopify.com/s/files/1/0667/0961/8926/files/meta-sq-add-8061d2fdf40b.jpg?format=pjpg,https://cdn.shopify.com/s/files/1/0667/0961/8926/files/meta-sq-add-a664b1da605e.jpg?format=pjpg",Conjunto de compressão com manguito para qualquer treino.,vimm_feed
49668909138158,https://cdn.shopify.com/s/files/1/0667/0961/8926/files/meta-sq-9543523008750-40656420798702.jpg?format=pjpg,"https://cdn.shopify.com/s/files/1/0667/0961/8926/files/meta-sq-add-fe959acc0f71.jpg?format=pjpg,https://cdn.shopify.com/s/files/1/0667/0961/8926/files/meta-sq-add-c68ba834a181.jpg?format=pjpg,https://cdn.shopify.com/s/files/1/0667/0961/8926/files/meta-sq-add-c58e660b433e.jpg?format=pjpg,https://cdn.shopify.com/s/files/1/0667/0961/8926/files/meta-sq-add-8061d2fdf40b.jpg?format=pjpg,https://cdn.shopify.com/s/files/1/0667/0961/8926/files/meta-sq-add-a664b1da605e.jpg?format=pjpg",Conjunto de compressão com manguito para qualquer treino.,vimm_feed
49668909170926,https://cdn.shopify.com/s/files/1/0667/0961/8926/files/meta-sq-9543523008750-40656420798702.jpg?format=pjpg,"https://cdn.shopify.com/s/files/1/0667/0961/8926/files/meta-sq-add-fe959acc0f71.jpg?format=pjpg,https://cdn.shopify.com/s/files/1/0667/0961/8926/files/meta-sq-add-c68ba834a181.jpg?format=pjpg,https://cdn.shopify.com/s/files/1/0667/0961/8926/files/meta-sq-add-c58e660b433e.jpg?format=pjpg,https://cdn.shopify.com/s/files/1/0667/0961/8926/files/meta-sq-add-8061d2fdf40b.jpg?format=pjpg,https://cdn.shopify.com/s/files/1/0667/0961/8926/files/meta-sq-add-a664b1da605e.jpg?format=pjpg",Conjunto de compressão com manguito para qualquer treino.,vimm_feed
49668909203694,https://cdn.shopify.com/s/files/1/0667/0961/8926/files/meta-sq-9543523008750-40656420798702.jpg?format=pjpg,"https://cdn.shopify.com/s/files/1/0667/0961/8926/files/meta-sq-add-fe959acc0f71.jpg?format=pjpg,https://cdn.shopify.com/s/files/1/0667/0961/8926/files/meta-sq-add-c68ba834a181.jpg?format=pjpg,https://cdn.shopify.com/s/files/1/0667/0961/8926/files/meta-sq-add-c58e660b433e.jpg?format=pjpg,https://cdn.shopify.com/s/files/1/0667/0961/8926/files/meta-sq-add-8061d2fdf40b.jpg?format=pjpg,https://cdn.shopify.com/s/files/1/0667/0961/8926/files/meta-sq-add-a664b1da605e.jpg?format=pjpg",Conjunto de compressão com manguito para qualquer treino.,vimm_feed
49668909236462,https://cdn.shopify.com/s/files/1/0667/0961/8926/files/meta-sq-9543523008750-40656420798702.jpg?format=pjpg,"https://cdn.shopify.com/s/files/1/0667/0961/8926/files/meta-sq-add-fe959acc0f71.jpg?format=pjpg,https://cdn.shopify.com/s/files/1/0667/0961/8926/files/meta-sq-add-c68ba834a181.jpg?format=pjpg,https://cdn.shopify.com/s/files/1/0667/0961/8926/files/meta-sq-add-c58e660b433e.jpg?format=pjpg,https://cdn.shopify.com/s/files/1/0667/0961/8926/files/meta-sq-add-8061d2fdf40b.jpg?format=pjpg,https://cdn.shopify.com/s/files/1/0667/0961/8926/files/meta-sq-add-a664b1da605e.jpg?format=pjpg",Conjunto de compressão com manguito para qualquer treino.,vimm_feed
49668909269230,https://cdn.shopify.com/s/files/1/0667/0961/8926/files/meta-sq-9543523008750-40656420798702.jpg?format=pjpg,"https://cdn.shopify.com/s/files/1/0667/0961/8926/files/meta-sq-add-fe959acc0f71.jpg?format=pjpg,https://cdn.shopify.com/s/files/1/0667/0961/8926/files/meta-sq-add-c68ba834a181.jpg?format=pjpg,https://cdn.shopify.com/s/files/1/0667/0961/8926/files/meta-sq-add-c58e660b433e.jpg?format=pjpg,https://cdn.shopify.com/s/files/1/0667/0961/8926/files/meta-sq-add-8061d2fdf40b.jpg?format=pjpg,https://cdn.shopify.com/s/files/1/0667/0961/8926/files/meta-sq-add-a664b1da605e.jpg?format=pjpg",Conjunto de compressão com manguito para qualquer treino.,vimm_feed
49668909301998,https://cdn.shopify.com/s/files/1/0667/0961/8926/files/meta-sq-9543523008750-40656420798702.jpg?format=pjpg,"https://cdn.shopify.com/s/files/1/0667/0961/8926/files/meta-sq-add-fe959acc0f71.jpg?format=pjpg,https://cdn.shopify.com/s/files/1/0667/0961/8926/files/meta-sq-add-c68ba834a181.jpg?format=pjpg,https://cdn.shopify.com/s/files/1/0667/0961/8926/files/meta-sq-add-c58e660b433e.jpg?format=pjpg,https://cdn.shopify.com/s/files/1/0667/0961/8926/files/meta-sq-add-8061d2fdf40b.jpg?format=pjpg,https://cdn.shopify.com/s/files/1/0667/0961/8926/files/meta-sq-add-a664b1da605e.jpg?format=pjpg",Conjunto de compressão com manguito para qualquer treino.,vimm_feed
49668909334766,https://cdn.shopify.com/s/files/1/0667/0961/8926/files/meta-sq-9543523008750-40656420798702.jpg?format=pjpg,"https://cdn.shopify.com/s/files/1/0667/0961/8926/files/meta-sq-add-fe959acc0f71.jpg?format=pjpg,https://cdn.shopify.com/s/files/1/0667/0961/8926/files/meta-sq-add-c68ba834a181.jpg?format=pjpg,https://cdn.shopify.com/s/files/1/0667/0961/8926/files/meta-sq-add-c58e660b433e.jpg?format=pjpg,https://cdn.shopify.com/s/files/1/0667/0961/8926/files/meta-sq-add-8061d2fdf40b.jpg?format=pjpg,https://cdn.shopify.com/s/files/1/0667/0961/8926/files/meta-sq-add-a664b1da605e.jpg?format=pjpg",Conjunto de compressão com manguito para qualquer treino.,vimm_feed
49668909367534,https://cdn.shopify.com/s/files/1/0667/0961/8926/files/meta-sq-9543523008750-40656420798702.jpg?format=pjpg,"https://cdn.shopify.com/s/files/1/0667/0961/8926/files/meta-sq-add-fe959acc0f71.jpg?format=pjpg,https://cdn.shopify.com/s/files/1/0667/0961/8926/files/meta-sq-add-c68ba834a181.jpg?format=pjpg,https://cdn.shopify.com/s/files/1/0667/0961/8926/files/meta-sq-add-c58e660b433e.jpg?format=pjpg,https://cdn.shopify.com/s/files/1/0667/0961/8926/files/meta-sq-add-8061d2fdf40b.jpg?format=pjpg,https://cdn.shopify.com/s/files/1/0667/0961/8926/files/meta-sq-add-a664b1da605e.jpg?format=pjpg",Conjunto de compressão com manguito para qualquer treino.,vimm_feed
49668909400302,https://cdn.shopify.com/s/files/1/0667/0961/8926/files/meta-sq-9543523008750-40656420798702.jpg?format=pjpg,"https://cdn.shopify.com/s/files/1/0667/0961/8926/files/meta-sq-add-fe959acc0f71.jpg?format=pjpg,https://cdn.shopify.com/s/files/1/0667/0961/8926/files/meta-sq-add-c68ba834a181.jpg?format=pjpg,https://cdn.shopify.com/s/files/1/0667/0961/8926/files/meta-sq-add-c58e660b433e.jpg?format=pjpg,https://cdn.shopify.com/s/files/1/0667/0961/8926/files/meta-sq-add-8061d2fdf40b.jpg?format=pjpg,https://cdn.shopify.com/s/files/1/0667/0961/8926/files/meta-sq-add-a664b1da605e.jpg?format=pjpg",Conjunto de compressão com manguito para qualquer treino.,vimm_feed
49668909433070,https://cdn.shopify.com/s/files/1/0667/0961/8926/files/meta-sq-9543523008750-40656420798702.jpg?format=pjpg,"https://cdn.shopify.com/s/files/1/0667/0961/8926/files/meta-sq-add-fe959acc0f71.jpg?format=pjpg,https://cdn.shopify.com/s/files/1/0667/0961/8926/files/meta-sq-add-c68ba834a181.jpg?format=pjpg,https://cdn.shopify.com/s/files/1/0667/0961/8926/files/meta-sq-add-c58e660b433e.jpg?format=pjpg,https://cdn.shopify.com/s/files/1/0667/0961/8926/files/meta-sq-add-8061d2fdf40b.jpg?format=pjpg,https://cdn.shopify.com/s/files/1/0667/0961/8926/files/meta-sq-add-a664b1da605e.jpg?format=pjpg",Conjunto de compressão com manguito para qualquer treino.,vimm_feed
49668909465838,https://cdn.shopify.com/s/files/1/0667/0961/8926/files/meta-sq-9543523008750-40656420798702.jpg?format=pjpg,"https://cdn.shopify.com/s/files/1/0667/0961/8926/files/meta-sq-add-fe959acc0f71.jpg?format=pjpg,https://cdn.shopify.com/s/files/1/0667/0961/8926/files/meta-sq-add-c68ba834a181.jpg?format=pjpg,https://cdn.shopify.com/s/files/1/0667/0961/8926/files/meta-sq-add-c58e660b433e.jpg?format=pjpg,https://cdn.shopify.com/s/files/1/0667/0961/8926/files/meta-sq-add-8061d2fdf40b.jpg?format=pjpg,https://cdn.shopify.com/s/files/1/0667/0961/8926/files/meta-sq-add-a664b1da605e.jpg?format=pjpg",Conjunto de compressão com manguito para qualquer treino.,vimm_feed
49668909498606,https://cdn.shopify.com/s/files/1/0667/0961/8926/files/meta-sq-9543523008750-40656420798702.jpg?format=pjpg,"https://cdn.shopify.com/s/files/1/0667/0961/8926/files/meta-sq-add-fe959acc0f71.jpg?format=pjpg,https://cdn.shopify.com/s/files/1/0667/0961/8926/files/meta-sq-add-c68ba834a181.jpg?format=pjpg,https://cdn.shopify.com/s/files/1/0667/0961/8926/files/meta-sq-add-c58e660b433e.jpg?format=pjpg,https://cdn.shopify.com/s/files/1/0667/0961/8926/files/meta-sq-add-8061d2fdf40b.jpg?format=pjpg,https://cdn.shopify.com/s/files/1/0667/0961/8926/files/meta-sq-add-a664b1da605e.jpg?format=pjpg",Conjunto de compressão com manguito para qualquer treino.,vimm_feed
49668909531374,https://cdn.shopify.com/s/files/1/0667/0961/8926/files/meta-sq-9543523008750-40656420798702.jpg?format=pjpg,"https://cdn.shopify.com/s/files/1/0667/0961/8926/files/meta-sq-add-fe959acc0f71.jpg?format=pjpg,https://cdn.shopify.com/s/files/1/0667/0961/8926/files/meta-sq-add-c68ba834a181.jpg?format=pjpg,https://cdn.shopify.com/s/files/1/0667/0961/8926/files/meta-sq-add-c58e660b433e.jpg?format=pjpg,https://cdn.shopify.com/s/files/1/0667/0961/8926/files/meta-sq-add-8061d2fdf40b.jpg?format=pjpg,https://cdn.shopify.com/s/files/1/0667/0961/8926/files/meta-sq-add-a664b1da605e.jpg?format=pjpg",Conjunto de compressão com manguito para qualquer treino.,vimm_feed
49668909564142,https://cdn.shopify.com/s/files/1/0667/0961/8926/files/meta-sq-9543523008750-40656420798702.jpg?format=pjpg,"https://cdn.shopify.com/s/files/1/0667/0961/8926/files/meta-sq-add-fe959acc0f71.jpg?format=pjpg,https://cdn.shopify.com/s/files/1/0667/0961/8926/files/meta-sq-add-c68ba834a181.jpg?format=pjpg,https://cdn.shopify.com/s/files/1/0667/0961/8926/files/meta-sq-add-c58e660b433e.jpg?format=pjpg,https://cdn.shopify.com/s/files/1/0667/0961/8926/files/meta-sq-add-8061d2fdf40b.jpg?format=pjpg,https://cdn.shopify.com/s/files/1/0667/0961/8926/files/meta-sq-add-a664b1da605e.jpg?format=pjpg",Conjunto de compressão com manguito para qualquer treino.,vimm_feed
49668909596910,https://cdn.shopify.com/s/files/1/0667/0961/8926/files/meta-sq-9543523008750-40656420798702.jpg?format=pjpg,"https://cdn.shopify.com/s/files/1/0667/0961/8926/files/meta-sq-add-fe959acc0f71.jpg?format=pjpg,https://cdn.shopify.com/s/files/1/0667/0961/8926/files/meta-sq-add-c68ba834a181.jpg?format=pjpg,https://cdn.shopify.com/s/files/1/0667/0961/8926/files/meta-sq-add-c58e660b433e.jpg?format=pjpg,https://cdn.shopify.com/s/files/1/0667/0961/8926/files/meta-sq-add-8061d2fdf40b.jpg?format=pjpg,https://cdn.shopify.com/s/files/1/0667/0961/8926/files/meta-sq-add-a664b1da605e.jpg?format=pjpg",Conjunto de compressão com manguito para qualquer treino.,vimm_feed
49668909629678,https://cdn.shopify.com/s/files/1/0667/0961/8926/files/meta-sq-9543523008750-40656420798702.jpg?format=pjpg,"https://cdn.shopify.com/s/files/1/0667/0961/8926/files/meta-sq-add-fe959acc0f71.jpg?format=pjpg,https://cdn.shopify.com/s/files/1/0667/0961/8926/files/meta-sq-add-c68ba834a181.jpg?format=pjpg,https://cdn.shopify.com/s/files/1/0667/0961/8926/files/meta-sq-add-c58e660b433e.jpg?format=pjpg,https://cdn.shopify.com/s/files/1/0667/0961/8926/files/meta-sq-add-8061d2fdf40b.jpg?format=pjpg,https://cdn.shopify.com/s/files/1/0667/0961/8926/files/meta-sq-add-a664b1da605e.jpg?format=pjpg",Conjunto de compressão com manguito para qualquer treino.,vimm_feed
49668909662446,https://cdn.shopify.com/s/files/1/0667/0961/8926/files/meta-sq-9543523008750-40656420798702.jpg?format=pjpg,"https://cdn.shopify.com/s/files/1/0667/0961/8926/files/meta-sq-add-fe959acc0f71.jpg?format=pjpg,https://cdn.shopify.com/s/files/1/0667/0961/8926/files/meta-sq-add-c68ba834a181.jpg?format=pjpg,https://cdn.shopify.com/s/files/1/0667/0961/8926/files/meta-sq-add-c58e660b433e.jpg?format=pjpg,https://cdn.shopify.com/s/files/1/0667/0961/8926/files/meta-sq-add-8061d2fdf40b.jpg?format=pjpg,https://cdn.shopify.com/s/files/1/0667/0961/8926/files/meta-sq-add-a664b1da605e.jpg?format=pjpg",Conjunto de compressão com manguito para qualquer treino.,vimm_feed
49668909695214,https://cdn.shopify.com/s/files/1/0667/0961/8926/files/meta-sq-9543523008750-40656420798702.jpg?format=pjpg,"https://cdn.shopify.com/s/files/1/0667/0961/8926/files/meta-sq-add-fe959acc0f71.jpg?format=pjpg,https://cdn.shopify.com/s/files/1/0667/0961/8926/files/meta-sq-add-c68ba834a181.jpg?format=pjpg,https://cdn.shopify.com/s/files/1/0667/0961/8926/files/meta-sq-add-c58e660b433e.jpg?format=pjpg,https://cdn.shopify.com/s/files/1/0667/0961/8926/files/meta-sq-add-8061d2fdf40b.jpg?format=pjpg,https://cdn.shopify.com/s/files/1/0667/0961/8926/files/meta-sq-add-a664b1da605e.jpg?format=pjpg",Conjunto de compressão com manguito para qualquer treino.,vimm_feed
49668909727982,https://cdn.shopify.com/s/files/1/0667/0961/8926/files/meta-sq-9543523008750-40656420798702.jpg?format=pjpg,"https://cdn.shopify.com/s/files/1/0667/0961/8926/files/meta-sq-add-fe959acc0f71.jpg?format=pjpg,https://cdn.shopify.com/s/files/1/0667/0961/8926/files/meta-sq-add-c68ba834a181.jpg?format=pjpg,https://cdn.shopify.com/s/files/1/0667/0961/8926/files/meta-sq-add-c58e660b433e.jpg?format=pjpg,https://cdn.shopify.com/s/files/1/0667/0961/8926/files/meta-sq-add-8061d2fdf40b.jpg?format=pjpg,https://cdn.shopify.com/s/files/1/0667/0961/8926/files/meta-sq-add-a664b1da605e.jpg?format=pjpg",Conjunto de compressão com manguito para qualquer treino.,vimm_feed
49668909760750,https://cdn.shopify.com/s/files/1/0667/0961/8926/files/meta-sq-9543523008750-40656420798702.jpg?format=pjpg,"https://cdn.shopify.com/s/files/1/0667/0961/8926/files/meta-sq-add-fe959acc0f71.jpg?format=pjpg,https://cdn.shopify.com/s/files/1/0667/0961/8926/files/meta-sq-add-c68ba834a181.jpg?format=pjpg,https://cdn.shopify.com/s/files/1/0667/0961/8926/files/meta-sq-add-c58e660b433e.jpg?format=pjpg,https://cdn.shopify.com/s/files/1/0667/0961/8926/files/meta-sq-add-8061d2fdf40b.jpg?format=pjpg,https://cdn.shopify.com/s/files/1/0667/0961/8926/files/meta-sq-add-a664b1da605e.jpg?format=pjpg",Conjunto de compressão com manguito para qualquer treino.,vimm_feed
49668909793518,https://cdn.shopify.com/s/files/1/0667/0961/8926/files/meta-sq-9543523008750-40656420798702.jpg?format=pjpg,"https://cdn.shopify.com/s/files/1/0667/0961/8926/files/meta-sq-add-fe959acc0f71.jpg?format=pjpg,https://cdn.shopify.com/s/files/1/0667/0961/8926/files/meta-sq-add-c68ba834a181.jpg?format=pjpg,https://cdn.shopify.com/s/files/1/0667/0961/8926/files/meta-sq-add-c58e660b433e.jpg?format=pjpg,https://cdn.shopify.com/s/files/1/0667/0961/8926/files/meta-sq-add-8061d2fdf40b.jpg?format=pjpg,https://cdn.shopify.com/s/files/1/0667/0961/8926/files/meta-sq-add-a664b1da605e.jpg?format=pjpg",Conjunto de compressão com manguito para qualquer treino.,vimm_feed
49668909826286,https://cdn.shopify.com/s/files/1/0667/0961/8926/files/meta-sq-9543523008750-40656420798702.jpg?format=pjpg,"https://cdn.shopify.com/s/files/1/0667/0961/8926/files/meta-sq-add-fe959acc0f71.jpg?format=pjpg,https://cdn.shopify.com/s/files/1/0667/0961/8926/files/meta-sq-add-c68ba834a181.jpg?format=pjpg,https://cdn.shopify.com/s/files/1/0667/0961/8926/files/meta-sq-add-c58e660b433e.jpg?format=pjpg,https://cdn.shopify.com/s/files/1/0667/0961/8926/files/meta-sq-add-8061d2fdf40b.jpg?format=pjpg,https://cdn.shopify.com/s/files/1/0667/0961/8926/files/meta-sq-add-a664b1da605e.jpg?format=pjpg",Conjunto de compressão com manguito para qualquer treino.,vimm_feed
49668909859054,https://cdn.shopify.com/s/files/1/0667/0961/8926/files/meta-sq-9543523008750-40656420798702.jpg?format=pjpg,"https://cdn.shopify.com/s/files/1/0667/0961/8926/files/meta-sq-add-fe959acc0f71.jpg?format=pjpg,https://cdn.shopify.com/s/files/1/0667/0961/8926/files/meta-sq-add-c68ba834a181.jpg?format=pjpg,https://cdn.shopify.com/s/files/1/0667/0961/8926/files/meta-sq-add-c58e660b433e.jpg?format=pjpg,https://cdn.shopify.com/s/files/1/0667/0961/8926/files/meta-sq-add-8061d2fdf40b.jpg?format=pjpg,https://cdn.shopify.com/s/files/1/0667/0961/8926/files/meta-sq-add-a664b1da605e.jpg?format=pjpg",Conjunto de compressão com manguito para qualquer treino.,vimm_feed
49668909891822,https://cdn.shopify.com/s/files/1/0667/0961/8926/files/meta-sq-9543523008750-40656420798702.jpg?format=pjpg,"https://cdn.shopify.com/s/files/1/0667/0961/8926/files/meta-sq-add-fe959acc0f71.jpg?format=pjpg,https://cdn.shopify.com/s/files/1/0667/0961/8926/files/meta-sq-add-c68ba834a181.jpg?format=pjpg,https://cdn.shopify.com/s/files/1/0667/0961/8926/files/meta-sq-add-c58e660b433e.jpg?format=pjpg,https://cdn.shopify.com/s/files/1/0667/0961/8926/files/meta-sq-add-8061d2fdf40b.jpg?format=pjpg,https://cdn.shopify.com/s/files/1/0667/0961/8926/files/meta-sq-add-a664b1da605e.jpg?format=pjpg",Conjunto de compressão com manguito para qualquer treino.,vimm_feed
49668909924590,https://cdn.shopify.com/s/files/1/0667/0961/8926/files/meta-sq-9543523008750-40656420798702.jpg?format=pjpg,"https://cdn.shopify.com/s/files/1/0667/0961/8926/files/meta-sq-add-fe959acc0f71.jpg?format=pjpg,https://cdn.shopify.com/s/files/1/0667/0961/8926/files/meta-sq-add-c68ba834a181.jpg?format=pjpg,https://cdn.shopify.com/s/files/1/0667/0961/8926/files/meta-sq-add-c58e660b433e.jpg?format=pjpg,https://cdn.shopify.com/s/files/1/0667/0961/8926/files/meta-sq-add-8061d2fdf40b.jpg?format=pjpg,https://cdn.shopify.com/s/files/1/0667/0961/8926/files/meta-sq-add-a664b1da605e.jpg?format=pjpg",Conjunto de compressão com manguito para qualquer treino.,vimm_feed
49668909957358,https://cdn.shopify.com/s/files/1/0667/0961/8926/files/meta-sq-9543523008750-40656420798702.jpg?format=pjpg,"https://cdn.shopify.com/s/files/1/0667/0961/8926/files/meta-sq-add-fe959acc0f71.jpg?format=pjpg,https://cdn.shopify.com/s/files/1/0667/0961/8926/files/meta-sq-add-c68ba834a181.jpg?format=pjpg,https://cdn.shopify.com/s/files/1/0667/0961/8926/files/meta-sq-add-c58e660b433e.jpg?format=pjpg,https://cdn.shopify.com/s/files/1/0667/0961/8926/files/meta-sq-add-8061d2fdf40b.jpg?format=pjpg,https://cdn.shopify.com/s/files/1/0667/0961/8926/files/meta-sq-add-a664b1da605e.jpg?format=pjpg",Conjunto de compressão com manguito para qualquer treino.,vimm_feed
49668909990126,https://cdn.shopify.com/s/files/1/0667/0961/8926/files/meta-sq-9543523008750-40656420798702.jpg?format=pjpg,"https://cdn.shopify.com/s/files/1/0667/0961/8926/files/meta-sq-add-fe959acc0f71.jpg?format=pjpg,https://cdn.shopify.com/s/files/1/0667/0961/8926/files/meta-sq-add-c68ba834a181.jpg?format=pjpg,https://cdn.shopify.com/s/files/1/0667/0961/8926/files/meta-sq-add-c58e660b433e.jpg?format=pjpg,https://cdn.shopify.com/s/files/1/0667/0961/8926/files/meta-sq-add-8061d2fdf40b.jpg?format=pjpg,https://cdn.shopify.com/s/files/1/0667/0961/8926/files/meta-sq-add-a664b1da605e.jpg?format=pjpg",Conjunto de compressão com manguito para qualquer treino.,vimm_feed
49668910022894,https://cdn.shopify.com/s/files/1/0667/0961/8926/files/meta-sq-9543523008750-40656420798702.jpg?format=pjpg,"https://cdn.shopify.com/s/files/1/0667/0961/8926/files/meta-sq-add-fe959acc0f71.jpg?format=pjpg,https://cdn.shopify.com/s/files/1/0667/0961/8926/files/meta-sq-add-c68ba834a181.jpg?format=pjpg,https://cdn.shopify.com/s/files/1/0667/0961/8926/files/meta-sq-add-c58e660b433e.jpg?format=pjpg,https://cdn.shopify.com/s/files/1/0667/0961/8926/files/meta-sq-add-8061d2fdf40b.jpg?format=pjpg,https://cdn.shopify.com/s/files/1/0667/0961/8926/files/meta-sq-add-a664b1da605e.jpg?format=pjpg",Conjunto de compressão com manguito para qualquer treino.,vimm_feed
49668910055662,https://cdn.shopify.com/s/files/1/0667/0961/8926/files/meta-sq-9543523008750-40656420798702.jpg?format=pjpg,"https://cdn.shopify.com/s/files/1/0667/0961/8926/files/meta-sq-add-fe959acc0f71.jpg?format=pjpg,https://cdn.shopify.com/s/files/1/0667/0961/8926/files/meta-sq-add-c68ba834a181.jpg?format=pjpg,https://cdn.shopify.com/s/files/1/0667/0961/8926/files/meta-sq-add-c58e660b433e.jpg?format=pjpg,https://cdn.shopify.com/s/files/1/0667/0961/8926/files/meta-sq-add-8061d2fdf40b.jpg?format=pjpg,https://cdn.shopify.com/s/files/1/0667/0961/8926/files/meta-sq-add-a664b1da605e.jpg?format=pjpg",Conjunto de compressão com manguito para qualquer treino.,vimm_feed
49668910088430,https://cdn.shopify.com/s/files/1/0667/0961/8926/files/meta-sq-9543523008750-40656420798702.jpg?format=pjpg,"https://cdn.shopify.com/s/files/1/0667/0961/8926/files/meta-sq-add-fe959acc0f71.jpg?format=pjpg,https://cdn.shopify.com/s/files/1/0667/0961/8926/files/meta-sq-add-c68ba834a181.jpg?format=pjpg,https://cdn.shopify.com/s/files/1/0667/0961/8926/files/meta-sq-add-c58e660b433e.jpg?format=pjpg,https://cdn.shopify.com/s/files/1/0667/0961/8926/files/meta-sq-add-8061d2fdf40b.jpg?format=pjpg,https://cdn.shopify.com/s/files/1/0667/0961/8926/files/meta-sq-add-a664b1da605e.jpg?format=pjpg",Conjunto de compressão com manguito para qualquer treino.,vimm_feed
49668910121198,https://cdn.shopify.com/s/files/1/0667/0961/8926/files/meta-sq-9543523008750-40656420798702.jpg?format=pjpg,"https://cdn.shopify.com/s/files/1/0667/0961/8926/files/meta-sq-add-fe959acc0f71.jpg?format=pjpg,https://cdn.shopify.com/s/files/1/0667/0961/8926/files/meta-sq-add-c68ba834a181.jpg?format=pjpg,https://cdn.shopify.com/s/files/1/0667/0961/8926/files/meta-sq-add-c58e660b433e.jpg?format=pjpg,https://cdn.shopify.com/s/files/1/0667/0961/8926/files/meta-sq-add-8061d2fdf40b.jpg?format=pjpg,https://cdn.shopify.com/s/files/1/0667/0961/8926/files/meta-sq-add-a664b1da605e.jpg?format=pjpg",Conjunto de compressão com manguito para qualquer treino.,vimm_feed
49668910153966,https://cdn.shopify.com/s/files/1/0667/0961/8926/files/meta-sq-9543523008750-40656420798702.jpg?format=pjpg,"https://cdn.shopify.com/s/files/1/0667/0961/8926/files/meta-sq-add-fe959acc0f71.jpg?format=pjpg,https://cdn.shopify.com/s/files/1/0667/0961/8926/files/meta-sq-add-c68ba834a181.jpg?format=pjpg,https://cdn.shopify.com/s/files/1/0667/0961/8926/files/meta-sq-add-c58e660b433e.jpg?format=pjpg,https://cdn.shopify.com/s/files/1/0667/0961/8926/files/meta-sq-add-8061d2fdf40b.jpg?format=pjpg,https://cdn.shopify.com/s/files/1/0667/0961/8926/files/meta-sq-add-a664b1da605e.jpg?format=pjpg",Conjunto de compressão com manguito para qualquer treino.,vimm_feed
49668910186734,https://cdn.shopify.com/s/files/1/0667/0961/8926/files/meta-sq-9543523008750-40656420798702.jpg?format=pjpg,"https://cdn.shopify.com/s/files/1/0667/0961/8926/files/meta-sq-add-fe959acc0f71.jpg?format=pjpg,https://cdn.shopify.com/s/files/1/0667/0961/8926/files/meta-sq-add-c68ba834a181.jpg?format=pjpg,https://cdn.shopify.com/s/files/1/0667/0961/8926/files/meta-sq-add-c58e660b433e.jpg?format=pjpg,https://cdn.shopify.com/s/files/1/0667/0961/8926/files/meta-sq-add-8061d2fdf40b.jpg?format=pjpg,https://cdn.shopify.com/s/files/1/0667/0961/8926/files/meta-sq-add-a664b1da605e.jpg?format=pjpg",Conjunto de compressão com manguito para qualquer treino.,vimm_feed
49668910219502,https://cdn.shopify.com/s/files/1/0667/0961/8926/files/meta-sq-9543523008750-40656420798702.jpg?format=pjpg,"https://cdn.shopify.com/s/files/1/0667/0961/8926/files/meta-sq-add-fe959acc0f71.jpg?format=pjpg,https://cdn.shopify.com/s/files/1/0667/0961/8926/files/meta-sq-add-c68ba834a181.jpg?format=pjpg,https://cdn.shopify.com/s/files/1/0667/0961/8926/files/meta-sq-add-c58e660b433e.jpg?format=pjpg,https://cdn.shopify.com/s/files/1/0667/0961/8926/files/meta-sq-add-8061d2fdf40b.jpg?format=pjpg,https://cdn.shopify.com/s/files/1/0667/0961/8926/files/meta-sq-add-a664b1da605e.jpg?format=pjpg",Conjunto de compressão com manguito para qualquer treino.,vimm_feed
49668910252270,https://cdn.shopify.com/s/files/1/0667/0961/8926/files/meta-sq-9543523008750-40656420798702.jpg?format=pjpg,"https://cdn.shopify.com/s/files/1/0667/0961/8926/files/meta-sq-add-fe959acc0f71.jpg?format=pjpg,https://cdn.shopify.com/s/files/1/0667/0961/8926/files/meta-sq-add-c68ba834a181.jpg?format=pjpg,https://cdn.shopify.com/s/files/1/0667/0961/8926/files/meta-sq-add-c58e660b433e.jpg?format=pjpg,https://cdn.shopify.com/s/files/1/0667/0961/8926/files/meta-sq-add-8061d2fdf40b.jpg?format=pjpg,https://cdn.shopify.com/s/files/1/0667/0961/8926/files/meta-sq-add-a664b1da605e.jpg?format=pjpg",Conjunto de compressão com manguito para qualquer treino.,vimm_feed
49668910285038,https://cdn.shopify.com/s/files/1/0667/0961/8926/files/meta-sq-9543523008750-40656420798702.jpg?format=pjpg,"https://cdn.shopify.com/s/files/1/0667/0961/8926/files/meta-sq-add-fe959acc0f71.jpg?format=pjpg,https://cdn.shopify.com/s/files/1/0667/0961/8926/files/meta-sq-add-c68ba834a181.jpg?format=pjpg,https://cdn.shopify.com/s/files/1/0667/0961/8926/files/meta-sq-add-c58e660b433e.jpg?format=pjpg,https://cdn.shopify.com/s/files/1/0667/0961/8926/files/meta-sq-add-8061d2fdf40b.jpg?format=pjpg,https://cdn.shopify.com/s/files/1/0667/0961/8926/files/meta-sq-add-a664b1da605e.jpg?format=pjpg",Conjunto de compressão com manguito para qualquer treino.,vimm_feed
49668910317806,https://cdn.shopify.com/s/files/1/0667/0961/8926/files/meta-sq-9543523008750-40656420798702.jpg?format=pjpg,"https://cdn.shopify.com/s/files/1/0667/0961/8926/files/meta-sq-add-fe959acc0f71.jpg?format=pjpg,https://cdn.shopify.com/s/files/1/0667/0961/8926/files/meta-sq-add-c68ba834a181.jpg?format=pjpg,https://cdn.shopify.com/s/files/1/0667/0961/8926/files/meta-sq-add-c58e660b433e.jpg?format=pjpg,https://cdn.shopify.com/s/files/1/0667/0961/8926/files/meta-sq-add-8061d2fdf40b.jpg?format=pjpg,https://cdn.shopify.com/s/files/1/0667/0961/8926/files/meta-sq-add-a664b1da605e.jpg?format=pjpg",Conjunto de compressão com manguito para qualquer treino.,vimm_feed
49668910350574,https://cdn.shopify.com/s/files/1/0667/0961/8926/files/meta-sq-9543523008750-40656420798702.jpg?format=pjpg,"https://cdn.shopify.com/s/files/1/0667/0961/8926/files/meta-sq-add-fe959acc0f71.jpg?format=pjpg,https://cdn.shopify.com/s/files/1/0667/0961/8926/files/meta-sq-add-c68ba834a181.jpg?format=pjpg,https://cdn.shopify.com/s/files/1/0667/0961/8926/files/meta-sq-add-c58e660b433e.jpg?format=pjpg,https://cdn.shopify.com/s/files/1/0667/0961/8926/files/meta-sq-add-8061d2fdf40b.jpg?format=pjpg,https://cdn.shopify.com/s/files/1/0667/0961/8926/files/meta-sq-add-a664b1da605e.jpg?format=pjpg",Conjunto de compressão com manguito para qualquer treino.,vimm_feed
49668910383342,https://cdn.shopify.com/s/files/1/0667/0961/8926/files/meta-sq-9543523008750-40656420798702.jpg?format=pjpg,"https://cdn.shopify.com/s/files/1/0667/0961/8926/files/meta-sq-add-fe959acc0f71.jpg?format=pjpg,https://cdn.shopify.com/s/files/1/0667/0961/8926/files/meta-sq-add-c68ba834a181.jpg?format=pjpg,https://cdn.shopify.com/s/files/1/0667/0961/8926/files/meta-sq-add-c58e660b433e.jpg?format=pjpg,https://cdn.shopify.com/s/files/1/0667/0961/8926/files/meta-sq-add-8061d2fdf40b.jpg?format=pjpg,https://cdn.shopify.com/s/files/1/0667/0961/8926/files/meta-sq-add-a664b1da605e.jpg?format=pjpg",Conjunto de compressão com manguito para qualquer treino.,vimm_feed
49668910416110,https://cdn.shopify.com/s/files/1/0667/0961/8926/files/meta-sq-9543523008750-40656420798702.jpg?format=pjpg,"https://cdn.shopify.com/s/files/1/0667/0961/8926/files/meta-sq-add-fe959acc0f71.jpg?format=pjpg,https://cdn.shopify.com/s/files/1/0667/0961/8926/files/meta-sq-add-c68ba834a181.jpg?format=pjpg,https://cdn.shopify.com/s/files/1/0667/0961/8926/files/meta-sq-add-c58e660b433e.jpg?format=pjpg,https://cdn.shopify.com/s/files/1/0667/0961/8926/files/meta-sq-add-8061d2fdf40b.jpg?format=pjpg,https://cdn.shopify.com/s/files/1/0667/0961/8926/files/meta-sq-add-a664b1da605e.jpg?format=pjpg",Conjunto de compressão com manguito para qualquer treino.,vimm_feed
49668910448878,https://cdn.shopify.com/s/files/1/0667/0961/8926/files/meta-sq-9543523008750-40656420798702.jpg?format=pjpg,"https://cdn.shopify.com/s/files/1/0667/0961/8926/files/meta-sq-add-fe959acc0f71.jpg?format=pjpg,https://cdn.shopify.com/s/files/1/0667/0961/8926/files/meta-sq-add-c68ba834a181.jpg?format=pjpg,https://cdn.shopify.com/s/files/1/0667/0961/8926/files/meta-sq-add-c58e660b433e.jpg?format=pjpg,https://cdn.shopify.com/s/files/1/0667/0961/8926/files/meta-sq-add-8061d2fdf40b.jpg?format=pjpg,https://cdn.shopify.com/s/files/1/0667/0961/8926/files/meta-sq-add-a664b1da605e.jpg?format=pjpg",Conjunto de compressão com manguito para qualquer treino.,vimm_feed
49668906549486,https://cdn.shopify.com/s/files/1/0667/0961/8926/files/meta-sq-9543522975982-40656423026926.jpg?format=pjpg,"https://cdn.shopify.com/s/files/1/0667/0961/8926/files/meta-sq-add-e7540203d3ce.jpg?format=pjpg,https://cdn.shopify.com/s/files/1/0667/0961/8926/files/meta-sq-add-a65bc6a942a7.jpg?format=pjpg,https://cdn.shopify.com/s/files/1/0667/0961/8926/files/meta-sq-add-4773cffebfc0.jpg?format=pjpg",Conjunto de compressão com manguito para qualquer treino.,vimm_feed
49668906582254,https://cdn.shopify.com/s/files/1/0667/0961/8926/files/meta-sq-9543522975982-40656423026926.jpg?format=pjpg,"https://cdn.shopify.com/s/files/1/0667/0961/8926/files/meta-sq-add-e7540203d3ce.jpg?format=pjpg,https://cdn.shopify.com/s/files/1/0667/0961/8926/files/meta-sq-add-a65bc6a942a7.jpg?format=pjpg,https://cdn.shopify.com/s/files/1/0667/0961/8926/files/meta-sq-add-4773cffebfc0.jpg?format=pjpg",Conjunto de compressão com manguito para qualquer treino.,vimm_feed
49668906615022,https://cdn.shopify.com/s/files/1/0667/0961/8926/files/meta-sq-9543522975982-40656423026926.jpg?format=pjpg,"https://cdn.shopify.com/s/files/1/0667/0961/8926/files/meta-sq-add-e7540203d3ce.jpg?format=pjpg,https://cdn.shopify.com/s/files/1/0667/0961/8926/files/meta-sq-add-a65bc6a942a7.jpg?format=pjpg,https://cdn.shopify.com/s/files/1/0667/0961/8926/files/meta-sq-add-4773cffebfc0.jpg?format=pjpg",Conjunto de compressão com manguito para qualquer treino.,vimm_feed
49668906647790,https://cdn.shopify.com/s/files/1/0667/0961/8926/files/meta-sq-9543522975982-40656423026926.jpg?format=pjpg,"https://cdn.shopify.com/s/files/1/0667/0961/8926/files/meta-sq-add-e7540203d3ce.jpg?format=pjpg,https://cdn.shopify.com/s/files/1/0667/0961/8926/files/meta-sq-add-a65bc6a942a7.jpg?format=pjpg,https://cdn.shopify.com/s/files/1/0667/0961/8926/files/meta-sq-add-4773cffebfc0.jpg?format=pjpg",Conjunto de compressão com manguito para qualquer treino.,vimm_feed
49668906680558,https://cdn.shopify.com/s/files/1/0667/0961/8926/files/meta-sq-9543522975982-40656423026926.jpg?format=pjpg,"https://cdn.shopify.com/s/files/1/0667/0961/8926/files/meta-sq-add-e7540203d3ce.jpg?format=pjpg,https://cdn.shopify.com/s/files/1/0667/0961/8926/files/meta-sq-add-a65bc6a942a7.jpg?format=pjpg,https://cdn.shopify.com/s/files/1/0667/0961/8926/files/meta-sq-add-4773cffebfc0.jpg?format=pjpg",Conjunto de compressão com manguito para qualquer treino.,vimm_feed
49668906713326,https://cdn.shopify.com/s/files/1/0667/0961/8926/files/meta-sq-9543522975982-40656423026926.jpg?format=pjpg,"https://cdn.shopify.com/s/files/1/0667/0961/8926/files/meta-sq-add-e7540203d3ce.jpg?format=pjpg,https://cdn.shopify.com/s/files/1/0667/0961/8926/files/meta-sq-add-a65bc6a942a7.jpg?format=pjpg,https://cdn.shopify.com/s/files/1/0667/0961/8926/files/meta-sq-add-4773cffebfc0.jpg?format=pjpg",Conjunto de compressão com manguito para qualquer treino.,vimm_feed
49668906746094,https://cdn.shopify.com/s/files/1/0667/0961/8926/files/meta-sq-9543522975982-40656423026926.jpg?format=pjpg,"https://cdn.shopify.com/s/files/1/0667/0961/8926/files/meta-sq-add-e7540203d3ce.jpg?format=pjpg,https://cdn.shopify.com/s/files/1/0667/0961/8926/files/meta-sq-add-a65bc6a942a7.jpg?format=pjpg,https://cdn.shopify.com/s/files/1/0667/0961/8926/files/meta-sq-add-4773cffebfc0.jpg?format=pjpg",Conjunto de compressão com manguito para qualquer treino.,vimm_feed
49668906778862,https://cdn.shopify.com/s/files/1/0667/0961/8926/files/meta-sq-9543522975982-40656423026926.jpg?format=pjpg,"https://cdn.shopify.com/s/files/1/0667/0961/8926/files/meta-sq-add-e7540203d3ce.jpg?format=pjpg,https://cdn.shopify.com/s/files/1/0667/0961/8926/files/meta-sq-add-a65bc6a942a7.jpg?format=pjpg,https://cdn.shopify.com/s/files/1/0667/0961/8926/files/meta-sq-add-4773cffebfc0.jpg?format=pjpg",Conjunto de compressão com manguito para qualquer treino.,vimm_feed
49668906811630,https://cdn.shopify.com/s/files/1/0667/0961/8926/files/meta-sq-9543522975982-40656423026926.jpg?format=pjpg,"https://cdn.shopify.com/s/files/1/0667/0961/8926/files/meta-sq-add-e7540203d3ce.jpg?format=pjpg,https://cdn.shopify.com/s/files/1/0667/0961/8926/files/meta-sq-add-a65bc6a942a7.jpg?format=pjpg,https://cdn.shopify.com/s/files/1/0667/0961/8926/files/meta-sq-add-4773cffebfc0.jpg?format=pjpg",Conjunto de compressão com manguito para qualquer treino.,vimm_feed
49668906844398,https://cdn.shopify.com/s/files/1/0667/0961/8926/files/meta-sq-9543522975982-40656423026926.jpg?format=pjpg,"https://cdn.shopify.com/s/files/1/0667/0961/8926/files/meta-sq-add-e7540203d3ce.jpg?format=pjpg,https://cdn.shopify.com/s/files/1/0667/0961/8926/files/meta-sq-add-a65bc6a942a7.jpg?format=pjpg,https://cdn.shopify.com/s/files/1/0667/0961/8926/files/meta-sq-add-4773cffebfc0.jpg?format=pjpg",Conjunto de compressão com manguito para qualquer treino.,vimm_feed
49668906877166,https://cdn.shopify.com/s/files/1/0667/0961/8926/files/meta-sq-9543522975982-40656423026926.jpg?format=pjpg,"https://cdn.shopify.com/s/files/1/0667/0961/8926/files/meta-sq-add-e7540203d3ce.jpg?format=pjpg,https://cdn.shopify.com/s/files/1/0667/0961/8926/files/meta-sq-add-a65bc6a942a7.jpg?format=pjpg,https://cdn.shopify.com/s/files/1/0667/0961/8926/files/meta-sq-add-4773cffebfc0.jpg?format=pjpg",Conjunto de compressão com manguito para qualquer treino.,vimm_feed
49668906909934,https://cdn.shopify.com/s/files/1/0667/0961/8926/files/meta-sq-9543522975982-40656423026926.jpg?format=pjpg,"https://cdn.shopify.com/s/files/1/0667/0961/8926/files/meta-sq-add-e7540203d3ce.jpg?format=pjpg,https://cdn.shopify.com/s/files/1/0667/0961/8926/files/meta-sq-add-a65bc6a942a7.jpg?format=pjpg,https://cdn.shopify.com/s/files/1/0667/0961/8926/files/meta-sq-add-4773cffebfc0.jpg?format=pjpg",Conjunto de compressão com manguito para qualquer treino.,vimm_feed
49668906942702,https://cdn.shopify.com/s/files/1/0667/0961/8926/files/meta-sq-9543522975982-40656423026926.jpg?format=pjpg,"https://cdn.shopify.com/s/files/1/0667/0961/8926/files/meta-sq-add-e7540203d3ce.jpg?format=pjpg,https://cdn.shopify.com/s/files/1/0667/0961/8926/files/meta-sq-add-a65bc6a942a7.jpg?format=pjpg,https://cdn.shopify.com/s/files/1/0667/0961/8926/files/meta-sq-add-4773cffebfc0.jpg?format=pjpg",Conjunto de compressão com manguito para qualquer treino.,vimm_feed
49668906975470,https://cdn.shopify.com/s/files/1/0667/0961/8926/files/meta-sq-9543522975982-40656423026926.jpg?format=pjpg,"https://cdn.shopify.com/s/files/1/0667/0961/8926/files/meta-sq-add-e7540203d3ce.jpg?format=pjpg,https://cdn.shopify.com/s/files/1/0667/0961/8926/files/meta-sq-add-a65bc6a942a7.jpg?format=pjpg,https://cdn.shopify.com/s/files/1/0667/0961/8926/files/meta-sq-add-4773cffebfc0.jpg?format=pjpg",Conjunto de compressão com manguito para qualquer treino.,vimm_feed
49668907008238,https://cdn.shopify.com/s/files/1/0667/0961/8926/files/meta-sq-9543522975982-40656423026926.jpg?format=pjpg,"https://cdn.shopify.com/s/files/1/0667/0961/8926/files/meta-sq-add-e7540203d3ce.jpg?format=pjpg,https://cdn.shopify.com/s/files/1/0667/0961/8926/files/meta-sq-add-a65bc6a942a7.jpg?format=pjpg,https://cdn.shopify.com/s/files/1/0667/0961/8926/files/meta-sq-add-4773cffebfc0.jpg?format=pjpg",Conjunto de compressão com manguito para qualquer treino.,vimm_feed
49668907041006,https://cdn.shopify.com/s/files/1/0667/0961/8926/files/meta-sq-9543522975982-40656423026926.jpg?format=pjpg,"https://cdn.shopify.com/s/files/1/0667/0961/8926/files/meta-sq-add-e7540203d3ce.jpg?format=pjpg,https://cdn.shopify.com/s/files/1/0667/0961/8926/files/meta-sq-add-a65bc6a942a7.jpg?format=pjpg,https://cdn.shopify.com/s/files/1/0667/0961/8926/files/meta-sq-add-4773cffebfc0.jpg?format=pjpg",Conjunto de compressão com manguito para qualquer treino.,vimm_feed
49668907073774,https://cdn.shopify.com/s/files/1/0667/0961/8926/files/meta-sq-9543522975982-40656423026926.jpg?format=pjpg,"https://cdn.shopify.com/s/files/1/0667/0961/8926/files/meta-sq-add-e7540203d3ce.jpg?format=pjpg,https://cdn.shopify.com/s/files/1/0667/0961/8926/files/meta-sq-add-a65bc6a942a7.jpg?format=pjpg,https://cdn.shopify.com/s/files/1/0667/0961/8926/files/meta-sq-add-4773cffebfc0.jpg?format=pjpg",Conjunto de compressão com manguito para qualquer treino.,vimm_feed
49668907106542,https://cdn.shopify.com/s/files/1/0667/0961/8926/files/meta-sq-9543522975982-40656423026926.jpg?format=pjpg,"https://cdn.shopify.com/s/files/1/0667/0961/8926/files/meta-sq-add-e7540203d3ce.jpg?format=pjpg,https://cdn.shopify.com/s/files/1/0667/0961/8926/files/meta-sq-add-a65bc6a942a7.jpg?format=pjpg,https://cdn.shopify.com/s/files/1/0667/0961/8926/files/meta-sq-add-4773cffebfc0.jpg?format=pjpg",Conjunto de compressão com manguito para qualquer treino.,vimm_feed
49668907139310,https://cdn.shopify.com/s/files/1/0667/0961/8926/files/meta-sq-9543522975982-40656423026926.jpg?format=pjpg,"https://cdn.shopify.com/s/files/1/0667/0961/8926/files/meta-sq-add-e7540203d3ce.jpg?format=pjpg,https://cdn.shopify.com/s/files/1/0667/0961/8926/files/meta-sq-add-a65bc6a942a7.jpg?format=pjpg,https://cdn.shopify.com/s/files/1/0667/0961/8926/files/meta-sq-add-4773cffebfc0.jpg?format=pjpg",Conjunto de compressão com manguito para qualquer treino.,vimm_feed
49668907172078,https://cdn.shopify.com/s/files/1/0667/0961/8926/files/meta-sq-9543522975982-40656423026926.jpg?format=pjpg,"https://cdn.shopify.com/s/files/1/0667/0961/8926/files/meta-sq-add-e7540203d3ce.jpg?format=pjpg,https://cdn.shopify.com/s/files/1/0667/0961/8926/files/meta-sq-add-a65bc6a942a7.jpg?format=pjpg,https://cdn.shopify.com/s/files/1/0667/0961/8926/files/meta-sq-add-4773cffebfc0.jpg?format=pjpg",Conjunto de compressão com manguito para qualquer treino.,vimm_feed
49668907204846,https://cdn.shopify.com/s/files/1/0667/0961/8926/files/meta-sq-9543522975982-40656423026926.jpg?format=pjpg,"https://cdn.shopify.com/s/files/1/0667/0961/8926/files/meta-sq-add-e7540203d3ce.jpg?format=pjpg,https://cdn.shopify.com/s/files/1/0667/0961/8926/files/meta-sq-add-a65bc6a942a7.jpg?format=pjpg,https://cdn.shopify.com/s/files/1/0667/0961/8926/files/meta-sq-add-4773cffebfc0.jpg?format=pjpg",Conjunto de compressão com manguito para qualquer treino.,vimm_feed
49668907237614,https://cdn.shopify.com/s/files/1/0667/0961/8926/files/meta-sq-9543522975982-40656423026926.jpg?format=pjpg,"https://cdn.shopify.com/s/files/1/0667/0961/8926/files/meta-sq-add-e7540203d3ce.jpg?format=pjpg,https://cdn.shopify.com/s/files/1/0667/0961/8926/files/meta-sq-add-a65bc6a942a7.jpg?format=pjpg,https://cdn.shopify.com/s/files/1/0667/0961/8926/files/meta-sq-add-4773cffebfc0.jpg?format=pjpg",Conjunto de compressão com manguito para qualquer treino.,vimm_feed
49668907270382,https://cdn.shopify.com/s/files/1/0667/0961/8926/files/meta-sq-9543522975982-40656423026926.jpg?format=pjpg,"https://cdn.shopify.com/s/files/1/0667/0961/8926/files/meta-sq-add-e7540203d3ce.jpg?format=pjpg,https://cdn.shopify.com/s/files/1/0667/0961/8926/files/meta-sq-add-a65bc6a942a7.jpg?format=pjpg,https://cdn.shopify.com/s/files/1/0667/0961/8926/files/meta-sq-add-4773cffebfc0.jpg?format=pjpg",Conjunto de compressão com manguito para qualquer treino.,vimm_feed
49668907303150,https://cdn.shopify.com/s/files/1/0667/0961/8926/files/meta-sq-9543522975982-40656423026926.jpg?format=pjpg,"https://cdn.shopify.com/s/files/1/0667/0961/8926/files/meta-sq-add-e7540203d3ce.jpg?format=pjpg,https://cdn.shopify.com/s/files/1/0667/0961/8926/files/meta-sq-add-a65bc6a942a7.jpg?format=pjpg,https://cdn.shopify.com/s/files/1/0667/0961/8926/files/meta-sq-add-4773cffebfc0.jpg?format=pjpg",Conjunto de compressão com manguito para qualquer treino.,vimm_feed
49668907335918,https://cdn.shopify.com/s/files/1/0667/0961/8926/files/meta-sq-9543522975982-40656423026926.jpg?format=pjpg,"https://cdn.shopify.com/s/files/1/0667/0961/8926/files/meta-sq-add-e7540203d3ce.jpg?format=pjpg,https://cdn.shopify.com/s/files/1/0667/0961/8926/files/meta-sq-add-a65bc6a942a7.jpg?format=pjpg,https://cdn.shopify.com/s/files/1/0667/0961/8926/files/meta-sq-add-4773cffebfc0.jpg?format=pjpg",Conjunto de compressão com manguito para qualquer treino.,vimm_feed
49668907368686,https://cdn.shopify.com/s/files/1/0667/0961/8926/files/meta-sq-9543522975982-40656423026926.jpg?format=pjpg,"https://cdn.shopify.com/s/files/1/0667/0961/8926/files/meta-sq-add-e7540203d3ce.jpg?format=pjpg,https://cdn.shopify.com/s/files/1/0667/0961/8926/files/meta-sq-add-a65bc6a942a7.jpg?format=pjpg,https://cdn.shopify.com/s/files/1/0667/0961/8926/files/meta-sq-add-4773cffebfc0.jpg?format=pjpg",Conjunto de compressão com manguito para qualquer treino.,vimm_feed
49668907401454,https://cdn.shopify.com/s/files/1/0667/0961/8926/files/meta-sq-9543522975982-40656423026926.jpg?format=pjpg,"https://cdn.shopify.com/s/files/1/0667/0961/8926/files/meta-sq-add-e7540203d3ce.jpg?format=pjpg,https://cdn.shopify.com/s/files/1/0667/0961/8926/files/meta-sq-add-a65bc6a942a7.jpg?format=pjpg,https://cdn.shopify.com/s/files/1/0667/0961/8926/files/meta-sq-add-4773cffebfc0.jpg?format=pjpg",Conjunto de compressão com manguito para qualquer treino.,vimm_feed
49668907434222,https://cdn.shopify.com/s/files/1/0667/0961/8926/files/meta-sq-9543522975982-40656423026926.jpg?format=pjpg,"https://cdn.shopify.com/s/files/1/0667/0961/8926/files/meta-sq-add-e7540203d3ce.jpg?format=pjpg,https://cdn.shopify.com/s/files/1/0667/0961/8926/files/meta-sq-add-a65bc6a942a7.jpg?format=pjpg,https://cdn.shopify.com/s/files/1/0667/0961/8926/files/meta-sq-add-4773cffebfc0.jpg?format=pjpg",Conjunto de compressão com manguito para qualquer treino.,vimm_feed
49668907466990,https://cdn.shopify.com/s/files/1/0667/0961/8926/files/meta-sq-9543522975982-40656423026926.jpg?format=pjpg,"https://cdn.shopify.com/s/files/1/0667/0961/8926/files/meta-sq-add-e7540203d3ce.jpg?format=pjpg,https://cdn.shopify.com/s/files/1/0667/0961/8926/files/meta-sq-add-a65bc6a942a7.jpg?format=pjpg,https://cdn.shopify.com/s/files/1/0667/0961/8926/files/meta-sq-add-4773cffebfc0.jpg?format=pjpg",Conjunto de compressão com manguito para qualquer treino.,vimm_feed
49668907499758,https://cdn.shopify.com/s/files/1/0667/0961/8926/files/meta-sq-9543522975982-40656423026926.jpg?format=pjpg,"https://cdn.shopify.com/s/files/1/0667/0961/8926/files/meta-sq-add-e7540203d3ce.jpg?format=pjpg,https://cdn.shopify.com/s/files/1/0667/0961/8926/files/meta-sq-add-a65bc6a942a7.jpg?format=pjpg,https://cdn.shopify.com/s/files/1/0667/0961/8926/files/meta-sq-add-4773cffebfc0.jpg?format=pjpg",Conjunto de compressão com manguito para qualquer treino.,vimm_feed
49668907532526,https://cdn.shopify.com/s/files/1/0667/0961/8926/files/meta-sq-9543522975982-40656423026926.jpg?format=pjpg,"https://cdn.shopify.com/s/files/1/0667/0961/8926/files/meta-sq-add-e7540203d3ce.jpg?format=pjpg,https://cdn.shopify.com/s/files/1/0667/0961/8926/files/meta-sq-add-a65bc6a942a7.jpg?format=pjpg,https://cdn.shopify.com/s/files/1/0667/0961/8926/files/meta-sq-add-4773cffebfc0.jpg?format=pjpg",Conjunto de compressão com manguito para qualquer treino.,vimm_feed
49668907565294,https://cdn.shopify.com/s/files/1/0667/0961/8926/files/meta-sq-9543522975982-40656423026926.jpg?format=pjpg,"https://cdn.shopify.com/s/files/1/0667/0961/8926/files/meta-sq-add-e7540203d3ce.jpg?format=pjpg,https://cdn.shopify.com/s/files/1/0667/0961/8926/files/meta-sq-add-a65bc6a942a7.jpg?format=pjpg,https://cdn.shopify.com/s/files/1/0667/0961/8926/files/meta-sq-add-4773cffebfc0.jpg?format=pjpg",Conjunto de compressão com manguito para qualquer treino.,vimm_feed
49668907598062,https://cdn.shopify.com/s/files/1/0667/0961/8926/files/meta-sq-9543522975982-40656423026926.jpg?format=pjpg,"https://cdn.shopify.com/s/files/1/0667/0961/8926/files/meta-sq-add-e7540203d3ce.jpg?format=pjpg,https://cdn.shopify.com/s/files/1/0667/0961/8926/files/meta-sq-add-a65bc6a942a7.jpg?format=pjpg,https://cdn.shopify.com/s/files/1/0667/0961/8926/files/meta-sq-add-4773cffebfc0.jpg?format=pjpg",Conjunto de compressão com manguito para qualquer treino.,vimm_feed
49668907630830,https://cdn.shopify.com/s/files/1/0667/0961/8926/files/meta-sq-9543522975982-40656423026926.jpg?format=pjpg,"https://cdn.shopify.com/s/files/1/0667/0961/8926/files/meta-sq-add-e7540203d3ce.jpg?format=pjpg,https://cdn.shopify.com/s/files/1/0667/0961/8926/files/meta-sq-add-a65bc6a942a7.jpg?format=pjpg,https://cdn.shopify.com/s/files/1/0667/0961/8926/files/meta-sq-add-4773cffebfc0.jpg?format=pjpg",Conjunto de compressão com manguito para qualquer treino.,vimm_feed
49668907663598,https://cdn.shopify.com/s/files/1/0667/0961/8926/files/meta-sq-9543522975982-40656423026926.jpg?format=pjpg,"https://cdn.shopify.com/s/files/1/0667/0961/8926/files/meta-sq-add-e7540203d3ce.jpg?format=pjpg,https://cdn.shopify.com/s/files/1/0667/0961/8926/files/meta-sq-add-a65bc6a942a7.jpg?format=pjpg,https://cdn.shopify.com/s/files/1/0667/0961/8926/files/meta-sq-add-4773cffebfc0.jpg?format=pjpg",Conjunto de compressão com manguito para qualquer treino.,vimm_feed
49668907696366,https://cdn.shopify.com/s/files/1/0667/0961/8926/files/meta-sq-9543522975982-40656423026926.jpg?format=pjpg,"https://cdn.shopify.com/s/files/1/0667/0961/8926/files/meta-sq-add-e7540203d3ce.jpg?format=pjpg,https://cdn.shopify.com/s/files/1/0667/0961/8926/files/meta-sq-add-a65bc6a942a7.jpg?format=pjpg,https://cdn.shopify.com/s/files/1/0667/0961/8926/files/meta-sq-add-4773cffebfc0.jpg?format=pjpg",Conjunto de compressão com manguito para qualquer treino.,vimm_feed
49668907729134,https://cdn.shopify.com/s/files/1/0667/0961/8926/files/meta-sq-9543522975982-40656423026926.jpg?format=pjpg,"https://cdn.shopify.com/s/files/1/0667/0961/8926/files/meta-sq-add-e7540203d3ce.jpg?format=pjpg,https://cdn.shopify.com/s/files/1/0667/0961/8926/files/meta-sq-add-a65bc6a942a7.jpg?format=pjpg,https://cdn.shopify.com/s/files/1/0667/0961/8926/files/meta-sq-add-4773cffebfc0.jpg?format=pjpg",Conjunto de compressão com manguito para qualquer treino.,vimm_feed
49668907761902,https://cdn.shopify.com/s/files/1/0667/0961/8926/files/meta-sq-9543522975982-40656423026926.jpg?format=pjpg,"https://cdn.shopify.com/s/files/1/0667/0961/8926/files/meta-sq-add-e7540203d3ce.jpg?format=pjpg,https://cdn.shopify.com/s/files/1/0667/0961/8926/files/meta-sq-add-a65bc6a942a7.jpg?format=pjpg,https://cdn.shopify.com/s/files/1/0667/0961/8926/files/meta-sq-add-4773cffebfc0.jpg?format=pjpg",Conjunto de compressão com manguito para qualquer treino.,vimm_feed
49668907794670,https://cdn.shopify.com/s/files/1/0667/0961/8926/files/meta-sq-9543522975982-40656423026926.jpg?format=pjpg,"https://cdn.shopify.com/s/files/1/0667/0961/8926/files/meta-sq-add-e7540203d3ce.jpg?format=pjpg,https://cdn.shopify.com/s/files/1/0667/0961/8926/files/meta-sq-add-a65bc6a942a7.jpg?format=pjpg,https://cdn.shopify.com/s/files/1/0667/0961/8926/files/meta-sq-add-4773cffebfc0.jpg?format=pjpg",Conjunto de compressão com manguito para qualquer treino.,vimm_feed
49668907827438,https://cdn.shopify.com/s/files/1/0667/0961/8926/files/meta-sq-9543522975982-40656423026926.jpg?format=pjpg,"https://cdn.shopify.com/s/files/1/0667/0961/8926/files/meta-sq-add-e7540203d3ce.jpg?format=pjpg,https://cdn.shopify.com/s/files/1/0667/0961/8926/files/meta-sq-add-a65bc6a942a7.jpg?format=pjpg,https://cdn.shopify.com/s/files/1/0667/0961/8926/files/meta-sq-add-4773cffebfc0.jpg?format=pjpg",Conjunto de compressão com manguito para qualquer treino.,vimm_feed
49668907860206,https://cdn.shopify.com/s/files/1/0667/0961/8926/files/meta-sq-9543522975982-40656423026926.jpg?format=pjpg,"https://cdn.shopify.com/s/files/1/0667/0961/8926/files/meta-sq-add-e7540203d3ce.jpg?format=pjpg,https://cdn.shopify.com/s/files/1/0667/0961/8926/files/meta-sq-add-a65bc6a942a7.jpg?format=pjpg,https://cdn.shopify.com/s/files/1/0667/0961/8926/files/meta-sq-add-4773cffebfc0.jpg?format=pjpg",Conjunto de compressão com manguito para qualquer treino.,vimm_feed
49668907892974,https://cdn.shopify.com/s/files/1/0667/0961/8926/files/meta-sq-9543522975982-40656423026926.jpg?format=pjpg,"https://cdn.shopify.com/s/files/1/0667/0961/8926/files/meta-sq-add-e7540203d3ce.jpg?format=pjpg,https://cdn.shopify.com/s/files/1/0667/0961/8926/files/meta-sq-add-a65bc6a942a7.jpg?format=pjpg,https://cdn.shopify.com/s/files/1/0667/0961/8926/files/meta-sq-add-4773cffebfc0.jpg?format=pjpg",Conjunto de compressão com manguito para qualquer treino.,vimm_feed
49668907925742,https://cdn.shopify.com/s/files/1/0667/0961/8926/files/meta-sq-9543522975982-40656423026926.jpg?format=pjpg,"https://cdn.shopify.com/s/files/1/0667/0961/8926/files/meta-sq-add-e7540203d3ce.jpg?format=pjpg,https://cdn.shopify.com/s/files/1/0667/0961/8926/files/meta-sq-add-a65bc6a942a7.jpg?format=pjpg,https://cdn.shopify.com/s/files/1/0667/0961/8926/files/meta-sq-add-4773cffebfc0.jpg?format=pjpg",Conjunto de compressão com manguito para qualquer treino.,vimm_feed
49668907958510,https://cdn.shopify.com/s/files/1/0667/0961/8926/files/meta-sq-9543522975982-40656423026926.jpg?format=pjpg,"https://cdn.shopify.com/s/files/1/0667/0961/8926/files/meta-sq-add-e7540203d3ce.jpg?format=pjpg,https://cdn.shopify.com/s/files/1/0667/0961/8926/files/meta-sq-add-a65bc6a942a7.jpg?format=pjpg,https://cdn.shopify.com/s/files/1/0667/0961/8926/files/meta-sq-add-4773cffebfc0.jpg?format=pjpg",Conjunto de compressão com manguito para qualquer treino.,vimm_feed
49668907991278,https://cdn.shopify.com/s/files/1/0667/0961/8926/files/meta-sq-9543522975982-40656423026926.jpg?format=pjpg,"https://cdn.shopify.com/s/files/1/0667/0961/8926/files/meta-sq-add-e7540203d3ce.jpg?format=pjpg,https://cdn.shopify.com/s/files/1/0667/0961/8926/files/meta-sq-add-a65bc6a942a7.jpg?format=pjpg,https://cdn.shopify.com/s/files/1/0667/0961/8926/files/meta-sq-add-4773cffebfc0.jpg?format=pjpg",Conjunto de compressão com manguito para qualquer treino.,vimm_feed
49668908024046,https://cdn.shopify.com/s/files/1/0667/0961/8926/files/meta-sq-9543522975982-40656423026926.jpg?format=pjpg,"https://cdn.shopify.com/s/files/1/0667/0961/8926/files/meta-sq-add-e7540203d3ce.jpg?format=pjpg,https://cdn.shopify.com/s/files/1/0667/0961/8926/files/meta-sq-add-a65bc6a942a7.jpg?format=pjpg,https://cdn.shopify.com/s/files/1/0667/0961/8926/files/meta-sq-add-4773cffebfc0.jpg?format=pjpg",Conjunto de compressão com manguito para qualquer treino.,vimm_feed
49668908056814,https://cdn.shopify.com/s/files/1/0667/0961/8926/files/meta-sq-9543522975982-40656423026926.jpg?format=pjpg,"https://cdn.shopify.com/s/files/1/0667/0961/8926/files/meta-sq-add-e7540203d3ce.jpg?format=pjpg,https://cdn.shopify.com/s/files/1/0667/0961/8926/files/meta-sq-add-a65bc6a942a7.jpg?format=pjpg,https://cdn.shopify.com/s/files/1/0667/0961/8926/files/meta-sq-add-4773cffebfc0.jpg?format=pjpg",Conjunto de compressão com manguito para qualquer treino.,vimm_feed
49668908089582,https://cdn.shopify.com/s/files/1/0667/0961/8926/files/meta-sq-9543522975982-40656423026926.jpg?format=pjpg,"https://cdn.shopify.com/s/files/1/0667/0961/8926/files/meta-sq-add-e7540203d3ce.jpg?format=pjpg,https://cdn.shopify.com/s/files/1/0667/0961/8926/files/meta-sq-add-a65bc6a942a7.jpg?format=pjpg,https://cdn.shopify.com/s/files/1/0667/0961/8926/files/meta-sq-add-4773cffebfc0.jpg?format=pjpg",Conjunto de compressão com manguito para qualquer treino.,vimm_feed
49668908122350,https://cdn.shopify.com/s/files/1/0667/0961/8926/files/meta-sq-9543522975982-40656423026926.jpg?format=pjpg,"https://cdn.shopify.com/s/files/1/0667/0961/8926/files/meta-sq-add-e7540203d3ce.jpg?format=pjpg,https://cdn.shopify.com/s/files/1/0667/0961/8926/files/meta-sq-add-a65bc6a942a7.jpg?format=pjpg,https://cdn.shopify.com/s/files/1/0667/0961/8926/files/meta-sq-add-4773cffebfc0.jpg?format=pjpg",Conjunto de compressão com manguito para qualquer treino.,vimm_feed
49668908155118,https://cdn.shopify.com/s/files/1/0667/0961/8926/files/meta-sq-9543522975982-40656423026926.jpg?format=pjpg,"https://cdn.shopify.com/s/files/1/0667/0961/8926/files/meta-sq-add-e7540203d3ce.jpg?format=pjpg,https://cdn.shopify.com/s/files/1/0667/0961/8926/files/meta-sq-add-a65bc6a942a7.jpg?format=pjpg,https://cdn.shopify.com/s/files/1/0667/0961/8926/files/meta-sq-add-4773cffebfc0.jpg?format=pjpg",Conjunto de compressão com manguito para qualquer treino.,vimm_feed
49668908187886,https://cdn.shopify.com/s/files/1/0667/0961/8926/files/meta-sq-9543522975982-40656423026926.jpg?format=pjpg,"https://cdn.shopify.com/s/files/1/0667/0961/8926/files/meta-sq-add-e7540203d3ce.jpg?format=pjpg,https://cdn.shopify.com/s/files/1/0667/0961/8926/files/meta-sq-add-a65bc6a942a7.jpg?format=pjpg,https://cdn.shopify.com/s/files/1/0667/0961/8926/files/meta-sq-add-4773cffebfc0.jpg?format=pjpg",Conjunto de compressão com manguito para qualquer treino.,vimm_feed
49668908220654,https://cdn.shopify.com/s/files/1/0667/0961/8926/files/meta-sq-9543522975982-40656423026926.jpg?format=pjpg,"https://cdn.shopify.com/s/files/1/0667/0961/8926/files/meta-sq-add-e7540203d3ce.jpg?format=pjpg,https://cdn.shopify.com/s/files/1/0667/0961/8926/files/meta-sq-add-a65bc6a942a7.jpg?format=pjpg,https://cdn.shopify.com/s/files/1/0667/0961/8926/files/meta-sq-add-4773cffebfc0.jpg?format=pjpg",Conjunto de compressão com manguito para qualquer treino.,vimm_feed
49668908253422,https://cdn.shopify.com/s/files/1/0667/0961/8926/files/meta-sq-9543522975982-40656423026926.jpg?format=pjpg,"https://cdn.shopify.com/s/files/1/0667/0961/8926/files/meta-sq-add-e7540203d3ce.jpg?format=pjpg,https://cdn.shopify.com/s/files/1/0667/0961/8926/files/meta-sq-add-a65bc6a942a7.jpg?format=pjpg,https://cdn.shopify.com/s/files/1/0667/0961/8926/files/meta-sq-add-4773cffebfc0.jpg?format=pjpg",Conjunto de compressão com manguito para qualquer treino.,vimm_feed
49668908286190,https://cdn.shopify.com/s/files/1/0667/0961/8926/files/meta-sq-9543522975982-40656423026926.jpg?format=pjpg,"https://cdn.shopify.com/s/files/1/0667/0961/8926/files/meta-sq-add-e7540203d3ce.jpg?format=pjpg,https://cdn.shopify.com/s/files/1/0667/0961/8926/files/meta-sq-add-a65bc6a942a7.jpg?format=pjpg,https://cdn.shopify.com/s/files/1/0667/0961/8926/files/meta-sq-add-4773cffebfc0.jpg?format=pjpg",Conjunto de compressão com manguito para qualquer treino.,vimm_feed
49668908318958,https://cdn.shopify.com/s/files/1/0667/0961/8926/files/meta-sq-9543522975982-40656423026926.jpg?format=pjpg,"https://cdn.shopify.com/s/files/1/0667/0961/8926/files/meta-sq-add-e7540203d3ce.jpg?format=pjpg,https://cdn.shopify.com/s/files/1/0667/0961/8926/files/meta-sq-add-a65bc6a942a7.jpg?format=pjpg,https://cdn.shopify.com/s/files/1/0667/0961/8926/files/meta-sq-add-4773cffebfc0.jpg?format=pjpg",Conjunto de compressão com manguito para qualquer treino.,vimm_feed
49668908351726,https://cdn.shopify.com/s/files/1/0667/0961/8926/files/meta-sq-9543522975982-40656423026926.jpg?format=pjpg,"https://cdn.shopify.com/s/files/1/0667/0961/8926/files/meta-sq-add-e7540203d3ce.jpg?format=pjpg,https://cdn.shopify.com/s/files/1/0667/0961/8926/files/meta-sq-add-a65bc6a942a7.jpg?format=pjpg,https://cdn.shopify.com/s/files/1/0667/0961/8926/files/meta-sq-add-4773cffebfc0.jpg?format=pjpg",Conjunto de compressão com manguito para qualquer treino.,vimm_feed
49668908384494,https://cdn.shopify.com/s/files/1/0667/0961/8926/files/meta-sq-9543522975982-40656423026926.jpg?format=pjpg,"https://cdn.shopify.com/s/files/1/0667/0961/8926/files/meta-sq-add-e7540203d3ce.jpg?format=pjpg,https://cdn.shopify.com/s/files/1/0667/0961/8926/files/meta-sq-add-a65bc6a942a7.jpg?format=pjpg,https://cdn.shopify.com/s/files/1/0667/0961/8926/files/meta-sq-add-4773cffebfc0.jpg?format=pjpg",Conjunto de compressão com manguito para qualquer treino.,vimm_feed
49668908417262,https://cdn.shopify.com/s/files/1/0667/0961/8926/files/meta-sq-9543522975982-40656423026926.jpg?format=pjpg,"https://cdn.shopify.com/s/files/1/0667/0961/8926/files/meta-sq-add-e7540203d3ce.jpg?format=pjpg,https://cdn.shopify.com/s/files/1/0667/0961/8926/files/meta-sq-add-a65bc6a942a7.jpg?format=pjpg,https://cdn.shopify.com/s/files/1/0667/0961/8926/files/meta-sq-add-4773cffebfc0.jpg?format=pjpg",Conjunto de compressão com manguito para qualquer treino.,vimm_feed
49668908450030,https://cdn.shopify.com/s/files/1/0667/0961/8926/files/meta-sq-9543522975982-40656423026926.jpg?format=pjpg,"https://cdn.shopify.com/s/files/1/0667/0961/8926/files/meta-sq-add-e7540203d3ce.jpg?format=pjpg,https://cdn.shopify.com/s/files/1/0667/0961/8926/files/meta-sq-add-a65bc6a942a7.jpg?format=pjpg,https://cdn.shopify.com/s/files/1/0667/0961/8926/files/meta-sq-add-4773cffebfc0.jpg?format=pjpg",Conjunto de compressão com manguito para qualquer treino.,vimm_feed
49668908482798,https://cdn.shopify.com/s/files/1/0667/0961/8926/files/meta-sq-9543522975982-40656423026926.jpg?format=pjpg,"https://cdn.shopify.com/s/files/1/0667/0961/8926/files/meta-sq-add-e7540203d3ce.jpg?format=pjpg,https://cdn.shopify.com/s/files/1/0667/0961/8926/files/meta-sq-add-a65bc6a942a7.jpg?format=pjpg,https://cdn.shopify.com/s/files/1/0667/0961/8926/files/meta-sq-add-4773cffebfc0.jpg?format=pjpg",Conjunto de compressão com manguito para qualquer treino.,vimm_feed
49668863951086,https://cdn.shopify.com/s/files/1/0667/0961/8926/files/meta-sq-9543504494830-40656422306030.jpg?format=pjpg,"https://cdn.shopify.com/s/files/1/0667/0961/8926/files/meta-sq-add-bfaf4464ea04.jpg?format=pjpg,https://cdn.shopify.com/s/files/1/0667/0961/8926/files/meta-sq-add-2016c9e1da9d.jpg?format=pjpg,https://cdn.shopify.com/s/files/1/0667/0961/8926/files/meta-sq-add-1223ac93eb3f.jpg?format=pjpg",Conjunto de compressão com manguito para qualquer treino.,vimm_feed
49668863983854,https://cdn.shopify.com/s/files/1/0667/0961/8926/files/meta-sq-9543504494830-40656422306030.jpg?format=pjpg,"https://cdn.shopify.com/s/files/1/0667/0961/8926/files/meta-sq-add-bfaf4464ea04.jpg?format=pjpg,https://cdn.shopify.com/s/files/1/0667/0961/8926/files/meta-sq-add-2016c9e1da9d.jpg?format=pjpg,https://cdn.shopify.com/s/files/1/0667/0961/8926/files/meta-sq-add-1223ac93eb3f.jpg?format=pjpg",Conjunto de compressão com manguito para qualquer treino.,vimm_feed
49668864016622,https://cdn.shopify.com/s/files/1/0667/0961/8926/files/meta-sq-9543504494830-40656422306030.jpg?format=pjpg,"https://cdn.shopify.com/s/files/1/0667/0961/8926/files/meta-sq-add-bfaf4464ea04.jpg?format=pjpg,https://cdn.shopify.com/s/files/1/0667/0961/8926/files/meta-sq-add-2016c9e1da9d.jpg?format=pjpg,https://cdn.shopify.com/s/files/1/0667/0961/8926/files/meta-sq-add-1223ac93eb3f.jpg?format=pjpg",Conjunto de compressão com manguito para qualquer treino.,vimm_feed
49668864049390,https://cdn.shopify.com/s/files/1/0667/0961/8926/files/meta-sq-9543504494830-40656422306030.jpg?format=pjpg,"https://cdn.shopify.com/s/files/1/0667/0961/8926/files/meta-sq-add-bfaf4464ea04.jpg?format=pjpg,https://cdn.shopify.com/s/files/1/0667/0961/8926/files/meta-sq-add-2016c9e1da9d.jpg?format=pjpg,https://cdn.shopify.com/s/files/1/0667/0961/8926/files/meta-sq-add-1223ac93eb3f.jpg?format=pjpg",Conjunto de compressão com manguito para qualquer treino.,vimm_feed
49668864082158,https://cdn.shopify.com/s/files/1/0667/0961/8926/files/meta-sq-9543504494830-40656422306030.jpg?format=pjpg,"https://cdn.shopify.com/s/files/1/0667/0961/8926/files/meta-sq-add-bfaf4464ea04.jpg?format=pjpg,https://cdn.shopify.com/s/files/1/0667/0961/8926/files/meta-sq-add-2016c9e1da9d.jpg?format=pjpg,https://cdn.shopify.com/s/files/1/0667/0961/8926/files/meta-sq-add-1223ac93eb3f.jpg?format=pjpg",Conjunto de compressão com manguito para qualquer treino.,vimm_feed
49668864114926,https://cdn.shopify.com/s/files/1/0667/0961/8926/files/meta-sq-9543504494830-40656422306030.jpg?format=pjpg,"https://cdn.shopify.com/s/files/1/0667/0961/8926/files/meta-sq-add-bfaf4464ea04.jpg?format=pjpg,https://cdn.shopify.com/s/files/1/0667/0961/8926/files/meta-sq-add-2016c9e1da9d.jpg?format=pjpg,https://cdn.shopify.com/s/files/1/0667/0961/8926/files/meta-sq-add-1223ac93eb3f.jpg?format=pjpg",Conjunto de compressão com manguito para qualquer treino.,vimm_feed
49668864147694,https://cdn.shopify.com/s/files/1/0667/0961/8926/files/meta-sq-9543504494830-40656422306030.jpg?format=pjpg,"https://cdn.shopify.com/s/files/1/0667/0961/8926/files/meta-sq-add-bfaf4464ea04.jpg?format=pjpg,https://cdn.shopify.com/s/files/1/0667/0961/8926/files/meta-sq-add-2016c9e1da9d.jpg?format=pjpg,https://cdn.shopify.com/s/files/1/0667/0961/8926/files/meta-sq-add-1223ac93eb3f.jpg?format=pjpg",Conjunto de compressão com manguito para qualquer treino.,vimm_feed
49668864180462,https://cdn.shopify.com/s/files/1/0667/0961/8926/files/meta-sq-9543504494830-40656422306030.jpg?format=pjpg,"https://cdn.shopify.com/s/files/1/0667/0961/8926/files/meta-sq-add-bfaf4464ea04.jpg?format=pjpg,https://cdn.shopify.com/s/files/1/0667/0961/8926/files/meta-sq-add-2016c9e1da9d.jpg?format=pjpg,https://cdn.shopify.com/s/files/1/0667/0961/8926/files/meta-sq-add-1223ac93eb3f.jpg?format=pjpg",Conjunto de compressão com manguito para qualquer treino.,vimm_feed
49668864213230,https://cdn.shopify.com/s/files/1/0667/0961/8926/files/meta-sq-9543504494830-40656422306030.jpg?format=pjpg,"https://cdn.shopify.com/s/files/1/0667/0961/8926/files/meta-sq-add-bfaf4464ea04.jpg?format=pjpg,https://cdn.shopify.com/s/files/1/0667/0961/8926/files/meta-sq-add-2016c9e1da9d.jpg?format=pjpg,https://cdn.shopify.com/s/files/1/0667/0961/8926/files/meta-sq-add-1223ac93eb3f.jpg?format=pjpg",Conjunto de compressão com manguito para qualquer treino.,vimm_feed
49668864245998,https://cdn.shopify.com/s/files/1/0667/0961/8926/files/meta-sq-9543504494830-40656422306030.jpg?format=pjpg,"https://cdn.shopify.com/s/files/1/0667/0961/8926/files/meta-sq-add-bfaf4464ea04.jpg?format=pjpg,https://cdn.shopify.com/s/files/1/0667/0961/8926/files/meta-sq-add-2016c9e1da9d.jpg?format=pjpg,https://cdn.shopify.com/s/files/1/0667/0961/8926/files/meta-sq-add-1223ac93eb3f.jpg?format=pjpg",Conjunto de compressão com manguito para qualquer treino.,vimm_feed
49668864278766,https://cdn.shopify.com/s/files/1/0667/0961/8926/files/meta-sq-9543504494830-40656422306030.jpg?format=pjpg,"https://cdn.shopify.com/s/files/1/0667/0961/8926/files/meta-sq-add-bfaf4464ea04.jpg?format=pjpg,https://cdn.shopify.com/s/files/1/0667/0961/8926/files/meta-sq-add-2016c9e1da9d.jpg?format=pjpg,https://cdn.shopify.com/s/files/1/0667/0961/8926/files/meta-sq-add-1223ac93eb3f.jpg?format=pjpg",Conjunto de compressão com manguito para qualquer treino.,vimm_feed
49668864311534,https://cdn.shopify.com/s/files/1/0667/0961/8926/files/meta-sq-9543504494830-40656422306030.jpg?format=pjpg,"https://cdn.shopify.com/s/files/1/0667/0961/8926/files/meta-sq-add-bfaf4464ea04.jpg?format=pjpg,https://cdn.shopify.com/s/files/1/0667/0961/8926/files/meta-sq-add-2016c9e1da9d.jpg?format=pjpg,https://cdn.shopify.com/s/files/1/0667/0961/8926/files/meta-sq-add-1223ac93eb3f.jpg?format=pjpg",Conjunto de compressão com manguito para qualquer treino.,vimm_feed
49668864344302,https://cdn.shopify.com/s/files/1/0667/0961/8926/files/meta-sq-9543504494830-40656422306030.jpg?format=pjpg,"https://cdn.shopify.com/s/files/1/0667/0961/8926/files/meta-sq-add-bfaf4464ea04.jpg?format=pjpg,https://cdn.shopify.com/s/files/1/0667/0961/8926/files/meta-sq-add-2016c9e1da9d.jpg?format=pjpg,https://cdn.shopify.com/s/files/1/0667/0961/8926/files/meta-sq-add-1223ac93eb3f.jpg?format=pjpg",Conjunto de compressão com manguito para qualquer treino.,vimm_feed
49668864377070,https://cdn.shopify.com/s/files/1/0667/0961/8926/files/meta-sq-9543504494830-40656422306030.jpg?format=pjpg,"https://cdn.shopify.com/s/files/1/0667/0961/8926/files/meta-sq-add-bfaf4464ea04.jpg?format=pjpg,https://cdn.shopify.com/s/files/1/0667/0961/8926/files/meta-sq-add-2016c9e1da9d.jpg?format=pjpg,https://cdn.shopify.com/s/files/1/0667/0961/8926/files/meta-sq-add-1223ac93eb3f.jpg?format=pjpg",Conjunto de compressão com manguito para qualquer treino.,vimm_feed
49668864409838,https://cdn.shopify.com/s/files/1/0667/0961/8926/files/meta-sq-9543504494830-40656422306030.jpg?format=pjpg,"https://cdn.shopify.com/s/files/1/0667/0961/8926/files/meta-sq-add-bfaf4464ea04.jpg?format=pjpg,https://cdn.shopify.com/s/files/1/0667/0961/8926/files/meta-sq-add-2016c9e1da9d.jpg?format=pjpg,https://cdn.shopify.com/s/files/1/0667/0961/8926/files/meta-sq-add-1223ac93eb3f.jpg?format=pjpg",Conjunto de compressão com manguito para qualquer treino.,vimm_feed
49668864442606,https://cdn.shopify.com/s/files/1/0667/0961/8926/files/meta-sq-9543504494830-40656422306030.jpg?format=pjpg,"https://cdn.shopify.com/s/files/1/0667/0961/8926/files/meta-sq-add-bfaf4464ea04.jpg?format=pjpg,https://cdn.shopify.com/s/files/1/0667/0961/8926/files/meta-sq-add-2016c9e1da9d.jpg?format=pjpg,https://cdn.shopify.com/s/files/1/0667/0961/8926/files/meta-sq-add-1223ac93eb3f.jpg?format=pjpg",Conjunto de compressão com manguito para qualquer treino.,vimm_feed
49668864475374,https://cdn.shopify.com/s/files/1/0667/0961/8926/files/meta-sq-9543504494830-40656422306030.jpg?format=pjpg,"https://cdn.shopify.com/s/files/1/0667/0961/8926/files/meta-sq-add-bfaf4464ea04.jpg?format=pjpg,https://cdn.shopify.com/s/files/1/0667/0961/8926/files/meta-sq-add-2016c9e1da9d.jpg?format=pjpg,https://cdn.shopify.com/s/files/1/0667/0961/8926/files/meta-sq-add-1223ac93eb3f.jpg?format=pjpg",Conjunto de compressão com manguito para qualquer treino.,vimm_feed
49668864508142,https://cdn.shopify.com/s/files/1/0667/0961/8926/files/meta-sq-9543504494830-40656422306030.jpg?format=pjpg,"https://cdn.shopify.com/s/files/1/0667/0961/8926/files/meta-sq-add-bfaf4464ea04.jpg?format=pjpg,https://cdn.shopify.com/s/files/1/0667/0961/8926/files/meta-sq-add-2016c9e1da9d.jpg?format=pjpg,https://cdn.shopify.com/s/files/1/0667/0961/8926/files/meta-sq-add-1223ac93eb3f.jpg?format=pjpg",Conjunto de compressão com manguito para qualquer treino.,vimm_feed
49668864540910,https://cdn.shopify.com/s/files/1/0667/0961/8926/files/meta-sq-9543504494830-40656422306030.jpg?format=pjpg,"https://cdn.shopify.com/s/files/1/0667/0961/8926/files/meta-sq-add-bfaf4464ea04.jpg?format=pjpg,https://cdn.shopify.com/s/files/1/0667/0961/8926/files/meta-sq-add-2016c9e1da9d.jpg?format=pjpg,https://cdn.shopify.com/s/files/1/0667/0961/8926/files/meta-sq-add-1223ac93eb3f.jpg?format=pjpg",Conjunto de compressão com manguito para qualquer treino.,vimm_feed
49668864573678,https://cdn.shopify.com/s/files/1/0667/0961/8926/files/meta-sq-9543504494830-40656422306030.jpg?format=pjpg,"https://cdn.shopify.com/s/files/1/0667/0961/8926/files/meta-sq-add-bfaf4464ea04.jpg?format=pjpg,https://cdn.shopify.com/s/files/1/0667/0961/8926/files/meta-sq-add-2016c9e1da9d.jpg?format=pjpg,https://cdn.shopify.com/s/files/1/0667/0961/8926/files/meta-sq-add-1223ac93eb3f.jpg?format=pjpg",Conjunto de compressão com manguito para qualquer treino.,vimm_feed
49668864606446,https://cdn.shopify.com/s/files/1/0667/0961/8926/files/meta-sq-9543504494830-40656422306030.jpg?format=pjpg,"https://cdn.shopify.com/s/files/1/0667/0961/8926/files/meta-sq-add-bfaf4464ea04.jpg?format=pjpg,https://cdn.shopify.com/s/files/1/0667/0961/8926/files/meta-sq-add-2016c9e1da9d.jpg?format=pjpg,https://cdn.shopify.com/s/files/1/0667/0961/8926/files/meta-sq-add-1223ac93eb3f.jpg?format=pjpg",Conjunto de compressão com manguito para qualquer treino.,vimm_feed
49668864639214,https://cdn.shopify.com/s/files/1/0667/0961/8926/files/meta-sq-9543504494830-40656422306030.jpg?format=pjpg,"https://cdn.shopify.com/s/files/1/0667/0961/8926/files/meta-sq-add-bfaf4464ea04.jpg?format=pjpg,https://cdn.shopify.com/s/files/1/0667/0961/8926/files/meta-sq-add-2016c9e1da9d.jpg?format=pjpg,https://cdn.shopify.com/s/files/1/0667/0961/8926/files/meta-sq-add-1223ac93eb3f.jpg?format=pjpg",Conjunto de compressão com manguito para qualquer treino.,vimm_feed
49668864671982,https://cdn.shopify.com/s/files/1/0667/0961/8926/files/meta-sq-9543504494830-40656422306030.jpg?format=pjpg,"https://cdn.shopify.com/s/files/1/0667/0961/8926/files/meta-sq-add-bfaf4464ea04.jpg?format=pjpg,https://cdn.shopify.com/s/files/1/0667/0961/8926/files/meta-sq-add-2016c9e1da9d.jpg?format=pjpg,https://cdn.shopify.com/s/files/1/0667/0961/8926/files/meta-sq-add-1223ac93eb3f.jpg?format=pjpg",Conjunto de compressão com manguito para qualquer treino.,vimm_feed
49668864704750,https://cdn.shopify.com/s/files/1/0667/0961/8926/files/meta-sq-9543504494830-40656422306030.jpg?format=pjpg,"https://cdn.shopify.com/s/files/1/0667/0961/8926/files/meta-sq-add-bfaf4464ea04.jpg?format=pjpg,https://cdn.shopify.com/s/files/1/0667/0961/8926/files/meta-sq-add-2016c9e1da9d.jpg?format=pjpg,https://cdn.shopify.com/s/files/1/0667/0961/8926/files/meta-sq-add-1223ac93eb3f.jpg?format=pjpg",Conjunto de compressão com manguito para qualquer treino.,vimm_feed
49668864737518,https://cdn.shopify.com/s/files/1/0667/0961/8926/files/meta-sq-9543504494830-40656422306030.jpg?format=pjpg,"https://cdn.shopify.com/s/files/1/0667/0961/8926/files/meta-sq-add-bfaf4464ea04.jpg?format=pjpg,https://cdn.shopify.com/s/files/1/0667/0961/8926/files/meta-sq-add-2016c9e1da9d.jpg?format=pjpg,https://cdn.shopify.com/s/files/1/0667/0961/8926/files/meta-sq-add-1223ac93eb3f.jpg?format=pjpg",Conjunto de compressão com manguito para qualquer treino.,vimm_feed
49668864770286,https://cdn.shopify.com/s/files/1/0667/0961/8926/files/meta-sq-9543504494830-40656422306030.jpg?format=pjpg,"https://cdn.shopify.com/s/files/1/0667/0961/8926/files/meta-sq-add-bfaf4464ea04.jpg?format=pjpg,https://cdn.shopify.com/s/files/1/0667/0961/8926/files/meta-sq-add-2016c9e1da9d.jpg?format=pjpg,https://cdn.shopify.com/s/files/1/0667/0961/8926/files/meta-sq-add-1223ac93eb3f.jpg?format=pjpg",Conjunto de compressão com manguito para qualquer treino.,vimm_feed
49668864803054,https://cdn.shopify.com/s/files/1/0667/0961/8926/files/meta-sq-9543504494830-40656422306030.jpg?format=pjpg,"https://cdn.shopify.com/s/files/1/0667/0961/8926/files/meta-sq-add-bfaf4464ea04.jpg?format=pjpg,https://cdn.shopify.com/s/files/1/0667/0961/8926/files/meta-sq-add-2016c9e1da9d.jpg?format=pjpg,https://cdn.shopify.com/s/files/1/0667/0961/8926/files/meta-sq-add-1223ac93eb3f.jpg?format=pjpg",Conjunto de compressão com manguito para qualquer treino.,vimm_feed
49668864835822,https://cdn.shopify.com/s/files/1/0667/0961/8926/files/meta-sq-9543504494830-40656422306030.jpg?format=pjpg,"https://cdn.shopify.com/s/files/1/0667/0961/8926/files/meta-sq-add-bfaf4464ea04.jpg?format=pjpg,https://cdn.shopify.com/s/files/1/0667/0961/8926/files/meta-sq-add-2016c9e1da9d.jpg?format=pjpg,https://cdn.shopify.com/s/files/1/0667/0961/8926/files/meta-sq-add-1223ac93eb3f.jpg?format=pjpg",Conjunto de compressão com manguito para qualquer treino.,vimm_feed
49668864868590,https://cdn.shopify.com/s/files/1/0667/0961/8926/files/meta-sq-9543504494830-40656422306030.jpg?format=pjpg,"https://cdn.shopify.com/s/files/1/0667/0961/8926/files/meta-sq-add-bfaf4464ea04.jpg?format=pjpg,https://cdn.shopify.com/s/files/1/0667/0961/8926/files/meta-sq-add-2016c9e1da9d.jpg?format=pjpg,https://cdn.shopify.com/s/files/1/0667/0961/8926/files/meta-sq-add-1223ac93eb3f.jpg?format=pjpg",Conjunto de compressão com manguito para qualquer treino.,vimm_feed
49668864901358,https://cdn.shopify.com/s/files/1/0667/0961/8926/files/meta-sq-9543504494830-40656422306030.jpg?format=pjpg,"https://cdn.shopify.com/s/files/1/0667/0961/8926/files/meta-sq-add-bfaf4464ea04.jpg?format=pjpg,https://cdn.shopify.com/s/files/1/0667/0961/8926/files/meta-sq-add-2016c9e1da9d.jpg?format=pjpg,https://cdn.shopify.com/s/files/1/0667/0961/8926/files/meta-sq-add-1223ac93eb3f.jpg?format=pjpg",Conjunto de compressão com manguito para qualquer treino.,vimm_feed
49668864934126,https://cdn.shopify.com/s/files/1/0667/0961/8926/files/meta-sq-9543504494830-40656422306030.jpg?format=pjpg,"https://cdn.shopify.com/s/files/1/0667/0961/8926/files/meta-sq-add-bfaf4464ea04.jpg?format=pjpg,https://cdn.shopify.com/s/files/1/0667/0961/8926/files/meta-sq-add-2016c9e1da9d.jpg?format=pjpg,https://cdn.shopify.com/s/files/1/0667/0961/8926/files/meta-sq-add-1223ac93eb3f.jpg?format=pjpg",Conjunto de compressão com manguito para qualquer treino.,vimm_feed
49668864966894,https://cdn.shopify.com/s/files/1/0667/0961/8926/files/meta-sq-9543504494830-40656422306030.jpg?format=pjpg,"https://cdn.shopify.com/s/files/1/0667/0961/8926/files/meta-sq-add-bfaf4464ea04.jpg?format=pjpg,https://cdn.shopify.com/s/files/1/0667/0961/8926/files/meta-sq-add-2016c9e1da9d.jpg?format=pjpg,https://cdn.shopify.com/s/files/1/0667/0961/8926/files/meta-sq-add-1223ac93eb3f.jpg?format=pjpg",Conjunto de compressão com manguito para qualquer treino.,vimm_feed
49668864999662,https://cdn.shopify.com/s/files/1/0667/0961/8926/files/meta-sq-9543504494830-40656422306030.jpg?format=pjpg,"https://cdn.shopify.com/s/files/1/0667/0961/8926/files/meta-sq-add-bfaf4464ea04.jpg?format=pjpg,https://cdn.shopify.com/s/files/1/0667/0961/8926/files/meta-sq-add-2016c9e1da9d.jpg?format=pjpg,https://cdn.shopify.com/s/files/1/0667/0961/8926/files/meta-sq-add-1223ac93eb3f.jpg?format=pjpg",Conjunto de compressão com manguito para qualquer treino.,vimm_feed
49668865032430,https://cdn.shopify.com/s/files/1/0667/0961/8926/files/meta-sq-9543504494830-40656422306030.jpg?format=pjpg,"https://cdn.shopify.com/s/files/1/0667/0961/8926/files/meta-sq-add-bfaf4464ea04.jpg?format=pjpg,https://cdn.shopify.com/s/files/1/0667/0961/8926/files/meta-sq-add-2016c9e1da9d.jpg?format=pjpg,https://cdn.shopify.com/s/files/1/0667/0961/8926/files/meta-sq-add-1223ac93eb3f.jpg?format=pjpg",Conjunto de compressão com manguito para qualquer treino.,vimm_feed
49668865065198,https://cdn.shopify.com/s/files/1/0667/0961/8926/files/meta-sq-9543504494830-40656422306030.jpg?format=pjpg,"https://cdn.shopify.com/s/files/1/0667/0961/8926/files/meta-sq-add-bfaf4464ea04.jpg?format=pjpg,https://cdn.shopify.com/s/files/1/0667/0961/8926/files/meta-sq-add-2016c9e1da9d.jpg?format=pjpg,https://cdn.shopify.com/s/files/1/0667/0961/8926/files/meta-sq-add-1223ac93eb3f.jpg?format=pjpg",Conjunto de compressão com manguito para qualquer treino.,vimm_feed
49668865097966,https://cdn.shopify.com/s/files/1/0667/0961/8926/files/meta-sq-9543504494830-40656422306030.jpg?format=pjpg,"https://cdn.shopify.com/s/files/1/0667/0961/8926/files/meta-sq-add-bfaf4464ea04.jpg?format=pjpg,https://cdn.shopify.com/s/files/1/0667/0961/8926/files/meta-sq-add-2016c9e1da9d.jpg?format=pjpg,https://cdn.shopify.com/s/files/1/0667/0961/8926/files/meta-sq-add-1223ac93eb3f.jpg?format=pjpg",Conjunto de compressão com manguito para qualquer treino.,vimm_feed
49668865130734,https://cdn.shopify.com/s/files/1/0667/0961/8926/files/meta-sq-9543504494830-40656422306030.jpg?format=pjpg,"https://cdn.shopify.com/s/files/1/0667/0961/8926/files/meta-sq-add-bfaf4464ea04.jpg?format=pjpg,https://cdn.shopify.com/s/files/1/0667/0961/8926/files/meta-sq-add-2016c9e1da9d.jpg?format=pjpg,https://cdn.shopify.com/s/files/1/0667/0961/8926/files/meta-sq-add-1223ac93eb3f.jpg?format=pjpg",Conjunto de compressão com manguito para qualquer treino.,vimm_feed
49668865163502,https://cdn.shopify.com/s/files/1/0667/0961/8926/files/meta-sq-9543504494830-40656422306030.jpg?format=pjpg,"https://cdn.shopify.com/s/files/1/0667/0961/8926/files/meta-sq-add-bfaf4464ea04.jpg?format=pjpg,https://cdn.shopify.com/s/files/1/0667/0961/8926/files/meta-sq-add-2016c9e1da9d.jpg?format=pjpg,https://cdn.shopify.com/s/files/1/0667/0961/8926/files/meta-sq-add-1223ac93eb3f.jpg?format=pjpg",Conjunto de compressão com manguito para qualquer treino.,vimm_feed
49668865196270,https://cdn.shopify.com/s/files/1/0667/0961/8926/files/meta-sq-9543504494830-40656422306030.jpg?format=pjpg,"https://cdn.shopify.com/s/files/1/0667/0961/8926/files/meta-sq-add-bfaf4464ea04.jpg?format=pjpg,https://cdn.shopify.com/s/files/1/0667/0961/8926/files/meta-sq-add-2016c9e1da9d.jpg?format=pjpg,https://cdn.shopify.com/s/files/1/0667/0961/8926/files/meta-sq-add-1223ac93eb3f.jpg?format=pjpg",Conjunto de compressão com manguito para qualquer treino.,vimm_feed
49668865229038,https://cdn.shopify.com/s/files/1/0667/0961/8926/files/meta-sq-9543504494830-40656422306030.jpg?format=pjpg,"https://cdn.shopify.com/s/files/1/0667/0961/8926/files/meta-sq-add-bfaf4464ea04.jpg?format=pjpg,https://cdn.shopify.com/s/files/1/0667/0961/8926/files/meta-sq-add-2016c9e1da9d.jpg?format=pjpg,https://cdn.shopify.com/s/files/1/0667/0961/8926/files/meta-sq-add-1223ac93eb3f.jpg?format=pjpg",Conjunto de compressão com manguito para qualquer treino.,vimm_feed
49668865261806,https://cdn.shopify.com/s/files/1/0667/0961/8926/files/meta-sq-9543504494830-40656422306030.jpg?format=pjpg,"https://cdn.shopify.com/s/files/1/0667/0961/8926/files/meta-sq-add-bfaf4464ea04.jpg?format=pjpg,https://cdn.shopify.com/s/files/1/0667/0961/8926/files/meta-sq-add-2016c9e1da9d.jpg?format=pjpg,https://cdn.shopify.com/s/files/1/0667/0961/8926/files/meta-sq-add-1223ac93eb3f.jpg?format=pjpg",Conjunto de compressão com manguito para qualquer treino.,vimm_feed
49668865294574,https://cdn.shopify.com/s/files/1/0667/0961/8926/files/meta-sq-9543504494830-40656422306030.jpg?format=pjpg,"https://cdn.shopify.com/s/files/1/0667/0961/8926/files/meta-sq-add-bfaf4464ea04.jpg?format=pjpg,https://cdn.shopify.com/s/files/1/0667/0961/8926/files/meta-sq-add-2016c9e1da9d.jpg?format=pjpg,https://cdn.shopify.com/s/files/1/0667/0961/8926/files/meta-sq-add-1223ac93eb3f.jpg?format=pjpg",Conjunto de compressão com manguito para qualquer treino.,vimm_feed
49668865327342,https://cdn.shopify.com/s/files/1/0667/0961/8926/files/meta-sq-9543504494830-40656422306030.jpg?format=pjpg,"https://cdn.shopify.com/s/files/1/0667/0961/8926/files/meta-sq-add-bfaf4464ea04.jpg?format=pjpg,https://cdn.shopify.com/s/files/1/0667/0961/8926/files/meta-sq-add-2016c9e1da9d.jpg?format=pjpg,https://cdn.shopify.com/s/files/1/0667/0961/8926/files/meta-sq-add-1223ac93eb3f.jpg?format=pjpg",Conjunto de compressão com manguito para qualquer treino.,vimm_feed
49668865360110,https://cdn.shopify.com/s/files/1/0667/0961/8926/files/meta-sq-9543504494830-40656422306030.jpg?format=pjpg,"https://cdn.shopify.com/s/files/1/0667/0961/8926/files/meta-sq-add-bfaf4464ea04.jpg?format=pjpg,https://cdn.shopify.com/s/files/1/0667/0961/8926/files/meta-sq-add-2016c9e1da9d.jpg?format=pjpg,https://cdn.shopify.com/s/files/1/0667/0961/8926/files/meta-sq-add-1223ac93eb3f.jpg?format=pjpg",Conjunto de compressão com manguito para qualquer treino.,vimm_feed
49668865392878,https://cdn.shopify.com/s/files/1/0667/0961/8926/files/meta-sq-9543504494830-40656422306030.jpg?format=pjpg,"https://cdn.shopify.com/s/files/1/0667/0961/8926/files/meta-sq-add-bfaf4464ea04.jpg?format=pjpg,https://cdn.shopify.com/s/files/1/0667/0961/8926/files/meta-sq-add-2016c9e1da9d.jpg?format=pjpg,https://cdn.shopify.com/s/files/1/0667/0961/8926/files/meta-sq-add-1223ac93eb3f.jpg?format=pjpg",Conjunto de compressão com manguito para qualquer treino.,vimm_feed
49668865425646,https://cdn.shopify.com/s/files/1/0667/0961/8926/files/meta-sq-9543504494830-40656422306030.jpg?format=pjpg,"https://cdn.shopify.com/s/files/1/0667/0961/8926/files/meta-sq-add-bfaf4464ea04.jpg?format=pjpg,https://cdn.shopify.com/s/files/1/0667/0961/8926/files/meta-sq-add-2016c9e1da9d.jpg?format=pjpg,https://cdn.shopify.com/s/files/1/0667/0961/8926/files/meta-sq-add-1223ac93eb3f.jpg?format=pjpg",Conjunto de compressão com manguito para qualquer treino.,vimm_feed
49668865458414,https://cdn.shopify.com/s/files/1/0667/0961/8926/files/meta-sq-9543504494830-40656422306030.jpg?format=pjpg,"https://cdn.shopify.com/s/files/1/0667/0961/8926/files/meta-sq-add-bfaf4464ea04.jpg?format=pjpg,https://cdn.shopify.com/s/files/1/0667/0961/8926/files/meta-sq-add-2016c9e1da9d.jpg?format=pjpg,https://cdn.shopify.com/s/files/1/0667/0961/8926/files/meta-sq-add-1223ac93eb3f.jpg?format=pjpg",Conjunto de compressão com manguito para qualquer treino.,vimm_feed
49668865491182,https://cdn.shopify.com/s/files/1/0667/0961/8926/files/meta-sq-9543504494830-40656422306030.jpg?format=pjpg,"https://cdn.shopify.com/s/files/1/0667/0961/8926/files/meta-sq-add-bfaf4464ea04.jpg?format=pjpg,https://cdn.shopify.com/s/files/1/0667/0961/8926/files/meta-sq-add-2016c9e1da9d.jpg?format=pjpg,https://cdn.shopify.com/s/files/1/0667/0961/8926/files/meta-sq-add-1223ac93eb3f.jpg?format=pjpg",Conjunto de compressão com manguito para qualquer treino.,vimm_feed
49668865523950,https://cdn.shopify.com/s/files/1/0667/0961/8926/files/meta-sq-9543504494830-40656422306030.jpg?format=pjpg,"https://cdn.shopify.com/s/files/1/0667/0961/8926/files/meta-sq-add-bfaf4464ea04.jpg?format=pjpg,https://cdn.shopify.com/s/files/1/0667/0961/8926/files/meta-sq-add-2016c9e1da9d.jpg?format=pjpg,https://cdn.shopify.com/s/files/1/0667/0961/8926/files/meta-sq-add-1223ac93eb3f.jpg?format=pjpg",Conjunto de compressão com manguito para qualquer treino.,vimm_feed
49668865556718,https://cdn.shopify.com/s/files/1/0667/0961/8926/files/meta-sq-9543504494830-40656422306030.jpg?format=pjpg,"https://cdn.shopify.com/s/files/1/0667/0961/8926/files/meta-sq-add-bfaf4464ea04.jpg?format=pjpg,https://cdn.shopify.com/s/files/1/0667/0961/8926/files/meta-sq-add-2016c9e1da9d.jpg?format=pjpg,https://cdn.shopify.com/s/files/1/0667/0961/8926/files/meta-sq-add-1223ac93eb3f.jpg?format=pjpg",Conjunto de compressão com manguito para qualquer treino.,vimm_feed
49668865589486,https://cdn.shopify.com/s/files/1/0667/0961/8926/files/meta-sq-9543504494830-40656422306030.jpg?format=pjpg,"https://cdn.shopify.com/s/files/1/0667/0961/8926/files/meta-sq-add-bfaf4464ea04.jpg?format=pjpg,https://cdn.shopify.com/s/files/1/0667/0961/8926/files/meta-sq-add-2016c9e1da9d.jpg?format=pjpg,https://cdn.shopify.com/s/files/1/0667/0961/8926/files/meta-sq-add-1223ac93eb3f.jpg?format=pjpg",Conjunto de compressão com manguito para qualquer treino.,vimm_feed
49668865622254,https://cdn.shopify.com/s/files/1/0667/0961/8926/files/meta-sq-9543504494830-40656422306030.jpg?format=pjpg,"https://cdn.shopify.com/s/files/1/0667/0961/8926/files/meta-sq-add-bfaf4464ea04.jpg?format=pjpg,https://cdn.shopify.com/s/files/1/0667/0961/8926/files/meta-sq-add-2016c9e1da9d.jpg?format=pjpg,https://cdn.shopify.com/s/files/1/0667/0961/8926/files/meta-sq-add-1223ac93eb3f.jpg?format=pjpg",Conjunto de compressão com manguito para qualquer treino.,vimm_feed
49668865655022,https://cdn.shopify.com/s/files/1/0667/0961/8926/files/meta-sq-9543504494830-40656422306030.jpg?format=pjpg,"https://cdn.shopify.com/s/files/1/0667/0961/8926/files/meta-sq-add-bfaf4464ea04.jpg?format=pjpg,https://cdn.shopify.com/s/files/1/0667/0961/8926/files/meta-sq-add-2016c9e1da9d.jpg?format=pjpg,https://cdn.shopify.com/s/files/1/0667/0961/8926/files/meta-sq-add-1223ac93eb3f.jpg?format=pjpg",Conjunto de compressão com manguito para qualquer treino.,vimm_feed
49668865687790,https://cdn.shopify.com/s/files/1/0667/0961/8926/files/meta-sq-9543504494830-40656422306030.jpg?format=pjpg,"https://cdn.shopify.com/s/files/1/0667/0961/8926/files/meta-sq-add-bfaf4464ea04.jpg?format=pjpg,https://cdn.shopify.com/s/files/1/0667/0961/8926/files/meta-sq-add-2016c9e1da9d.jpg?format=pjpg,https://cdn.shopify.com/s/files/1/0667/0961/8926/files/meta-sq-add-1223ac93eb3f.jpg?format=pjpg",Conjunto de compressão com manguito para qualquer treino.,vimm_feed
49668865720558,https://cdn.shopify.com/s/files/1/0667/0961/8926/files/meta-sq-9543504494830-40656422306030.jpg?format=pjpg,"https://cdn.shopify.com/s/files/1/0667/0961/8926/files/meta-sq-add-bfaf4464ea04.jpg?format=pjpg,https://cdn.shopify.com/s/files/1/0667/0961/8926/files/meta-sq-add-2016c9e1da9d.jpg?format=pjpg,https://cdn.shopify.com/s/files/1/0667/0961/8926/files/meta-sq-add-1223ac93eb3f.jpg?format=pjpg",Conjunto de compressão com manguito para qualquer treino.,vimm_feed
49668865753326,https://cdn.shopify.com/s/files/1/0667/0961/8926/files/meta-sq-9543504494830-40656422306030.jpg?format=pjpg,"https://cdn.shopify.com/s/files/1/0667/0961/8926/files/meta-sq-add-bfaf4464ea04.jpg?format=pjpg,https://cdn.shopify.com/s/files/1/0667/0961/8926/files/meta-sq-add-2016c9e1da9d.jpg?format=pjpg,https://cdn.shopify.com/s/files/1/0667/0961/8926/files/meta-sq-add-1223ac93eb3f.jpg?format=pjpg",Conjunto de compressão com manguito para qualquer treino.,vimm_feed
49668865786094,https://cdn.shopify.com/s/files/1/0667/0961/8926/files/meta-sq-9543504494830-40656422306030.jpg?format=pjpg,"https://cdn.shopify.com/s/files/1/0667/0961/8926/files/meta-sq-add-bfaf4464ea04.jpg?format=pjpg,https://cdn.shopify.com/s/files/1/0667/0961/8926/files/meta-sq-add-2016c9e1da9d.jpg?format=pjpg,https://cdn.shopify.com/s/files/1/0667/0961/8926/files/meta-sq-add-1223ac93eb3f.jpg?format=pjpg",Conjunto de compressão com manguito para qualquer treino.,vimm_feed
49668865818862,https://cdn.shopify.com/s/files/1/0667/0961/8926/files/meta-sq-9543504494830-40656422306030.jpg?format=pjpg,"https://cdn.shopify.com/s/files/1/0667/0961/8926/files/meta-sq-add-bfaf4464ea04.jpg?format=pjpg,https://cdn.shopify.com/s/files/1/0667/0961/8926/files/meta-sq-add-2016c9e1da9d.jpg?format=pjpg,https://cdn.shopify.com/s/files/1/0667/0961/8926/files/meta-sq-add-1223ac93eb3f.jpg?format=pjpg",Conjunto de compressão com manguito para qualquer treino.,vimm_feed
49668865851630,https://cdn.shopify.com/s/files/1/0667/0961/8926/files/meta-sq-9543504494830-40656422306030.jpg?format=pjpg,"https://cdn.shopify.com/s/files/1/0667/0961/8926/files/meta-sq-add-bfaf4464ea04.jpg?format=pjpg,https://cdn.shopify.com/s/files/1/0667/0961/8926/files/meta-sq-add-2016c9e1da9d.jpg?format=pjpg,https://cdn.shopify.com/s/files/1/0667/0961/8926/files/meta-sq-add-1223ac93eb3f.jpg?format=pjpg",Conjunto de compressão com manguito para qualquer treino.,vimm_feed
49668865884398,https://cdn.shopify.com/s/files/1/0667/0961/8926/files/meta-sq-9543504494830-40656422306030.jpg?format=pjpg,"https://cdn.shopify.com/s/files/1/0667/0961/8926/files/meta-sq-add-bfaf4464ea04.jpg?format=pjpg,https://cdn.shopify.com/s/files/1/0667/0961/8926/files/meta-sq-add-2016c9e1da9d.jpg?format=pjpg,https://cdn.shopify.com/s/files/1/0667/0961/8926/files/meta-sq-add-1223ac93eb3f.jpg?format=pjpg",Conjunto de compressão com manguito para qualquer treino.,vimm_feed
49662798692590,https://cdn.shopify.com/s/files/1/0667/0961/8926/files/meta-sq-9542160056558-40656420405486.jpg?format=pjpg,"https://cdn.shopify.com/s/files/1/0667/0961/8926/files/meta-sq-add-a65bc6a942a7.jpg?format=pjpg,https://cdn.shopify.com/s/files/1/0667/0961/8926/files/meta-sq-add-e576f9f11fd8.jpg?format=pjpg",Conjunto com top-blusa de 6 bolsos para treino e prova.,vimm_feed
49662798823662,https://cdn.shopify.com/s/files/1/0667/0961/8926/files/meta-sq-9542160056558-40656420405486.jpg?format=pjpg,"https://cdn.shopify.com/s/files/1/0667/0961/8926/files/meta-sq-add-a65bc6a942a7.jpg?format=pjpg,https://cdn.shopify.com/s/files/1/0667/0961/8926/files/meta-sq-add-e576f9f11fd8.jpg?format=pjpg",Conjunto com top-blusa de 6 bolsos para treino e prova.,vimm_feed
49662798954734,https://cdn.shopify.com/s/files/1/0667/0961/8926/files/meta-sq-9542160056558-40656420405486.jpg?format=pjpg,"https://cdn.shopify.com/s/files/1/0667/0961/8926/files/meta-sq-add-a65bc6a942a7.jpg?format=pjpg,https://cdn.shopify.com/s/files/1/0667/0961/8926/files/meta-sq-add-e576f9f11fd8.jpg?format=pjpg",Conjunto com top-blusa de 6 bolsos para treino e prova.,vimm_feed
49662799085806,https://cdn.shopify.com/s/files/1/0667/0961/8926/files/meta-sq-9542160056558-40656420405486.jpg?format=pjpg,"https://cdn.shopify.com/s/files/1/0667/0961/8926/files/meta-sq-add-a65bc6a942a7.jpg?format=pjpg,https://cdn.shopify.com/s/files/1/0667/0961/8926/files/meta-sq-add-e576f9f11fd8.jpg?format=pjpg",Conjunto com top-blusa de 6 bolsos para treino e prova.,vimm_feed
49662799216878,https://cdn.shopify.com/s/files/1/0667/0961/8926/files/meta-sq-9542160056558-40656420405486.jpg?format=pjpg,"https://cdn.shopify.com/s/files/1/0667/0961/8926/files/meta-sq-add-a65bc6a942a7.jpg?format=pjpg,https://cdn.shopify.com/s/files/1/0667/0961/8926/files/meta-sq-add-e576f9f11fd8.jpg?format=pjpg",Conjunto com top-blusa de 6 bolsos para treino e prova.,vimm_feed
49662798725358,https://cdn.shopify.com/s/files/1/0667/0961/8926/files/meta-sq-9542160056558-40656420405486.jpg?format=pjpg,"https://cdn.shopify.com/s/files/1/0667/0961/8926/files/meta-sq-add-a65bc6a942a7.jpg?format=pjpg,https://cdn.shopify.com/s/files/1/0667/0961/8926/files/meta-sq-add-e576f9f11fd8.jpg?format=pjpg",Conjunto com top-blusa de 6 bolsos para treino e prova.,vimm_feed
49662798856430,https://cdn.shopify.com/s/files/1/0667/0961/8926/files/meta-sq-9542160056558-40656420405486.jpg?format=pjpg,"https://cdn.shopify.com/s/files/1/0667/0961/8926/files/meta-sq-add-a65bc6a942a7.jpg?format=pjpg,https://cdn.shopify.com/s/files/1/0667/0961/8926/files/meta-sq-add-e576f9f11fd8.jpg?format=pjpg",Conjunto com top-blusa de 6 bolsos para treino e prova.,vimm_feed
49662798987502,https://cdn.shopify.com/s/files/1/0667/0961/8926/files/meta-sq-9542160056558-40656420405486.jpg?format=pjpg,"https://cdn.shopify.com/s/files/1/0667/0961/8926/files/meta-sq-add-a65bc6a942a7.jpg?format=pjpg,https://cdn.shopify.com/s/files/1/0667/0961/8926/files/meta-sq-add-e576f9f11fd8.jpg?format=pjpg",Conjunto com top-blusa de 6 bolsos para treino e prova.,vimm_feed
49662799118574,https://cdn.shopify.com/s/files/1/0667/0961/8926/files/meta-sq-9542160056558-40656420405486.jpg?format=pjpg,"https://cdn.shopify.com/s/files/1/0667/0961/8926/files/meta-sq-add-a65bc6a942a7.jpg?format=pjpg,https://cdn.shopify.com/s/files/1/0667/0961/8926/files/meta-sq-add-e576f9f11fd8.jpg?format=pjpg",Conjunto com top-blusa de 6 bolsos para treino e prova.,vimm_feed
49662799249646,https://cdn.shopify.com/s/files/1/0667/0961/8926/files/meta-sq-9542160056558-40656420405486.jpg?format=pjpg,"https://cdn.shopify.com/s/files/1/0667/0961/8926/files/meta-sq-add-a65bc6a942a7.jpg?format=pjpg,https://cdn.shopify.com/s/files/1/0667/0961/8926/files/meta-sq-add-e576f9f11fd8.jpg?format=pjpg",Conjunto com top-blusa de 6 bolsos para treino e prova.,vimm_feed
49662798758126,https://cdn.shopify.com/s/files/1/0667/0961/8926/files/meta-sq-9542160056558-40656420405486.jpg?format=pjpg,"https://cdn.shopify.com/s/files/1/0667/0961/8926/files/meta-sq-add-a65bc6a942a7.jpg?format=pjpg,https://cdn.shopify.com/s/files/1/0667/0961/8926/files/meta-sq-add-e576f9f11fd8.jpg?format=pjpg",Conjunto com top-blusa de 6 bolsos para treino e prova.,vimm_feed
49662798889198,https://cdn.shopify.com/s/files/1/0667/0961/8926/files/meta-sq-9542160056558-40656420405486.jpg?format=pjpg,"https://cdn.shopify.com/s/files/1/0667/0961/8926/files/meta-sq-add-a65bc6a942a7.jpg?format=pjpg,https://cdn.shopify.com/s/files/1/0667/0961/8926/files/meta-sq-add-e576f9f11fd8.jpg?format=pjpg",Conjunto com top-blusa de 6 bolsos para treino e prova.,vimm_feed
49662799020270,https://cdn.shopify.com/s/files/1/0667/0961/8926/files/meta-sq-9542160056558-40656420405486.jpg?format=pjpg,"https://cdn.shopify.com/s/files/1/0667/0961/8926/files/meta-sq-add-a65bc6a942a7.jpg?format=pjpg,https://cdn.shopify.com/s/files/1/0667/0961/8926/files/meta-sq-add-e576f9f11fd8.jpg?format=pjpg",Conjunto com top-blusa de 6 bolsos para treino e prova.,vimm_feed
49662799151342,https://cdn.shopify.com/s/files/1/0667/0961/8926/files/meta-sq-9542160056558-40656420405486.jpg?format=pjpg,"https://cdn.shopify.com/s/files/1/0667/0961/8926/files/meta-sq-add-a65bc6a942a7.jpg?format=pjpg,https://cdn.shopify.com/s/files/1/0667/0961/8926/files/meta-sq-add-e576f9f11fd8.jpg?format=pjpg",Conjunto com top-blusa de 6 bolsos para treino e prova.,vimm_feed
49662799282414,https://cdn.shopify.com/s/files/1/0667/0961/8926/files/meta-sq-9542160056558-40656420405486.jpg?format=pjpg,"https://cdn.shopify.com/s/files/1/0667/0961/8926/files/meta-sq-add-a65bc6a942a7.jpg?format=pjpg,https://cdn.shopify.com/s/files/1/0667/0961/8926/files/meta-sq-add-e576f9f11fd8.jpg?format=pjpg",Conjunto com top-blusa de 6 bolsos para treino e prova.,vimm_feed
49662798790894,https://cdn.shopify.com/s/files/1/0667/0961/8926/files/meta-sq-9542160056558-40656420405486.jpg?format=pjpg,"https://cdn.shopify.com/s/files/1/0667/0961/8926/files/meta-sq-add-a65bc6a942a7.jpg?format=pjpg,https://cdn.shopify.com/s/files/1/0667/0961/8926/files/meta-sq-add-e576f9f11fd8.jpg?format=pjpg",Conjunto com top-blusa de 6 bolsos para treino e prova.,vimm_feed
49662798921966,https://cdn.shopify.com/s/files/1/0667/0961/8926/files/meta-sq-9542160056558-40656420405486.jpg?format=pjpg,"https://cdn.shopify.com/s/files/1/0667/0961/8926/files/meta-sq-add-a65bc6a942a7.jpg?format=pjpg,https://cdn.shopify.com/s/files/1/0667/0961/8926/files/meta-sq-add-e576f9f11fd8.jpg?format=pjpg",Conjunto com top-blusa de 6 bolsos para treino e prova.,vimm_feed
49662799053038,https://cdn.shopify.com/s/files/1/0667/0961/8926/files/meta-sq-9542160056558-40656420405486.jpg?format=pjpg,"https://cdn.shopify.com/s/files/1/0667/0961/8926/files/meta-sq-add-a65bc6a942a7.jpg?format=pjpg,https://cdn.shopify.com/s/files/1/0667/0961/8926/files/meta-sq-add-e576f9f11fd8.jpg?format=pjpg",Conjunto com top-blusa de 6 bolsos para treino e prova.,vimm_feed
49662799184110,https://cdn.shopify.com/s/files/1/0667/0961/8926/files/meta-sq-9542160056558-40656420405486.jpg?format=pjpg,"https://cdn.shopify.com/s/files/1/0667/0961/8926/files/meta-sq-add-a65bc6a942a7.jpg?format=pjpg,https://cdn.shopify.com/s/files/1/0667/0961/8926/files/meta-sq-add-e576f9f11fd8.jpg?format=pjpg",Conjunto com top-blusa de 6 bolsos para treino e prova.,vimm_feed
49662799315182,https://cdn.shopify.com/s/files/1/0667/0961/8926/files/meta-sq-9542160056558-40656420405486.jpg?format=pjpg,"https://cdn.shopify.com/s/files/1/0667/0961/8926/files/meta-sq-add-a65bc6a942a7.jpg?format=pjpg,https://cdn.shopify.com/s/files/1/0667/0961/8926/files/meta-sq-add-e576f9f11fd8.jpg?format=pjpg",Conjunto com top-blusa de 6 bolsos para treino e prova.,vimm_feed
49662796988654,https://cdn.shopify.com/s/files/1/0667/0961/8926/files/meta-sq-9542159728878-40673524842734.jpg?format=pjpg,"https://cdn.shopify.com/s/files/1/0667/0961/8926/files/meta-sq-add-c2faac69a52d.jpg?format=pjpg,https://cdn.shopify.com/s/files/1/0667/0961/8926/files/meta-sq-add-e13092f6235f.jpg?format=pjpg,https://cdn.shopify.com/s/files/1/0667/0961/8926/files/meta-sq-add-b67356577c5d.jpg?format=pjpg",Conjunto com top-blusa de 6 bolsos para treino e prova.,vimm_feed
49662797119726,https://cdn.shopify.com/s/files/1/0667/0961/8926/files/meta-sq-9542159728878-40673524842734.jpg?format=pjpg,"https://cdn.shopify.com/s/files/1/0667/0961/8926/files/meta-sq-add-c2faac69a52d.jpg?format=pjpg,https://cdn.shopify.com/s/files/1/0667/0961/8926/files/meta-sq-add-e13092f6235f.jpg?format=pjpg,https://cdn.shopify.com/s/files/1/0667/0961/8926/files/meta-sq-add-b67356577c5d.jpg?format=pjpg",Conjunto com top-blusa de 6 bolsos para treino e prova.,vimm_feed
49662797250798,https://cdn.shopify.com/s/files/1/0667/0961/8926/files/meta-sq-9542159728878-40673524842734.jpg?format=pjpg,"https://cdn.shopify.com/s/files/1/0667/0961/8926/files/meta-sq-add-c2faac69a52d.jpg?format=pjpg,https://cdn.shopify.com/s/files/1/0667/0961/8926/files/meta-sq-add-e13092f6235f.jpg?format=pjpg,https://cdn.shopify.com/s/files/1/0667/0961/8926/files/meta-sq-add-b67356577c5d.jpg?format=pjpg",Conjunto com top-blusa de 6 bolsos para treino e prova.,vimm_feed
49662797381870,https://cdn.shopify.com/s/files/1/0667/0961/8926/files/meta-sq-9542159728878-40673524842734.jpg?format=pjpg,"https://cdn.shopify.com/s/files/1/0667/0961/8926/files/meta-sq-add-c2faac69a52d.jpg?format=pjpg,https://cdn.shopify.com/s/files/1/0667/0961/8926/files/meta-sq-add-e13092f6235f.jpg?format=pjpg,https://cdn.shopify.com/s/files/1/0667/0961/8926/files/meta-sq-add-b67356577c5d.jpg?format=pjpg",Conjunto com top-blusa de 6 bolsos para treino e prova.,vimm_feed
49662797512942,https://cdn.shopify.com/s/files/1/0667/0961/8926/files/meta-sq-9542159728878-40673524842734.jpg?format=pjpg,"https://cdn.shopify.com/s/files/1/0667/0961/8926/files/meta-sq-add-c2faac69a52d.jpg?format=pjpg,https://cdn.shopify.com/s/files/1/0667/0961/8926/files/meta-sq-add-e13092f6235f.jpg?format=pjpg,https://cdn.shopify.com/s/files/1/0667/0961/8926/files/meta-sq-add-b67356577c5d.jpg?format=pjpg",Conjunto com top-blusa de 6 bolsos para treino e prova.,vimm_feed
49662797021422,https://cdn.shopify.com/s/files/1/0667/0961/8926/files/meta-sq-9542159728878-40673524842734.jpg?format=pjpg,"https://cdn.shopify.com/s/files/1/0667/0961/8926/files/meta-sq-add-c2faac69a52d.jpg?format=pjpg,https://cdn.shopify.com/s/files/1/0667/0961/8926/files/meta-sq-add-e13092f6235f.jpg?format=pjpg,https://cdn.shopify.com/s/files/1/0667/0961/8926/files/meta-sq-add-b67356577c5d.jpg?format=pjpg",Conjunto com top-blusa de 6 bolsos para treino e prova.,vimm_feed
49662797152494,https://cdn.shopify.com/s/files/1/0667/0961/8926/files/meta-sq-9542159728878-40673524842734.jpg?format=pjpg,"https://cdn.shopify.com/s/files/1/0667/0961/8926/files/meta-sq-add-c2faac69a52d.jpg?format=pjpg,https://cdn.shopify.com/s/files/1/0667/0961/8926/files/meta-sq-add-e13092f6235f.jpg?format=pjpg,https://cdn.shopify.com/s/files/1/0667/0961/8926/files/meta-sq-add-b67356577c5d.jpg?format=pjpg",Conjunto com top-blusa de 6 bolsos para treino e prova.,vimm_feed
49662797283566,https://cdn.shopify.com/s/files/1/0667/0961/8926/files/meta-sq-9542159728878-40673524842734.jpg?format=pjpg,"https://cdn.shopify.com/s/files/1/0667/0961/8926/files/meta-sq-add-c2faac69a52d.jpg?format=pjpg,https://cdn.shopify.com/s/files/1/0667/0961/8926/files/meta-sq-add-e13092f6235f.jpg?format=pjpg,https://cdn.shopify.com/s/files/1/0667/0961/8926/files/meta-sq-add-b67356577c5d.jpg?format=pjpg",Conjunto com top-blusa de 6 bolsos para treino e prova.,vimm_feed
49662797414638,https://cdn.shopify.com/s/files/1/0667/0961/8926/files/meta-sq-9542159728878-40673524842734.jpg?format=pjpg,"https://cdn.shopify.com/s/files/1/0667/0961/8926/files/meta-sq-add-c2faac69a52d.jpg?format=pjpg,https://cdn.shopify.com/s/files/1/0667/0961/8926/files/meta-sq-add-e13092f6235f.jpg?format=pjpg,https://cdn.shopify.com/s/files/1/0667/0961/8926/files/meta-sq-add-b67356577c5d.jpg?format=pjpg",Conjunto com top-blusa de 6 bolsos para treino e prova.,vimm_feed
49662797545710,https://cdn.shopify.com/s/files/1/0667/0961/8926/files/meta-sq-9542159728878-40673524842734.jpg?format=pjpg,"https://cdn.shopify.com/s/files/1/0667/0961/8926/files/meta-sq-add-c2faac69a52d.jpg?format=pjpg,https://cdn.shopify.com/s/files/1/0667/0961/8926/files/meta-sq-add-e13092f6235f.jpg?format=pjpg,https://cdn.shopify.com/s/files/1/0667/0961/8926/files/meta-sq-add-b67356577c5d.jpg?format=pjpg",Conjunto com top-blusa de 6 bolsos para treino e prova.,vimm_feed
49662797054190,https://cdn.shopify.com/s/files/1/0667/0961/8926/files/meta-sq-9542159728878-40673524842734.jpg?format=pjpg,"https://cdn.shopify.com/s/files/1/0667/0961/8926/files/meta-sq-add-c2faac69a52d.jpg?format=pjpg,https://cdn.shopify.com/s/files/1/0667/0961/8926/files/meta-sq-add-e13092f6235f.jpg?format=pjpg,https://cdn.shopify.com/s/files/1/0667/0961/8926/files/meta-sq-add-b67356577c5d.jpg?format=pjpg",Conjunto com top-blusa de 6 bolsos para treino e prova.,vimm_feed
49662797185262,https://cdn.shopify.com/s/files/1/0667/0961/8926/files/meta-sq-9542159728878-40673524842734.jpg?format=pjpg,"https://cdn.shopify.com/s/files/1/0667/0961/8926/files/meta-sq-add-c2faac69a52d.jpg?format=pjpg,https://cdn.shopify.com/s/files/1/0667/0961/8926/files/meta-sq-add-e13092f6235f.jpg?format=pjpg,https://cdn.shopify.com/s/files/1/0667/0961/8926/files/meta-sq-add-b67356577c5d.jpg?format=pjpg",Conjunto com top-blusa de 6 bolsos para treino e prova.,vimm_feed
49662797316334,https://cdn.shopify.com/s/files/1/0667/0961/8926/files/meta-sq-9542159728878-40673524842734.jpg?format=pjpg,"https://cdn.shopify.com/s/files/1/0667/0961/8926/files/meta-sq-add-c2faac69a52d.jpg?format=pjpg,https://cdn.shopify.com/s/files/1/0667/0961/8926/files/meta-sq-add-e13092f6235f.jpg?format=pjpg,https://cdn.shopify.com/s/files/1/0667/0961/8926/files/meta-sq-add-b67356577c5d.jpg?format=pjpg",Conjunto com top-blusa de 6 bolsos para treino e prova.,vimm_feed
49662797447406,https://cdn.shopify.com/s/files/1/0667/0961/8926/files/meta-sq-9542159728878-40673524842734.jpg?format=pjpg,"https://cdn.shopify.com/s/files/1/0667/0961/8926/files/meta-sq-add-c2faac69a52d.jpg?format=pjpg,https://cdn.shopify.com/s/files/1/0667/0961/8926/files/meta-sq-add-e13092f6235f.jpg?format=pjpg,https://cdn.shopify.com/s/files/1/0667/0961/8926/files/meta-sq-add-b67356577c5d.jpg?format=pjpg",Conjunto com top-blusa de 6 bolsos para treino e prova.,vimm_feed
49662797578478,https://cdn.shopify.com/s/files/1/0667/0961/8926/files/meta-sq-9542159728878-40673524842734.jpg?format=pjpg,"https://cdn.shopify.com/s/files/1/0667/0961/8926/files/meta-sq-add-c2faac69a52d.jpg?format=pjpg,https://cdn.shopify.com/s/files/1/0667/0961/8926/files/meta-sq-add-e13092f6235f.jpg?format=pjpg,https://cdn.shopify.com/s/files/1/0667/0961/8926/files/meta-sq-add-b67356577c5d.jpg?format=pjpg",Conjunto com top-blusa de 6 bolsos para treino e prova.,vimm_feed
49662797086958,https://cdn.shopify.com/s/files/1/0667/0961/8926/files/meta-sq-9542159728878-40673524842734.jpg?format=pjpg,"https://cdn.shopify.com/s/files/1/0667/0961/8926/files/meta-sq-add-c2faac69a52d.jpg?format=pjpg,https://cdn.shopify.com/s/files/1/0667/0961/8926/files/meta-sq-add-e13092f6235f.jpg?format=pjpg,https://cdn.shopify.com/s/files/1/0667/0961/8926/files/meta-sq-add-b67356577c5d.jpg?format=pjpg",Conjunto com top-blusa de 6 bolsos para treino e prova.,vimm_feed
49662797218030,https://cdn.shopify.com/s/files/1/0667/0961/8926/files/meta-sq-9542159728878-40673524842734.jpg?format=pjpg,"https://cdn.shopify.com/s/files/1/0667/0961/8926/files/meta-sq-add-c2faac69a52d.jpg?format=pjpg,https://cdn.shopify.com/s/files/1/0667/0961/8926/files/meta-sq-add-e13092f6235f.jpg?format=pjpg,https://cdn.shopify.com/s/files/1/0667/0961/8926/files/meta-sq-add-b67356577c5d.jpg?format=pjpg",Conjunto com top-blusa de 6 bolsos para treino e prova.,vimm_feed
49662797349102,https://cdn.shopify.com/s/files/1/0667/0961/8926/files/meta-sq-9542159728878-40673524842734.jpg?format=pjpg,"https://cdn.shopify.com/s/files/1/0667/0961/8926/files/meta-sq-add-c2faac69a52d.jpg?format=pjpg,https://cdn.shopify.com/s/files/1/0667/0961/8926/files/meta-sq-add-e13092f6235f.jpg?format=pjpg,https://cdn.shopify.com/s/files/1/0667/0961/8926/files/meta-sq-add-b67356577c5d.jpg?format=pjpg",Conjunto com top-blusa de 6 bolsos para treino e prova.,vimm_feed
49662797480174,https://cdn.shopify.com/s/files/1/0667/0961/8926/files/meta-sq-9542159728878-40673524842734.jpg?format=pjpg,"https://cdn.shopify.com/s/files/1/0667/0961/8926/files/meta-sq-add-c2faac69a52d.jpg?format=pjpg,https://cdn.shopify.com/s/files/1/0667/0961/8926/files/meta-sq-add-e13092f6235f.jpg?format=pjpg,https://cdn.shopify.com/s/files/1/0667/0961/8926/files/meta-sq-add-b67356577c5d.jpg?format=pjpg",Conjunto com top-blusa de 6 bolsos para treino e prova.,vimm_feed
49662797611246,https://cdn.shopify.com/s/files/1/0667/0961/8926/files/meta-sq-9542159728878-40673524842734.jpg?format=pjpg,"https://cdn.shopify.com/s/files/1/0667/0961/8926/files/meta-sq-add-c2faac69a52d.jpg?format=pjpg,https://cdn.shopify.com/s/files/1/0667/0961/8926/files/meta-sq-add-e13092f6235f.jpg?format=pjpg,https://cdn.shopify.com/s/files/1/0667/0961/8926/files/meta-sq-add-b67356577c5d.jpg?format=pjpg",Conjunto com top-blusa de 6 bolsos para treino e prova.,vimm_feed
49662794629358,https://cdn.shopify.com/s/files/1/0667/0961/8926/files/meta-sq-9542159433966-40656421224686.jpg?format=pjpg,"https://cdn.shopify.com/s/files/1/0667/0961/8926/files/meta-sq-add-708f69083f01.jpg?format=pjpg,https://cdn.shopify.com/s/files/1/0667/0961/8926/files/meta-sq-add-50422c45db13.jpg?format=pjpg",Conjunto com top-blusa de alta sustentação e compressão.,vimm_feed
49662794760430,https://cdn.shopify.com/s/files/1/0667/0961/8926/files/meta-sq-9542159433966-40656421224686.jpg?format=pjpg,"https://cdn.shopify.com/s/files/1/0667/0961/8926/files/meta-sq-add-708f69083f01.jpg?format=pjpg,https://cdn.shopify.com/s/files/1/0667/0961/8926/files/meta-sq-add-50422c45db13.jpg?format=pjpg",Conjunto com top-blusa de alta sustentação e compressão.,vimm_feed
49662794891502,https://cdn.shopify.com/s/files/1/0667/0961/8926/files/meta-sq-9542159433966-40656421224686.jpg?format=pjpg,"https://cdn.shopify.com/s/files/1/0667/0961/8926/files/meta-sq-add-708f69083f01.jpg?format=pjpg,https://cdn.shopify.com/s/files/1/0667/0961/8926/files/meta-sq-add-50422c45db13.jpg?format=pjpg",Conjunto com top-blusa de alta sustentação e compressão.,vimm_feed
49662795022574,https://cdn.shopify.com/s/files/1/0667/0961/8926/files/meta-sq-9542159433966-40656421224686.jpg?format=pjpg,"https://cdn.shopify.com/s/files/1/0667/0961/8926/files/meta-sq-add-708f69083f01.jpg?format=pjpg,https://cdn.shopify.com/s/files/1/0667/0961/8926/files/meta-sq-add-50422c45db13.jpg?format=pjpg",Conjunto com top-blusa de alta sustentação e compressão.,vimm_feed
49662795153646,https://cdn.shopify.com/s/files/1/0667/0961/8926/files/meta-sq-9542159433966-40656421224686.jpg?format=pjpg,"https://cdn.shopify.com/s/files/1/0667/0961/8926/files/meta-sq-add-708f69083f01.jpg?format=pjpg,https://cdn.shopify.com/s/files/1/0667/0961/8926/files/meta-sq-add-50422c45db13.jpg?format=pjpg",Conjunto com top-blusa de alta sustentação e compressão.,vimm_feed
49662794662126,https://cdn.shopify.com/s/files/1/0667/0961/8926/files/meta-sq-9542159433966-40656421224686.jpg?format=pjpg,"https://cdn.shopify.com/s/files/1/0667/0961/8926/files/meta-sq-add-708f69083f01.jpg?format=pjpg,https://cdn.shopify.com/s/files/1/0667/0961/8926/files/meta-sq-add-50422c45db13.jpg?format=pjpg",Conjunto com top-blusa de alta sustentação e compressão.,vimm_feed
49662794793198,https://cdn.shopify.com/s/files/1/0667/0961/8926/files/meta-sq-9542159433966-40656421224686.jpg?format=pjpg,"https://cdn.shopify.com/s/files/1/0667/0961/8926/files/meta-sq-add-708f69083f01.jpg?format=pjpg,https://cdn.shopify.com/s/files/1/0667/0961/8926/files/meta-sq-add-50422c45db13.jpg?format=pjpg",Conjunto com top-blusa de alta sustentação e compressão.,vimm_feed
49662794924270,https://cdn.shopify.com/s/files/1/0667/0961/8926/files/meta-sq-9542159433966-40656421224686.jpg?format=pjpg,"https://cdn.shopify.com/s/files/1/0667/0961/8926/files/meta-sq-add-708f69083f01.jpg?format=pjpg,https://cdn.shopify.com/s/files/1/0667/0961/8926/files/meta-sq-add-50422c45db13.jpg?format=pjpg",Conjunto com top-blusa de alta sustentação e compressão.,vimm_feed
49662795055342,https://cdn.shopify.com/s/files/1/0667/0961/8926/files/meta-sq-9542159433966-40656421224686.jpg?format=pjpg,"https://cdn.shopify.com/s/files/1/0667/0961/8926/files/meta-sq-add-708f69083f01.jpg?format=pjpg,https://cdn.shopify.com/s/files/1/0667/0961/8926/files/meta-sq-add-50422c45db13.jpg?format=pjpg",Conjunto com top-blusa de alta sustentação e compressão.,vimm_feed
49662795186414,https://cdn.shopify.com/s/files/1/0667/0961/8926/files/meta-sq-9542159433966-40656421224686.jpg?format=pjpg,"https://cdn.shopify.com/s/files/1/0667/0961/8926/files/meta-sq-add-708f69083f01.jpg?format=pjpg,https://cdn.shopify.com/s/files/1/0667/0961/8926/files/meta-sq-add-50422c45db13.jpg?format=pjpg",Conjunto com top-blusa de alta sustentação e compressão.,vimm_feed
49662794694894,https://cdn.shopify.com/s/files/1/0667/0961/8926/files/meta-sq-9542159433966-40656421224686.jpg?format=pjpg,"https://cdn.shopify.com/s/files/1/0667/0961/8926/files/meta-sq-add-708f69083f01.jpg?format=pjpg,https://cdn.shopify.com/s/files/1/0667/0961/8926/files/meta-sq-add-50422c45db13.jpg?format=pjpg",Conjunto com top-blusa de alta sustentação e compressão.,vimm_feed
49662794825966,https://cdn.shopify.com/s/files/1/0667/0961/8926/files/meta-sq-9542159433966-40656421224686.jpg?format=pjpg,"https://cdn.shopify.com/s/files/1/0667/0961/8926/files/meta-sq-add-708f69083f01.jpg?format=pjpg,https://cdn.shopify.com/s/files/1/0667/0961/8926/files/meta-sq-add-50422c45db13.jpg?format=pjpg",Conjunto com top-blusa de alta sustentação e compressão.,vimm_feed
49662794957038,https://cdn.shopify.com/s/files/1/0667/0961/8926/files/meta-sq-9542159433966-40656421224686.jpg?format=pjpg,"https://cdn.shopify.com/s/files/1/0667/0961/8926/files/meta-sq-add-708f69083f01.jpg?format=pjpg,https://cdn.shopify.com/s/files/1/0667/0961/8926/files/meta-sq-add-50422c45db13.jpg?format=pjpg",Conjunto com top-blusa de alta sustentação e compressão.,vimm_feed
49662795088110,https://cdn.shopify.com/s/files/1/0667/0961/8926/files/meta-sq-9542159433966-40656421224686.jpg?format=pjpg,"https://cdn.shopify.com/s/files/1/0667/0961/8926/files/meta-sq-add-708f69083f01.jpg?format=pjpg,https://cdn.shopify.com/s/files/1/0667/0961/8926/files/meta-sq-add-50422c45db13.jpg?format=pjpg",Conjunto com top-blusa de alta sustentação e compressão.,vimm_feed
49662795219182,https://cdn.shopify.com/s/files/1/0667/0961/8926/files/meta-sq-9542159433966-40656421224686.jpg?format=pjpg,"https://cdn.shopify.com/s/files/1/0667/0961/8926/files/meta-sq-add-708f69083f01.jpg?format=pjpg,https://cdn.shopify.com/s/files/1/0667/0961/8926/files/meta-sq-add-50422c45db13.jpg?format=pjpg",Conjunto com top-blusa de alta sustentação e compressão.,vimm_feed
49662794727662,https://cdn.shopify.com/s/files/1/0667/0961/8926/files/meta-sq-9542159433966-40656421224686.jpg?format=pjpg,"https://cdn.shopify.com/s/files/1/0667/0961/8926/files/meta-sq-add-708f69083f01.jpg?format=pjpg,https://cdn.shopify.com/s/files/1/0667/0961/8926/files/meta-sq-add-50422c45db13.jpg?format=pjpg",Conjunto com top-blusa de alta sustentação e compressão.,vimm_feed
49662794858734,https://cdn.shopify.com/s/files/1/0667/0961/8926/files/meta-sq-9542159433966-40656421224686.jpg?format=pjpg,"https://cdn.shopify.com/s/files/1/0667/0961/8926/files/meta-sq-add-708f69083f01.jpg?format=pjpg,https://cdn.shopify.com/s/files/1/0667/0961/8926/files/meta-sq-add-50422c45db13.jpg?format=pjpg",Conjunto com top-blusa de alta sustentação e compressão.,vimm_feed
49662794989806,https://cdn.shopify.com/s/files/1/0667/0961/8926/files/meta-sq-9542159433966-40656421224686.jpg?format=pjpg,"https://cdn.shopify.com/s/files/1/0667/0961/8926/files/meta-sq-add-708f69083f01.jpg?format=pjpg,https://cdn.shopify.com/s/files/1/0667/0961/8926/files/meta-sq-add-50422c45db13.jpg?format=pjpg",Conjunto com top-blusa de alta sustentação e compressão.,vimm_feed
49662795120878,https://cdn.shopify.com/s/files/1/0667/0961/8926/files/meta-sq-9542159433966-40656421224686.jpg?format=pjpg,"https://cdn.shopify.com/s/files/1/0667/0961/8926/files/meta-sq-add-708f69083f01.jpg?format=pjpg,https://cdn.shopify.com/s/files/1/0667/0961/8926/files/meta-sq-add-50422c45db13.jpg?format=pjpg",Conjunto com top-blusa de alta sustentação e compressão.,vimm_feed
49662795251950,https://cdn.shopify.com/s/files/1/0667/0961/8926/files/meta-sq-9542159433966-40656421224686.jpg?format=pjpg,"https://cdn.shopify.com/s/files/1/0667/0961/8926/files/meta-sq-add-708f69083f01.jpg?format=pjpg,https://cdn.shopify.com/s/files/1/0667/0961/8926/files/meta-sq-add-50422c45db13.jpg?format=pjpg",Conjunto com top-blusa de alta sustentação e compressão.,vimm_feed
49662792040686,https://cdn.shopify.com/s/files/1/0667/0961/8926/files/meta-sq-9542159040750-40656423518446.jpg?format=pjpg,"https://cdn.shopify.com/s/files/1/0667/0961/8926/files/meta-sq-add-b61682f98cca.jpg?format=pjpg,https://cdn.shopify.com/s/files/1/0667/0961/8926/files/meta-sq-add-6ff2ce8db19f.jpg?format=pjpg,https://cdn.shopify.com/s/files/1/0667/0961/8926/files/meta-sq-add-2532b829a998.jpg?format=pjpg,https://cdn.shopify.com/s/files/1/0667/0961/8926/files/meta-sq-add-65cea70bfde3.jpg?format=pjpg",Conjunto com top-blusa de alta sustentação e compressão.,vimm_feed
49662792171758,https://cdn.shopify.com/s/files/1/0667/0961/8926/files/meta-sq-9542159040750-40656423518446.jpg?format=pjpg,"https://cdn.shopify.com/s/files/1/0667/0961/8926/files/meta-sq-add-b61682f98cca.jpg?format=pjpg,https://cdn.shopify.com/s/files/1/0667/0961/8926/files/meta-sq-add-6ff2ce8db19f.jpg?format=pjpg,https://cdn.shopify.com/s/files/1/0667/0961/8926/files/meta-sq-add-2532b829a998.jpg?format=pjpg,https://cdn.shopify.com/s/files/1/0667/0961/8926/files/meta-sq-add-65cea70bfde3.jpg?format=pjpg",Conjunto com top-blusa de alta sustentação e compressão.,vimm_feed
49662792302830,https://cdn.shopify.com/s/files/1/0667/0961/8926/files/meta-sq-9542159040750-40656423518446.jpg?format=pjpg,"https://cdn.shopify.com/s/files/1/0667/0961/8926/files/meta-sq-add-b61682f98cca.jpg?format=pjpg,https://cdn.shopify.com/s/files/1/0667/0961/8926/files/meta-sq-add-6ff2ce8db19f.jpg?format=pjpg,https://cdn.shopify.com/s/files/1/0667/0961/8926/files/meta-sq-add-2532b829a998.jpg?format=pjpg,https://cdn.shopify.com/s/files/1/0667/0961/8926/files/meta-sq-add-65cea70bfde3.jpg?format=pjpg",Conjunto com top-blusa de alta sustentação e compressão.,vimm_feed
49662792433902,https://cdn.shopify.com/s/files/1/0667/0961/8926/files/meta-sq-9542159040750-40656423518446.jpg?format=pjpg,"https://cdn.shopify.com/s/files/1/0667/0961/8926/files/meta-sq-add-b61682f98cca.jpg?format=pjpg,https://cdn.shopify.com/s/files/1/0667/0961/8926/files/meta-sq-add-6ff2ce8db19f.jpg?format=pjpg,https://cdn.shopify.com/s/files/1/0667/0961/8926/files/meta-sq-add-2532b829a998.jpg?format=pjpg,https://cdn.shopify.com/s/files/1/0667/0961/8926/files/meta-sq-add-65cea70bfde3.jpg?format=pjpg",Conjunto com top-blusa de alta sustentação e compressão.,vimm_feed
49662792564974,https://cdn.shopify.com/s/files/1/0667/0961/8926/files/meta-sq-9542159040750-40656423518446.jpg?format=pjpg,"https://cdn.shopify.com/s/files/1/0667/0961/8926/files/meta-sq-add-b61682f98cca.jpg?format=pjpg,https://cdn.shopify.com/s/files/1/0667/0961/8926/files/meta-sq-add-6ff2ce8db19f.jpg?format=pjpg,https://cdn.shopify.com/s/files/1/0667/0961/8926/files/meta-sq-add-2532b829a998.jpg?format=pjpg,https://cdn.shopify.com/s/files/1/0667/0961/8926/files/meta-sq-add-65cea70bfde3.jpg?format=pjpg",Conjunto com top-blusa de alta sustentação e compressão.,vimm_feed
49662792073454,https://cdn.shopify.com/s/files/1/0667/0961/8926/files/meta-sq-9542159040750-40656423518446.jpg?format=pjpg,"https://cdn.shopify.com/s/files/1/0667/0961/8926/files/meta-sq-add-b61682f98cca.jpg?format=pjpg,https://cdn.shopify.com/s/files/1/0667/0961/8926/files/meta-sq-add-6ff2ce8db19f.jpg?format=pjpg,https://cdn.shopify.com/s/files/1/0667/0961/8926/files/meta-sq-add-2532b829a998.jpg?format=pjpg,https://cdn.shopify.com/s/files/1/0667/0961/8926/files/meta-sq-add-65cea70bfde3.jpg?format=pjpg",Conjunto com top-blusa de alta sustentação e compressão.,vimm_feed
49662792204526,https://cdn.shopify.com/s/files/1/0667/0961/8926/files/meta-sq-9542159040750-40656423518446.jpg?format=pjpg,"https://cdn.shopify.com/s/files/1/0667/0961/8926/files/meta-sq-add-b61682f98cca.jpg?format=pjpg,https://cdn.shopify.com/s/files/1/0667/0961/8926/files/meta-sq-add-6ff2ce8db19f.jpg?format=pjpg,https://cdn.shopify.com/s/files/1/0667/0961/8926/files/meta-sq-add-2532b829a998.jpg?format=pjpg,https://cdn.shopify.com/s/files/1/0667/0961/8926/files/meta-sq-add-65cea70bfde3.jpg?format=pjpg",Conjunto com top-blusa de alta sustentação e compressão.,vimm_feed
49662792335598,https://cdn.shopify.com/s/files/1/0667/0961/8926/files/meta-sq-9542159040750-40656423518446.jpg?format=pjpg,"https://cdn.shopify.com/s/files/1/0667/0961/8926/files/meta-sq-add-b61682f98cca.jpg?format=pjpg,https://cdn.shopify.com/s/files/1/0667/0961/8926/files/meta-sq-add-6ff2ce8db19f.jpg?format=pjpg,https://cdn.shopify.com/s/files/1/0667/0961/8926/files/meta-sq-add-2532b829a998.jpg?format=pjpg,https://cdn.shopify.com/s/files/1/0667/0961/8926/files/meta-sq-add-65cea70bfde3.jpg?format=pjpg",Conjunto com top-blusa de alta sustentação e compressão.,vimm_feed
49662792466670,https://cdn.shopify.com/s/files/1/0667/0961/8926/files/meta-sq-9542159040750-40656423518446.jpg?format=pjpg,"https://cdn.shopify.com/s/files/1/0667/0961/8926/files/meta-sq-add-b61682f98cca.jpg?format=pjpg,https://cdn.shopify.com/s/files/1/0667/0961/8926/files/meta-sq-add-6ff2ce8db19f.jpg?format=pjpg,https://cdn.shopify.com/s/files/1/0667/0961/8926/files/meta-sq-add-2532b829a998.jpg?format=pjpg,https://cdn.shopify.com/s/files/1/0667/0961/8926/files/meta-sq-add-65cea70bfde3.jpg?format=pjpg",Conjunto com top-blusa de alta sustentação e compressão.,vimm_feed
49662792597742,https://cdn.shopify.com/s/files/1/0667/0961/8926/files/meta-sq-9542159040750-40656423518446.jpg?format=pjpg,"https://cdn.shopify.com/s/files/1/0667/0961/8926/files/meta-sq-add-b61682f98cca.jpg?format=pjpg,https://cdn.shopify.com/s/files/1/0667/0961/8926/files/meta-sq-add-6ff2ce8db19f.jpg?format=pjpg,https://cdn.shopify.com/s/files/1/0667/0961/8926/files/meta-sq-add-2532b829a998.jpg?format=pjpg,https://cdn.shopify.com/s/files/1/0667/0961/8926/files/meta-sq-add-65cea70bfde3.jpg?format=pjpg",Conjunto com top-blusa de alta sustentação e compressão.,vimm_feed
49662792106222,https://cdn.shopify.com/s/files/1/0667/0961/8926/files/meta-sq-9542159040750-40656423518446.jpg?format=pjpg,"https://cdn.shopify.com/s/files/1/0667/0961/8926/files/meta-sq-add-b61682f98cca.jpg?format=pjpg,https://cdn.shopify.com/s/files/1/0667/0961/8926/files/meta-sq-add-6ff2ce8db19f.jpg?format=pjpg,https://cdn.shopify.com/s/files/1/0667/0961/8926/files/meta-sq-add-2532b829a998.jpg?format=pjpg,https://cdn.shopify.com/s/files/1/0667/0961/8926/files/meta-sq-add-65cea70bfde3.jpg?format=pjpg",Conjunto com top-blusa de alta sustentação e compressão.,vimm_feed
49662792237294,https://cdn.shopify.com/s/files/1/0667/0961/8926/files/meta-sq-9542159040750-40656423518446.jpg?format=pjpg,"https://cdn.shopify.com/s/files/1/0667/0961/8926/files/meta-sq-add-b61682f98cca.jpg?format=pjpg,https://cdn.shopify.com/s/files/1/0667/0961/8926/files/meta-sq-add-6ff2ce8db19f.jpg?format=pjpg,https://cdn.shopify.com/s/files/1/0667/0961/8926/files/meta-sq-add-2532b829a998.jpg?format=pjpg,https://cdn.shopify.com/s/files/1/0667/0961/8926/files/meta-sq-add-65cea70bfde3.jpg?format=pjpg",Conjunto com top-blusa de alta sustentação e compressão.,vimm_feed
49662792368366,https://cdn.shopify.com/s/files/1/0667/0961/8926/files/meta-sq-9542159040750-40656423518446.jpg?format=pjpg,"https://cdn.shopify.com/s/files/1/0667/0961/8926/files/meta-sq-add-b61682f98cca.jpg?format=pjpg,https://cdn.shopify.com/s/files/1/0667/0961/8926/files/meta-sq-add-6ff2ce8db19f.jpg?format=pjpg,https://cdn.shopify.com/s/files/1/0667/0961/8926/files/meta-sq-add-2532b829a998.jpg?format=pjpg,https://cdn.shopify.com/s/files/1/0667/0961/8926/files/meta-sq-add-65cea70bfde3.jpg?format=pjpg",Conjunto com top-blusa de alta sustentação e compressão.,vimm_feed
49662792499438,https://cdn.shopify.com/s/files/1/0667/0961/8926/files/meta-sq-9542159040750-40656423518446.jpg?format=pjpg,"https://cdn.shopify.com/s/files/1/0667/0961/8926/files/meta-sq-add-b61682f98cca.jpg?format=pjpg,https://cdn.shopify.com/s/files/1/0667/0961/8926/files/meta-sq-add-6ff2ce8db19f.jpg?format=pjpg,https://cdn.shopify.com/s/files/1/0667/0961/8926/files/meta-sq-add-2532b829a998.jpg?format=pjpg,https://cdn.shopify.com/s/files/1/0667/0961/8926/files/meta-sq-add-65cea70bfde3.jpg?format=pjpg",Conjunto com top-blusa de alta sustentação e compressão.,vimm_feed
49662792630510,https://cdn.shopify.com/s/files/1/0667/0961/8926/files/meta-sq-9542159040750-40656423518446.jpg?format=pjpg,"https://cdn.shopify.com/s/files/1/0667/0961/8926/files/meta-sq-add-b61682f98cca.jpg?format=pjpg,https://cdn.shopify.com/s/files/1/0667/0961/8926/files/meta-sq-add-6ff2ce8db19f.jpg?format=pjpg,https://cdn.shopify.com/s/files/1/0667/0961/8926/files/meta-sq-add-2532b829a998.jpg?format=pjpg,https://cdn.shopify.com/s/files/1/0667/0961/8926/files/meta-sq-add-65cea70bfde3.jpg?format=pjpg",Conjunto com top-blusa de alta sustentação e compressão.,vimm_feed
49662792138990,https://cdn.shopify.com/s/files/1/0667/0961/8926/files/meta-sq-9542159040750-40656423518446.jpg?format=pjpg,"https://cdn.shopify.com/s/files/1/0667/0961/8926/files/meta-sq-add-b61682f98cca.jpg?format=pjpg,https://cdn.shopify.com/s/files/1/0667/0961/8926/files/meta-sq-add-6ff2ce8db19f.jpg?format=pjpg,https://cdn.shopify.com/s/files/1/0667/0961/8926/files/meta-sq-add-2532b829a998.jpg?format=pjpg,https://cdn.shopify.com/s/files/1/0667/0961/8926/files/meta-sq-add-65cea70bfde3.jpg?format=pjpg",Conjunto com top-blusa de alta sustentação e compressão.,vimm_feed
49662792270062,https://cdn.shopify.com/s/files/1/0667/0961/8926/files/meta-sq-9542159040750-40656423518446.jpg?format=pjpg,"https://cdn.shopify.com/s/files/1/0667/0961/8926/files/meta-sq-add-b61682f98cca.jpg?format=pjpg,https://cdn.shopify.com/s/files/1/0667/0961/8926/files/meta-sq-add-6ff2ce8db19f.jpg?format=pjpg,https://cdn.shopify.com/s/files/1/0667/0961/8926/files/meta-sq-add-2532b829a998.jpg?format=pjpg,https://cdn.shopify.com/s/files/1/0667/0961/8926/files/meta-sq-add-65cea70bfde3.jpg?format=pjpg",Conjunto com top-blusa de alta sustentação e compressão.,vimm_feed
49662792401134,https://cdn.shopify.com/s/files/1/0667/0961/8926/files/meta-sq-9542159040750-40656423518446.jpg?format=pjpg,"https://cdn.shopify.com/s/files/1/0667/0961/8926/files/meta-sq-add-b61682f98cca.jpg?format=pjpg,https://cdn.shopify.com/s/files/1/0667/0961/8926/files/meta-sq-add-6ff2ce8db19f.jpg?format=pjpg,https://cdn.shopify.com/s/files/1/0667/0961/8926/files/meta-sq-add-2532b829a998.jpg?format=pjpg,https://cdn.shopify.com/s/files/1/0667/0961/8926/files/meta-sq-add-65cea70bfde3.jpg?format=pjpg",Conjunto com top-blusa de alta sustentação e compressão.,vimm_feed
49662792532206,https://cdn.shopify.com/s/files/1/0667/0961/8926/files/meta-sq-9542159040750-40656423518446.jpg?format=pjpg,"https://cdn.shopify.com/s/files/1/0667/0961/8926/files/meta-sq-add-b61682f98cca.jpg?format=pjpg,https://cdn.shopify.com/s/files/1/0667/0961/8926/files/meta-sq-add-6ff2ce8db19f.jpg?format=pjpg,https://cdn.shopify.com/s/files/1/0667/0961/8926/files/meta-sq-add-2532b829a998.jpg?format=pjpg,https://cdn.shopify.com/s/files/1/0667/0961/8926/files/meta-sq-add-65cea70bfde3.jpg?format=pjpg",Conjunto com top-blusa de alta sustentação e compressão.,vimm_feed
49662792663278,https://cdn.shopify.com/s/files/1/0667/0961/8926/files/meta-sq-9542159040750-40656423518446.jpg?format=pjpg,"https://cdn.shopify.com/s/files/1/0667/0961/8926/files/meta-sq-add-b61682f98cca.jpg?format=pjpg,https://cdn.shopify.com/s/files/1/0667/0961/8926/files/meta-sq-add-6ff2ce8db19f.jpg?format=pjpg,https://cdn.shopify.com/s/files/1/0667/0961/8926/files/meta-sq-add-2532b829a998.jpg?format=pjpg,https://cdn.shopify.com/s/files/1/0667/0961/8926/files/meta-sq-add-65cea70bfde3.jpg?format=pjpg",Conjunto com top-blusa de alta sustentação e compressão.,vimm_feed
49662775132398,https://cdn.shopify.com/s/files/1/0667/0961/8926/files/meta-sq-9542155337966-40656421912814.jpg?format=pjpg,"https://cdn.shopify.com/s/files/1/0667/0961/8926/files/meta-sq-add-b0daa82b2cc9.jpg?format=pjpg,https://cdn.shopify.com/s/files/1/0667/0961/8926/files/meta-sq-add-1181c41dc63a.jpg?format=pjpg,https://cdn.shopify.com/s/files/1/0667/0961/8926/files/meta-sq-add-20b930fa2e72.jpg?format=pjpg,https://cdn.shopify.com/s/files/1/0667/0961/8926/files/meta-sq-add-ca8d285d3681.jpg?format=pjpg",Conjunto com top nadador com bolso e alta sustentação.,vimm_feed
49662775263470,https://cdn.shopify.com/s/files/1/0667/0961/8926/files/meta-sq-9542155337966-40656421912814.jpg?format=pjpg,"https://cdn.shopify.com/s/files/1/0667/0961/8926/files/meta-sq-add-b0daa82b2cc9.jpg?format=pjpg,https://cdn.shopify.com/s/files/1/0667/0961/8926/files/meta-sq-add-1181c41dc63a.jpg?format=pjpg,https://cdn.shopify.com/s/files/1/0667/0961/8926/files/meta-sq-add-20b930fa2e72.jpg?format=pjpg,https://cdn.shopify.com/s/files/1/0667/0961/8926/files/meta-sq-add-ca8d285d3681.jpg?format=pjpg",Conjunto com top nadador com bolso e alta sustentação.,vimm_feed
49662775394542,https://cdn.shopify.com/s/files/1/0667/0961/8926/files/meta-sq-9542155337966-40656421912814.jpg?format=pjpg,"https://cdn.shopify.com/s/files/1/0667/0961/8926/files/meta-sq-add-b0daa82b2cc9.jpg?format=pjpg,https://cdn.shopify.com/s/files/1/0667/0961/8926/files/meta-sq-add-1181c41dc63a.jpg?format=pjpg,https://cdn.shopify.com/s/files/1/0667/0961/8926/files/meta-sq-add-20b930fa2e72.jpg?format=pjpg,https://cdn.shopify.com/s/files/1/0667/0961/8926/files/meta-sq-add-ca8d285d3681.jpg?format=pjpg",Conjunto com top nadador com bolso e alta sustentação.,vimm_feed
49662775525614,https://cdn.shopify.com/s/files/1/0667/0961/8926/files/meta-sq-9542155337966-40656421912814.jpg?format=pjpg,"https://cdn.shopify.com/s/files/1/0667/0961/8926/files/meta-sq-add-b0daa82b2cc9.jpg?format=pjpg,https://cdn.shopify.com/s/files/1/0667/0961/8926/files/meta-sq-add-1181c41dc63a.jpg?format=pjpg,https://cdn.shopify.com/s/files/1/0667/0961/8926/files/meta-sq-add-20b930fa2e72.jpg?format=pjpg,https://cdn.shopify.com/s/files/1/0667/0961/8926/files/meta-sq-add-ca8d285d3681.jpg?format=pjpg",Conjunto com top nadador com bolso e alta sustentação.,vimm_feed
49662775656686,https://cdn.shopify.com/s/files/1/0667/0961/8926/files/meta-sq-9542155337966-40656421912814.jpg?format=pjpg,"https://cdn.shopify.com/s/files/1/0667/0961/8926/files/meta-sq-add-b0daa82b2cc9.jpg?format=pjpg,https://cdn.shopify.com/s/files/1/0667/0961/8926/files/meta-sq-add-1181c41dc63a.jpg?format=pjpg,https://cdn.shopify.com/s/files/1/0667/0961/8926/files/meta-sq-add-20b930fa2e72.jpg?format=pjpg,https://cdn.shopify.com/s/files/1/0667/0961/8926/files/meta-sq-add-ca8d285d3681.jpg?format=pjpg",Conjunto com top nadador com bolso e alta sustentação.,vimm_feed
49662775165166,https://cdn.shopify.com/s/files/1/0667/0961/8926/files/meta-sq-9542155337966-40656421912814.jpg?format=pjpg,"https://cdn.shopify.com/s/files/1/0667/0961/8926/files/meta-sq-add-b0daa82b2cc9.jpg?format=pjpg,https://cdn.shopify.com/s/files/1/0667/0961/8926/files/meta-sq-add-1181c41dc63a.jpg?format=pjpg,https://cdn.shopify.com/s/files/1/0667/0961/8926/files/meta-sq-add-20b930fa2e72.jpg?format=pjpg,https://cdn.shopify.com/s/files/1/0667/0961/8926/files/meta-sq-add-ca8d285d3681.jpg?format=pjpg",Conjunto com top nadador com bolso e alta sustentação.,vimm_feed
49662775296238,https://cdn.shopify.com/s/files/1/0667/0961/8926/files/meta-sq-9542155337966-40656421912814.jpg?format=pjpg,"https://cdn.shopify.com/s/files/1/0667/0961/8926/files/meta-sq-add-b0daa82b2cc9.jpg?format=pjpg,https://cdn.shopify.com/s/files/1/0667/0961/8926/files/meta-sq-add-1181c41dc63a.jpg?format=pjpg,https://cdn.shopify.com/s/files/1/0667/0961/8926/files/meta-sq-add-20b930fa2e72.jpg?format=pjpg,https://cdn.shopify.com/s/files/1/0667/0961/8926/files/meta-sq-add-ca8d285d3681.jpg?format=pjpg",Conjunto com top nadador com bolso e alta sustentação.,vimm_feed
49662775427310,https://cdn.shopify.com/s/files/1/0667/0961/8926/files/meta-sq-9542155337966-40656421912814.jpg?format=pjpg,"https://cdn.shopify.com/s/files/1/0667/0961/8926/files/meta-sq-add-b0daa82b2cc9.jpg?format=pjpg,https://cdn.shopify.com/s/files/1/0667/0961/8926/files/meta-sq-add-1181c41dc63a.jpg?format=pjpg,https://cdn.shopify.com/s/files/1/0667/0961/8926/files/meta-sq-add-20b930fa2e72.jpg?format=pjpg,https://cdn.shopify.com/s/files/1/0667/0961/8926/files/meta-sq-add-ca8d285d3681.jpg?format=pjpg",Conjunto com top nadador com bolso e alta sustentação.,vimm_feed
49662775558382,https://cdn.shopify.com/s/files/1/0667/0961/8926/files/meta-sq-9542155337966-40656421912814.jpg?format=pjpg,"https://cdn.shopify.com/s/files/1/0667/0961/8926/files/meta-sq-add-b0daa82b2cc9.jpg?format=pjpg,https://cdn.shopify.com/s/files/1/0667/0961/8926/files/meta-sq-add-1181c41dc63a.jpg?format=pjpg,https://cdn.shopify.com/s/files/1/0667/0961/8926/files/meta-sq-add-20b930fa2e72.jpg?format=pjpg,https://cdn.shopify.com/s/files/1/0667/0961/8926/files/meta-sq-add-ca8d285d3681.jpg?format=pjpg",Conjunto com top nadador com bolso e alta sustentação.,vimm_feed
49662775689454,https://cdn.shopify.com/s/files/1/0667/0961/8926/files/meta-sq-9542155337966-40656421912814.jpg?format=pjpg,"https://cdn.shopify.com/s/files/1/0667/0961/8926/files/meta-sq-add-b0daa82b2cc9.jpg?format=pjpg,https://cdn.shopify.com/s/files/1/0667/0961/8926/files/meta-sq-add-1181c41dc63a.jpg?format=pjpg,https://cdn.shopify.com/s/files/1/0667/0961/8926/files/meta-sq-add-20b930fa2e72.jpg?format=pjpg,https://cdn.shopify.com/s/files/1/0667/0961/8926/files/meta-sq-add-ca8d285d3681.jpg?format=pjpg",Conjunto com top nadador com bolso e alta sustentação.,vimm_feed
49662775197934,https://cdn.shopify.com/s/files/1/0667/0961/8926/files/meta-sq-9542155337966-40656421912814.jpg?format=pjpg,"https://cdn.shopify.com/s/files/1/0667/0961/8926/files/meta-sq-add-b0daa82b2cc9.jpg?format=pjpg,https://cdn.shopify.com/s/files/1/0667/0961/8926/files/meta-sq-add-1181c41dc63a.jpg?format=pjpg,https://cdn.shopify.com/s/files/1/0667/0961/8926/files/meta-sq-add-20b930fa2e72.jpg?format=pjpg,https://cdn.shopify.com/s/files/1/0667/0961/8926/files/meta-sq-add-ca8d285d3681.jpg?format=pjpg",Conjunto com top nadador com bolso e alta sustentação.,vimm_feed
49662775329006,https://cdn.shopify.com/s/files/1/0667/0961/8926/files/meta-sq-9542155337966-40656421912814.jpg?format=pjpg,"https://cdn.shopify.com/s/files/1/0667/0961/8926/files/meta-sq-add-b0daa82b2cc9.jpg?format=pjpg,https://cdn.shopify.com/s/files/1/0667/0961/8926/files/meta-sq-add-1181c41dc63a.jpg?format=pjpg,https://cdn.shopify.com/s/files/1/0667/0961/8926/files/meta-sq-add-20b930fa2e72.jpg?format=pjpg,https://cdn.shopify.com/s/files/1/0667/0961/8926/files/meta-sq-add-ca8d285d3681.jpg?format=pjpg",Conjunto com top nadador com bolso e alta sustentação.,vimm_feed
49662775460078,https://cdn.shopify.com/s/files/1/0667/0961/8926/files/meta-sq-9542155337966-40656421912814.jpg?format=pjpg,"https://cdn.shopify.com/s/files/1/0667/0961/8926/files/meta-sq-add-b0daa82b2cc9.jpg?format=pjpg,https://cdn.shopify.com/s/files/1/0667/0961/8926/files/meta-sq-add-1181c41dc63a.jpg?format=pjpg,https://cdn.shopify.com/s/files/1/0667/0961/8926/files/meta-sq-add-20b930fa2e72.jpg?format=pjpg,https://cdn.shopify.com/s/files/1/0667/0961/8926/files/meta-sq-add-ca8d285d3681.jpg?format=pjpg",Conjunto com top nadador com bolso e alta sustentação.,vimm_feed
49662775591150,https://cdn.shopify.com/s/files/1/0667/0961/8926/files/meta-sq-9542155337966-40656421912814.jpg?format=pjpg,"https://cdn.shopify.com/s/files/1/0667/0961/8926/files/meta-sq-add-b0daa82b2cc9.jpg?format=pjpg,https://cdn.shopify.com/s/files/1/0667/0961/8926/files/meta-sq-add-1181c41dc63a.jpg?format=pjpg,https://cdn.shopify.com/s/files/1/0667/0961/8926/files/meta-sq-add-20b930fa2e72.jpg?format=pjpg,https://cdn.shopify.com/s/files/1/0667/0961/8926/files/meta-sq-add-ca8d285d3681.jpg?format=pjpg",Conjunto com top nadador com bolso e alta sustentação.,vimm_feed
49662775722222,https://cdn.shopify.com/s/files/1/0667/0961/8926/files/meta-sq-9542155337966-40656421912814.jpg?format=pjpg,"https://cdn.shopify.com/s/files/1/0667/0961/8926/files/meta-sq-add-b0daa82b2cc9.jpg?format=pjpg,https://cdn.shopify.com/s/files/1/0667/0961/8926/files/meta-sq-add-1181c41dc63a.jpg?format=pjpg,https://cdn.shopify.com/s/files/1/0667/0961/8926/files/meta-sq-add-20b930fa2e72.jpg?format=pjpg,https://cdn.shopify.com/s/files/1/0667/0961/8926/files/meta-sq-add-ca8d285d3681.jpg?format=pjpg",Conjunto com top nadador com bolso e alta sustentação.,vimm_feed
49662775230702,https://cdn.shopify.com/s/files/1/0667/0961/8926/files/meta-sq-9542155337966-40656421912814.jpg?format=pjpg,"https://cdn.shopify.com/s/files/1/0667/0961/8926/files/meta-sq-add-b0daa82b2cc9.jpg?format=pjpg,https://cdn.shopify.com/s/files/1/0667/0961/8926/files/meta-sq-add-1181c41dc63a.jpg?format=pjpg,https://cdn.shopify.com/s/files/1/0667/0961/8926/files/meta-sq-add-20b930fa2e72.jpg?format=pjpg,https://cdn.shopify.com/s/files/1/0667/0961/8926/files/meta-sq-add-ca8d285d3681.jpg?format=pjpg",Conjunto com top nadador com bolso e alta sustentação.,vimm_feed
49662775361774,https://cdn.shopify.com/s/files/1/0667/0961/8926/files/meta-sq-9542155337966-40656421912814.jpg?format=pjpg,"https://cdn.shopify.com/s/files/1/0667/0961/8926/files/meta-sq-add-b0daa82b2cc9.jpg?format=pjpg,https://cdn.shopify.com/s/files/1/0667/0961/8926/files/meta-sq-add-1181c41dc63a.jpg?format=pjpg,https://cdn.shopify.com/s/files/1/0667/0961/8926/files/meta-sq-add-20b930fa2e72.jpg?format=pjpg,https://cdn.shopify.com/s/files/1/0667/0961/8926/files/meta-sq-add-ca8d285d3681.jpg?format=pjpg",Conjunto com top nadador com bolso e alta sustentação.,vimm_feed
49662775492846,https://cdn.shopify.com/s/files/1/0667/0961/8926/files/meta-sq-9542155337966-40656421912814.jpg?format=pjpg,"https://cdn.shopify.com/s/files/1/0667/0961/8926/files/meta-sq-add-b0daa82b2cc9.jpg?format=pjpg,https://cdn.shopify.com/s/files/1/0667/0961/8926/files/meta-sq-add-1181c41dc63a.jpg?format=pjpg,https://cdn.shopify.com/s/files/1/0667/0961/8926/files/meta-sq-add-20b930fa2e72.jpg?format=pjpg,https://cdn.shopify.com/s/files/1/0667/0961/8926/files/meta-sq-add-ca8d285d3681.jpg?format=pjpg",Conjunto com top nadador com bolso e alta sustentação.,vimm_feed
49662775623918,https://cdn.shopify.com/s/files/1/0667/0961/8926/files/meta-sq-9542155337966-40656421912814.jpg?format=pjpg,"https://cdn.shopify.com/s/files/1/0667/0961/8926/files/meta-sq-add-b0daa82b2cc9.jpg?format=pjpg,https://cdn.shopify.com/s/files/1/0667/0961/8926/files/meta-sq-add-1181c41dc63a.jpg?format=pjpg,https://cdn.shopify.com/s/files/1/0667/0961/8926/files/meta-sq-add-20b930fa2e72.jpg?format=pjpg,https://cdn.shopify.com/s/files/1/0667/0961/8926/files/meta-sq-add-ca8d285d3681.jpg?format=pjpg",Conjunto com top nadador com bolso e alta sustentação.,vimm_feed
49662775754990,https://cdn.shopify.com/s/files/1/0667/0961/8926/files/meta-sq-9542155337966-40656421912814.jpg?format=pjpg,"https://cdn.shopify.com/s/files/1/0667/0961/8926/files/meta-sq-add-b0daa82b2cc9.jpg?format=pjpg,https://cdn.shopify.com/s/files/1/0667/0961/8926/files/meta-sq-add-1181c41dc63a.jpg?format=pjpg,https://cdn.shopify.com/s/files/1/0667/0961/8926/files/meta-sq-add-20b930fa2e72.jpg?format=pjpg,https://cdn.shopify.com/s/files/1/0667/0961/8926/files/meta-sq-add-ca8d285d3681.jpg?format=pjpg",Conjunto com top nadador com bolso e alta sustentação.,vimm_feed
49662772969710,https://cdn.shopify.com/s/files/1/0667/0961/8926/files/meta-sq-9542154158318-40656421290222.jpg?format=pjpg,"https://cdn.shopify.com/s/files/1/0667/0961/8926/files/meta-sq-add-5cfa1820f694.jpg?format=pjpg,https://cdn.shopify.com/s/files/1/0667/0961/8926/files/meta-sq-add-66c93ec97bcd.jpg?format=pjpg",Conjunto com top nadador com bolso e alta sustentação.,vimm_feed
49662773100782,https://cdn.shopify.com/s/files/1/0667/0961/8926/files/meta-sq-9542154158318-40656421290222.jpg?format=pjpg,"https://cdn.shopify.com/s/files/1/0667/0961/8926/files/meta-sq-add-5cfa1820f694.jpg?format=pjpg,https://cdn.shopify.com/s/files/1/0667/0961/8926/files/meta-sq-add-66c93ec97bcd.jpg?format=pjpg",Conjunto com top nadador com bolso e alta sustentação.,vimm_feed
49662773231854,https://cdn.shopify.com/s/files/1/0667/0961/8926/files/meta-sq-9542154158318-40656421290222.jpg?format=pjpg,"https://cdn.shopify.com/s/files/1/0667/0961/8926/files/meta-sq-add-5cfa1820f694.jpg?format=pjpg,https://cdn.shopify.com/s/files/1/0667/0961/8926/files/meta-sq-add-66c93ec97bcd.jpg?format=pjpg",Conjunto com top nadador com bolso e alta sustentação.,vimm_feed
49662773362926,https://cdn.shopify.com/s/files/1/0667/0961/8926/files/meta-sq-9542154158318-40656421290222.jpg?format=pjpg,"https://cdn.shopify.com/s/files/1/0667/0961/8926/files/meta-sq-add-5cfa1820f694.jpg?format=pjpg,https://cdn.shopify.com/s/files/1/0667/0961/8926/files/meta-sq-add-66c93ec97bcd.jpg?format=pjpg",Conjunto com top nadador com bolso e alta sustentação.,vimm_feed
49662773493998,https://cdn.shopify.com/s/files/1/0667/0961/8926/files/meta-sq-9542154158318-40656421290222.jpg?format=pjpg,"https://cdn.shopify.com/s/files/1/0667/0961/8926/files/meta-sq-add-5cfa1820f694.jpg?format=pjpg,https://cdn.shopify.com/s/files/1/0667/0961/8926/files/meta-sq-add-66c93ec97bcd.jpg?format=pjpg",Conjunto com top nadador com bolso e alta sustentação.,vimm_feed
49662773002478,https://cdn.shopify.com/s/files/1/0667/0961/8926/files/meta-sq-9542154158318-40656421290222.jpg?format=pjpg,"https://cdn.shopify.com/s/files/1/0667/0961/8926/files/meta-sq-add-5cfa1820f694.jpg?format=pjpg,https://cdn.shopify.com/s/files/1/0667/0961/8926/files/meta-sq-add-66c93ec97bcd.jpg?format=pjpg",Conjunto com top nadador com bolso e alta sustentação.,vimm_feed
49662773133550,https://cdn.shopify.com/s/files/1/0667/0961/8926/files/meta-sq-9542154158318-40656421290222.jpg?format=pjpg,"https://cdn.shopify.com/s/files/1/0667/0961/8926/files/meta-sq-add-5cfa1820f694.jpg?format=pjpg,https://cdn.shopify.com/s/files/1/0667/0961/8926/files/meta-sq-add-66c93ec97bcd.jpg?format=pjpg",Conjunto com top nadador com bolso e alta sustentação.,vimm_feed
49662773264622,https://cdn.shopify.com/s/files/1/0667/0961/8926/files/meta-sq-9542154158318-40656421290222.jpg?format=pjpg,"https://cdn.shopify.com/s/files/1/0667/0961/8926/files/meta-sq-add-5cfa1820f694.jpg?format=pjpg,https://cdn.shopify.com/s/files/1/0667/0961/8926/files/meta-sq-add-66c93ec97bcd.jpg?format=pjpg",Conjunto com top nadador com bolso e alta sustentação.,vimm_feed
49662773395694,https://cdn.shopify.com/s/files/1/0667/0961/8926/files/meta-sq-9542154158318-40656421290222.jpg?format=pjpg,"https://cdn.shopify.com/s/files/1/0667/0961/8926/files/meta-sq-add-5cfa1820f694.jpg?format=pjpg,https://cdn.shopify.com/s/files/1/0667/0961/8926/files/meta-sq-add-66c93ec97bcd.jpg?format=pjpg",Conjunto com top nadador com bolso e alta sustentação.,vimm_feed
49662773526766,https://cdn.shopify.com/s/files/1/0667/0961/8926/files/meta-sq-9542154158318-40656421290222.jpg?format=pjpg,"https://cdn.shopify.com/s/files/1/0667/0961/8926/files/meta-sq-add-5cfa1820f694.jpg?format=pjpg,https://cdn.shopify.com/s/files/1/0667/0961/8926/files/meta-sq-add-66c93ec97bcd.jpg?format=pjpg",Conjunto com top nadador com bolso e alta sustentação.,vimm_feed
49662773035246,https://cdn.shopify.com/s/files/1/0667/0961/8926/files/meta-sq-9542154158318-40656421290222.jpg?format=pjpg,"https://cdn.shopify.com/s/files/1/0667/0961/8926/files/meta-sq-add-5cfa1820f694.jpg?format=pjpg,https://cdn.shopify.com/s/files/1/0667/0961/8926/files/meta-sq-add-66c93ec97bcd.jpg?format=pjpg",Conjunto com top nadador com bolso e alta sustentação.,vimm_feed
49662773166318,https://cdn.shopify.com/s/files/1/0667/0961/8926/files/meta-sq-9542154158318-40656421290222.jpg?format=pjpg,"https://cdn.shopify.com/s/files/1/0667/0961/8926/files/meta-sq-add-5cfa1820f694.jpg?format=pjpg,https://cdn.shopify.com/s/files/1/0667/0961/8926/files/meta-sq-add-66c93ec97bcd.jpg?format=pjpg",Conjunto com top nadador com bolso e alta sustentação.,vimm_feed
49662773297390,https://cdn.shopify.com/s/files/1/0667/0961/8926/files/meta-sq-9542154158318-40656421290222.jpg?format=pjpg,"https://cdn.shopify.com/s/files/1/0667/0961/8926/files/meta-sq-add-5cfa1820f694.jpg?format=pjpg,https://cdn.shopify.com/s/files/1/0667/0961/8926/files/meta-sq-add-66c93ec97bcd.jpg?format=pjpg",Conjunto com top nadador com bolso e alta sustentação.,vimm_feed
49662773428462,https://cdn.shopify.com/s/files/1/0667/0961/8926/files/meta-sq-9542154158318-40656421290222.jpg?format=pjpg,"https://cdn.shopify.com/s/files/1/0667/0961/8926/files/meta-sq-add-5cfa1820f694.jpg?format=pjpg,https://cdn.shopify.com/s/files/1/0667/0961/8926/files/meta-sq-add-66c93ec97bcd.jpg?format=pjpg",Conjunto com top nadador com bolso e alta sustentação.,vimm_feed
49662773559534,https://cdn.shopify.com/s/files/1/0667/0961/8926/files/meta-sq-9542154158318-40656421290222.jpg?format=pjpg,"https://cdn.shopify.com/s/files/1/0667/0961/8926/files/meta-sq-add-5cfa1820f694.jpg?format=pjpg,https://cdn.shopify.com/s/files/1/0667/0961/8926/files/meta-sq-add-66c93ec97bcd.jpg?format=pjpg",Conjunto com top nadador com bolso e alta sustentação.,vimm_feed
49662773068014,https://cdn.shopify.com/s/files/1/0667/0961/8926/files/meta-sq-9542154158318-40656421290222.jpg?format=pjpg,"https://cdn.shopify.com/s/files/1/0667/0961/8926/files/meta-sq-add-5cfa1820f694.jpg?format=pjpg,https://cdn.shopify.com/s/files/1/0667/0961/8926/files/meta-sq-add-66c93ec97bcd.jpg?format=pjpg",Conjunto com top nadador com bolso e alta sustentação.,vimm_feed
49662773199086,https://cdn.shopify.com/s/files/1/0667/0961/8926/files/meta-sq-9542154158318-40656421290222.jpg?format=pjpg,"https://cdn.shopify.com/s/files/1/0667/0961/8926/files/meta-sq-add-5cfa1820f694.jpg?format=pjpg,https://cdn.shopify.com/s/files/1/0667/0961/8926/files/meta-sq-add-66c93ec97bcd.jpg?format=pjpg",Conjunto com top nadador com bolso e alta sustentação.,vimm_feed
49662773330158,https://cdn.shopify.com/s/files/1/0667/0961/8926/files/meta-sq-9542154158318-40656421290222.jpg?format=pjpg,"https://cdn.shopify.com/s/files/1/0667/0961/8926/files/meta-sq-add-5cfa1820f694.jpg?format=pjpg,https://cdn.shopify.com/s/files/1/0667/0961/8926/files/meta-sq-add-66c93ec97bcd.jpg?format=pjpg",Conjunto com top nadador com bolso e alta sustentação.,vimm_feed
49662773461230,https://cdn.shopify.com/s/files/1/0667/0961/8926/files/meta-sq-9542154158318-40656421290222.jpg?format=pjpg,"https://cdn.shopify.com/s/files/1/0667/0961/8926/files/meta-sq-add-5cfa1820f694.jpg?format=pjpg,https://cdn.shopify.com/s/files/1/0667/0961/8926/files/meta-sq-add-66c93ec97bcd.jpg?format=pjpg",Conjunto com top nadador com bolso e alta sustentação.,vimm_feed
49662773592302,https://cdn.shopify.com/s/files/1/0667/0961/8926/files/meta-sq-9542154158318-40656421290222.jpg?format=pjpg,"https://cdn.shopify.com/s/files/1/0667/0961/8926/files/meta-sq-add-5cfa1820f694.jpg?format=pjpg,https://cdn.shopify.com/s/files/1/0667/0961/8926/files/meta-sq-add-66c93ec97bcd.jpg?format=pjpg",Conjunto com top nadador com bolso e alta sustentação.,vimm_feed
49522761597166,https://cdn.shopify.com/s/files/1/0667/0961/8926/files/meta-sq-9495240048878-40668687171822.jpg?format=pjpg,"https://cdn.shopify.com/s/files/1/0667/0961/8926/files/meta-sq-add-617df3bc4bef.jpg?format=pjpg,https://cdn.shopify.com/s/files/1/0667/0961/8926/files/meta-sq-add-c1c4690ea081.jpg?format=pjpg,https://cdn.shopify.com/s/files/1/0667/0961/8926/files/meta-sq-add-724431626f59.jpg?format=pjpg,https://cdn.shopify.com/s/files/1/0667/0961/8926/files/meta-sq-add-35b1c90b815e.jpg?format=pjpg",Manguito leve para usar com os conjuntos Vimm.,vimm_feed
49522761629934,https://cdn.shopify.com/s/files/1/0667/0961/8926/files/meta-sq-9495240048878-40668687171822.jpg?format=pjpg,"https://cdn.shopify.com/s/files/1/0667/0961/8926/files/meta-sq-add-617df3bc4bef.jpg?format=pjpg,https://cdn.shopify.com/s/files/1/0667/0961/8926/files/meta-sq-add-c1c4690ea081.jpg?format=pjpg,https://cdn.shopify.com/s/files/1/0667/0961/8926/files/meta-sq-add-724431626f59.jpg?format=pjpg,https://cdn.shopify.com/s/files/1/0667/0961/8926/files/meta-sq-add-35b1c90b815e.jpg?format=pjpg",Manguito leve para usar com os conjuntos Vimm.,vimm_feed
49522761662702,https://cdn.shopify.com/s/files/1/0667/0961/8926/files/meta-sq-9495240048878-40668687171822.jpg?format=pjpg,"https://cdn.shopify.com/s/files/1/0667/0961/8926/files/meta-sq-add-617df3bc4bef.jpg?format=pjpg,https://cdn.shopify.com/s/files/1/0667/0961/8926/files/meta-sq-add-c1c4690ea081.jpg?format=pjpg,https://cdn.shopify.com/s/files/1/0667/0961/8926/files/meta-sq-add-724431626f59.jpg?format=pjpg,https://cdn.shopify.com/s/files/1/0667/0961/8926/files/meta-sq-add-35b1c90b815e.jpg?format=pjpg",Manguito leve para usar com os conjuntos Vimm.,vimm_feed
49522761171182,https://cdn.shopify.com/s/files/1/0667/0961/8926/files/meta-sq-9495239819502-40669256941806.jpg?format=pjpg,"https://cdn.shopify.com/s/files/1/0667/0961/8926/files/meta-sq-add-8b81fb213e88.jpg?format=pjpg,https://cdn.shopify.com/s/files/1/0667/0961/8926/files/meta-sq-add-3dd9eabf12a9.jpg?format=pjpg,https://cdn.shopify.com/s/files/1/0667/0961/8926/files/meta-sq-add-78f5f935ac51.jpg?format=pjpg,https://cdn.shopify.com/s/files/1/0667/0961/8926/files/meta-sq-add-80f9270c4722.jpg?format=pjpg,https://cdn.shopify.com/s/files/1/0667/0961/8926/files/meta-sq-add-969ea0af7cc4.jpg?format=pjpg",Bermuda curtinha de compressão para treinar sem calcinha.,vimm_feed
49522761203950,https://cdn.shopify.com/s/files/1/0667/0961/8926/files/meta-sq-9495239819502-40669256941806.jpg?format=pjpg,"https://cdn.shopify.com/s/files/1/0667/0961/8926/files/meta-sq-add-8b81fb213e88.jpg?format=pjpg,https://cdn.shopify.com/s/files/1/0667/0961/8926/files/meta-sq-add-3dd9eabf12a9.jpg?format=pjpg,https://cdn.shopify.com/s/files/1/0667/0961/8926/files/meta-sq-add-78f5f935ac51.jpg?format=pjpg,https://cdn.shopify.com/s/files/1/0667/0961/8926/files/meta-sq-add-80f9270c4722.jpg?format=pjpg,https://cdn.shopify.com/s/files/1/0667/0961/8926/files/meta-sq-add-969ea0af7cc4.jpg?format=pjpg",Bermuda curtinha de compressão para treinar sem calcinha.,vimm_feed
49522761236718,https://cdn.shopify.com/s/files/1/0667/0961/8926/files/meta-sq-9495239819502-40669256941806.jpg?format=pjpg,"https://cdn.shopify.com/s/files/1/0667/0961/8926/files/meta-sq-add-8b81fb213e88.jpg?format=pjpg,https://cdn.shopify.com/s/files/1/0667/0961/8926/files/meta-sq-add-3dd9eabf12a9.jpg?format=pjpg,https://cdn.shopify.com/s/files/1/0667/0961/8926/files/meta-sq-add-78f5f935ac51.jpg?format=pjpg,https://cdn.shopify.com/s/files/1/0667/0961/8926/files/meta-sq-add-80f9270c4722.jpg?format=pjpg,https://cdn.shopify.com/s/files/1/0667/0961/8926/files/meta-sq-add-969ea0af7cc4.jpg?format=pjpg",Bermuda curtinha de compressão para treinar sem calcinha.,vimm_feed
49522761269486,https://cdn.shopify.com/s/files/1/0667/0961/8926/files/meta-sq-9495239819502-40669256941806.jpg?format=pjpg,"https://cdn.shopify.com/s/files/1/0667/0961/8926/files/meta-sq-add-8b81fb213e88.jpg?format=pjpg,https://cdn.shopify.com/s/files/1/0667/0961/8926/files/meta-sq-add-3dd9eabf12a9.jpg?format=pjpg,https://cdn.shopify.com/s/files/1/0667/0961/8926/files/meta-sq-add-78f5f935ac51.jpg?format=pjpg,https://cdn.shopify.com/s/files/1/0667/0961/8926/files/meta-sq-add-80f9270c4722.jpg?format=pjpg,https://cdn.shopify.com/s/files/1/0667/0961/8926/files/meta-sq-add-969ea0af7cc4.jpg?format=pjpg",Bermuda curtinha de compressão para treinar sem calcinha.,vimm_feed
49522761302254,https://cdn.shopify.com/s/files/1/0667/0961/8926/files/meta-sq-9495239819502-40669256941806.jpg?format=pjpg,"https://cdn.shopify.com/s/files/1/0667/0961/8926/files/meta-sq-add-8b81fb213e88.jpg?format=pjpg,https://cdn.shopify.com/s/files/1/0667/0961/8926/files/meta-sq-add-3dd9eabf12a9.jpg?format=pjpg,https://cdn.shopify.com/s/files/1/0667/0961/8926/files/meta-sq-add-78f5f935ac51.jpg?format=pjpg,https://cdn.shopify.com/s/files/1/0667/0961/8926/files/meta-sq-add-80f9270c4722.jpg?format=pjpg,https://cdn.shopify.com/s/files/1/0667/0961/8926/files/meta-sq-add-969ea0af7cc4.jpg?format=pjpg",Bermuda curtinha de compressão para treinar sem calcinha.,vimm_feed
49522761335022,https://cdn.shopify.com/s/files/1/0667/0961/8926/files/meta-sq-9495239819502-40669256941806.jpg?format=pjpg,"https://cdn.shopify.com/s/files/1/0667/0961/8926/files/meta-sq-add-8b81fb213e88.jpg?format=pjpg,https://cdn.shopify.com/s/files/1/0667/0961/8926/files/meta-sq-add-3dd9eabf12a9.jpg?format=pjpg,https://cdn.shopify.com/s/files/1/0667/0961/8926/files/meta-sq-add-78f5f935ac51.jpg?format=pjpg,https://cdn.shopify.com/s/files/1/0667/0961/8926/files/meta-sq-add-80f9270c4722.jpg?format=pjpg,https://cdn.shopify.com/s/files/1/0667/0961/8926/files/meta-sq-add-969ea0af7cc4.jpg?format=pjpg",Bermuda curtinha de compressão para treinar sem calcinha.,vimm_feed
49522761367790,https://cdn.shopify.com/s/files/1/0667/0961/8926/files/meta-sq-9495239819502-40669256941806.jpg?format=pjpg,"https://cdn.shopify.com/s/files/1/0667/0961/8926/files/meta-sq-add-8b81fb213e88.jpg?format=pjpg,https://cdn.shopify.com/s/files/1/0667/0961/8926/files/meta-sq-add-3dd9eabf12a9.jpg?format=pjpg,https://cdn.shopify.com/s/files/1/0667/0961/8926/files/meta-sq-add-78f5f935ac51.jpg?format=pjpg,https://cdn.shopify.com/s/files/1/0667/0961/8926/files/meta-sq-add-80f9270c4722.jpg?format=pjpg,https://cdn.shopify.com/s/files/1/0667/0961/8926/files/meta-sq-add-969ea0af7cc4.jpg?format=pjpg",Bermuda curtinha de compressão para treinar sem calcinha.,vimm_feed
49522760810734,https://cdn.shopify.com/s/files/1/0667/0961/8926/files/meta-sq-9495239655662-40656422600942.jpg?format=pjpg,"https://cdn.shopify.com/s/files/1/0667/0961/8926/files/meta-sq-add-574a723c532a.jpg?format=pjpg,https://cdn.shopify.com/s/files/1/0667/0961/8926/files/meta-sq-add-3da9824a21fa.jpg?format=pjpg,https://cdn.shopify.com/s/files/1/0667/0961/8926/files/meta-sq-add-b3ec63c24863.jpg?format=pjpg,https://cdn.shopify.com/s/files/1/0667/0961/8926/files/meta-sq-add-44eeb42293c6.jpg?format=pjpg,https://cdn.shopify.com/s/files/1/0667/0961/8926/files/meta-sq-add-8637b6be6305.jpg?format=pjpg",Bermuda de compressão para treinar sem calcinha.,vimm_feed
49522760843502,https://cdn.shopify.com/s/files/1/0667/0961/8926/files/meta-sq-9495239655662-40656422600942.jpg?format=pjpg,"https://cdn.shopify.com/s/files/1/0667/0961/8926/files/meta-sq-add-574a723c532a.jpg?format=pjpg,https://cdn.shopify.com/s/files/1/0667/0961/8926/files/meta-sq-add-3da9824a21fa.jpg?format=pjpg,https://cdn.shopify.com/s/files/1/0667/0961/8926/files/meta-sq-add-b3ec63c24863.jpg?format=pjpg,https://cdn.shopify.com/s/files/1/0667/0961/8926/files/meta-sq-add-44eeb42293c6.jpg?format=pjpg,https://cdn.shopify.com/s/files/1/0667/0961/8926/files/meta-sq-add-8637b6be6305.jpg?format=pjpg",Bermuda de compressão para treinar sem calcinha.,vimm_feed
49522760876270,https://cdn.shopify.com/s/files/1/0667/0961/8926/files/meta-sq-9495239655662-40656422600942.jpg?format=pjpg,"https://cdn.shopify.com/s/files/1/0667/0961/8926/files/meta-sq-add-574a723c532a.jpg?format=pjpg,https://cdn.shopify.com/s/files/1/0667/0961/8926/files/meta-sq-add-3da9824a21fa.jpg?format=pjpg,https://cdn.shopify.com/s/files/1/0667/0961/8926/files/meta-sq-add-b3ec63c24863.jpg?format=pjpg,https://cdn.shopify.com/s/files/1/0667/0961/8926/files/meta-sq-add-44eeb42293c6.jpg?format=pjpg,https://cdn.shopify.com/s/files/1/0667/0961/8926/files/meta-sq-add-8637b6be6305.jpg?format=pjpg",Bermuda de compressão para treinar sem calcinha.,vimm_feed
49522760909038,https://cdn.shopify.com/s/files/1/0667/0961/8926/files/meta-sq-9495239655662-40656422600942.jpg?format=pjpg,"https://cdn.shopify.com/s/files/1/0667/0961/8926/files/meta-sq-add-574a723c532a.jpg?format=pjpg,https://cdn.shopify.com/s/files/1/0667/0961/8926/files/meta-sq-add-3da9824a21fa.jpg?format=pjpg,https://cdn.shopify.com/s/files/1/0667/0961/8926/files/meta-sq-add-b3ec63c24863.jpg?format=pjpg,https://cdn.shopify.com/s/files/1/0667/0961/8926/files/meta-sq-add-44eeb42293c6.jpg?format=pjpg,https://cdn.shopify.com/s/files/1/0667/0961/8926/files/meta-sq-add-8637b6be6305.jpg?format=pjpg",Bermuda de compressão para treinar sem calcinha.,vimm_feed
49522760941806,https://cdn.shopify.com/s/files/1/0667/0961/8926/files/meta-sq-9495239655662-40656422600942.jpg?format=pjpg,"https://cdn.shopify.com/s/files/1/0667/0961/8926/files/meta-sq-add-574a723c532a.jpg?format=pjpg,https://cdn.shopify.com/s/files/1/0667/0961/8926/files/meta-sq-add-3da9824a21fa.jpg?format=pjpg,https://cdn.shopify.com/s/files/1/0667/0961/8926/files/meta-sq-add-b3ec63c24863.jpg?format=pjpg,https://cdn.shopify.com/s/files/1/0667/0961/8926/files/meta-sq-add-44eeb42293c6.jpg?format=pjpg,https://cdn.shopify.com/s/files/1/0667/0961/8926/files/meta-sq-add-8637b6be6305.jpg?format=pjpg",Bermuda de compressão para treinar sem calcinha.,vimm_feed
49522760974574,https://cdn.shopify.com/s/files/1/0667/0961/8926/files/meta-sq-9495239655662-40656422600942.jpg?format=pjpg,"https://cdn.shopify.com/s/files/1/0667/0961/8926/files/meta-sq-add-574a723c532a.jpg?format=pjpg,https://cdn.shopify.com/s/files/1/0667/0961/8926/files/meta-sq-add-3da9824a21fa.jpg?format=pjpg,https://cdn.shopify.com/s/files/1/0667/0961/8926/files/meta-sq-add-b3ec63c24863.jpg?format=pjpg,https://cdn.shopify.com/s/files/1/0667/0961/8926/files/meta-sq-add-44eeb42293c6.jpg?format=pjpg,https://cdn.shopify.com/s/files/1/0667/0961/8926/files/meta-sq-add-8637b6be6305.jpg?format=pjpg",Bermuda de compressão para treinar sem calcinha.,vimm_feed
49522761007342,https://cdn.shopify.com/s/files/1/0667/0961/8926/files/meta-sq-9495239655662-40656422600942.jpg?format=pjpg,"https://cdn.shopify.com/s/files/1/0667/0961/8926/files/meta-sq-add-574a723c532a.jpg?format=pjpg,https://cdn.shopify.com/s/files/1/0667/0961/8926/files/meta-sq-add-3da9824a21fa.jpg?format=pjpg,https://cdn.shopify.com/s/files/1/0667/0961/8926/files/meta-sq-add-b3ec63c24863.jpg?format=pjpg,https://cdn.shopify.com/s/files/1/0667/0961/8926/files/meta-sq-add-44eeb42293c6.jpg?format=pjpg,https://cdn.shopify.com/s/files/1/0667/0961/8926/files/meta-sq-add-8637b6be6305.jpg?format=pjpg",Bermuda de compressão para treinar sem calcinha.,vimm_feed
49522760286446,https://cdn.shopify.com/s/files/1/0667/0961/8926/files/meta-sq-9495239590126-40656423223534.jpg?format=pjpg,"https://cdn.shopify.com/s/files/1/0667/0961/8926/files/meta-sq-add-9548b630fcc9.jpg?format=pjpg,https://cdn.shopify.com/s/files/1/0667/0961/8926/files/meta-sq-add-fe29e6ea623b.jpg?format=pjpg,https://cdn.shopify.com/s/files/1/0667/0961/8926/files/meta-sq-add-beb2834bb36d.jpg?format=pjpg",Top-blusa com top embutido e alta sustentação.,vimm_feed
49522760319214,https://cdn.shopify.com/s/files/1/0667/0961/8926/files/meta-sq-9495239590126-40656423223534.jpg?format=pjpg,"https://cdn.shopify.com/s/files/1/0667/0961/8926/files/meta-sq-add-9548b630fcc9.jpg?format=pjpg,https://cdn.shopify.com/s/files/1/0667/0961/8926/files/meta-sq-add-fe29e6ea623b.jpg?format=pjpg,https://cdn.shopify.com/s/files/1/0667/0961/8926/files/meta-sq-add-beb2834bb36d.jpg?format=pjpg",Top-blusa com top embutido e alta sustentação.,vimm_feed
49522760351982,https://cdn.shopify.com/s/files/1/0667/0961/8926/files/meta-sq-9495239590126-40656423223534.jpg?format=pjpg,"https://cdn.shopify.com/s/files/1/0667/0961/8926/files/meta-sq-add-9548b630fcc9.jpg?format=pjpg,https://cdn.shopify.com/s/files/1/0667/0961/8926/files/meta-sq-add-fe29e6ea623b.jpg?format=pjpg,https://cdn.shopify.com/s/files/1/0667/0961/8926/files/meta-sq-add-beb2834bb36d.jpg?format=pjpg",Top-blusa com top embutido e alta sustentação.,vimm_feed
49522760384750,https://cdn.shopify.com/s/files/1/0667/0961/8926/files/meta-sq-9495239590126-40656423223534.jpg?format=pjpg,"https://cdn.shopify.com/s/files/1/0667/0961/8926/files/meta-sq-add-9548b630fcc9.jpg?format=pjpg,https://cdn.shopify.com/s/files/1/0667/0961/8926/files/meta-sq-add-fe29e6ea623b.jpg?format=pjpg,https://cdn.shopify.com/s/files/1/0667/0961/8926/files/meta-sq-add-beb2834bb36d.jpg?format=pjpg",Top-blusa com top embutido e alta sustentação.,vimm_feed
49522760417518,https://cdn.shopify.com/s/files/1/0667/0961/8926/files/meta-sq-9495239590126-40656423223534.jpg?format=pjpg,"https://cdn.shopify.com/s/files/1/0667/0961/8926/files/meta-sq-add-9548b630fcc9.jpg?format=pjpg,https://cdn.shopify.com/s/files/1/0667/0961/8926/files/meta-sq-add-fe29e6ea623b.jpg?format=pjpg,https://cdn.shopify.com/s/files/1/0667/0961/8926/files/meta-sq-add-beb2834bb36d.jpg?format=pjpg",Top-blusa com top embutido e alta sustentação.,vimm_feed
49522760089838,https://cdn.shopify.com/s/files/1/0667/0961/8926/files/meta-sq-9495239524590-40656420765934.jpg?format=pjpg,"https://cdn.shopify.com/s/files/1/0667/0961/8926/files/meta-sq-add-8ade6bc111a0.jpg?format=pjpg,https://cdn.shopify.com/s/files/1/0667/0961/8926/files/meta-sq-add-cd3903aa5b63.jpg?format=pjpg,https://cdn.shopify.com/s/files/1/0667/0961/8926/files/meta-sq-add-06b0bfc46e0e.jpg?format=pjpg",Top-blusa com 6 bolsos nas costas e alta sustentação.,vimm_feed
49522760122606,https://cdn.shopify.com/s/files/1/0667/0961/8926/files/meta-sq-9495239524590-40656420765934.jpg?format=pjpg,"https://cdn.shopify.com/s/files/1/0667/0961/8926/files/meta-sq-add-8ade6bc111a0.jpg?format=pjpg,https://cdn.shopify.com/s/files/1/0667/0961/8926/files/meta-sq-add-cd3903aa5b63.jpg?format=pjpg,https://cdn.shopify.com/s/files/1/0667/0961/8926/files/meta-sq-add-06b0bfc46e0e.jpg?format=pjpg",Top-blusa com 6 bolsos nas costas e alta sustentação.,vimm_feed
49522760155374,https://cdn.shopify.com/s/files/1/0667/0961/8926/files/meta-sq-9495239524590-40656420765934.jpg?format=pjpg,"https://cdn.shopify.com/s/files/1/0667/0961/8926/files/meta-sq-add-8ade6bc111a0.jpg?format=pjpg,https://cdn.shopify.com/s/files/1/0667/0961/8926/files/meta-sq-add-cd3903aa5b63.jpg?format=pjpg,https://cdn.shopify.com/s/files/1/0667/0961/8926/files/meta-sq-add-06b0bfc46e0e.jpg?format=pjpg",Top-blusa com 6 bolsos nas costas e alta sustentação.,vimm_feed
49522760188142,https://cdn.shopify.com/s/files/1/0667/0961/8926/files/meta-sq-9495239524590-40656420765934.jpg?format=pjpg,"https://cdn.shopify.com/s/files/1/0667/0961/8926/files/meta-sq-add-8ade6bc111a0.jpg?format=pjpg,https://cdn.shopify.com/s/files/1/0667/0961/8926/files/meta-sq-add-cd3903aa5b63.jpg?format=pjpg,https://cdn.shopify.com/s/files/1/0667/0961/8926/files/meta-sq-add-06b0bfc46e0e.jpg?format=pjpg",Top-blusa com 6 bolsos nas costas e alta sustentação.,vimm_feed
49522760220910,https://cdn.shopify.com/s/files/1/0667/0961/8926/files/meta-sq-9495239524590-40656420765934.jpg?format=pjpg,"https://cdn.shopify.com/s/files/1/0667/0961/8926/files/meta-sq-add-8ade6bc111a0.jpg?format=pjpg,https://cdn.shopify.com/s/files/1/0667/0961/8926/files/meta-sq-add-cd3903aa5b63.jpg?format=pjpg,https://cdn.shopify.com/s/files/1/0667/0961/8926/files/meta-sq-add-06b0bfc46e0e.jpg?format=pjpg",Top-blusa com 6 bolsos nas costas e alta sustentação.,vimm_feed
49522759893230,https://cdn.shopify.com/s/files/1/0667/0961/8926/files/meta-sq-9495239459054-40668643983598.jpg?format=pjpg,"https://cdn.shopify.com/s/files/1/0667/0961/8926/files/meta-sq-add-56e56a62cffb.jpg?format=pjpg,https://cdn.shopify.com/s/files/1/0667/0961/8926/files/meta-sq-add-db70b52a2a70.jpg?format=pjpg,https://cdn.shopify.com/s/files/1/0667/0961/8926/files/meta-sq-add-1bcd71860e6c.jpg?format=pjpg,https://cdn.shopify.com/s/files/1/0667/0961/8926/files/meta-sq-add-d82231972203.jpg?format=pjpg",Top nadador com bolso nas costas e alta sustentação.,vimm_feed
49522759925998,https://cdn.shopify.com/s/files/1/0667/0961/8926/files/meta-sq-9495239459054-40668643983598.jpg?format=pjpg,"https://cdn.shopify.com/s/files/1/0667/0961/8926/files/meta-sq-add-56e56a62cffb.jpg?format=pjpg,https://cdn.shopify.com/s/files/1/0667/0961/8926/files/meta-sq-add-db70b52a2a70.jpg?format=pjpg,https://cdn.shopify.com/s/files/1/0667/0961/8926/files/meta-sq-add-1bcd71860e6c.jpg?format=pjpg,https://cdn.shopify.com/s/files/1/0667/0961/8926/files/meta-sq-add-d82231972203.jpg?format=pjpg",Top nadador com bolso nas costas e alta sustentação.,vimm_feed
49522759958766,https://cdn.shopify.com/s/files/1/0667/0961/8926/files/meta-sq-9495239459054-40668643983598.jpg?format=pjpg,"https://cdn.shopify.com/s/files/1/0667/0961/8926/files/meta-sq-add-56e56a62cffb.jpg?format=pjpg,https://cdn.shopify.com/s/files/1/0667/0961/8926/files/meta-sq-add-db70b52a2a70.jpg?format=pjpg,https://cdn.shopify.com/s/files/1/0667/0961/8926/files/meta-sq-add-1bcd71860e6c.jpg?format=pjpg,https://cdn.shopify.com/s/files/1/0667/0961/8926/files/meta-sq-add-d82231972203.jpg?format=pjpg",Top nadador com bolso nas costas e alta sustentação.,vimm_feed
49522759991534,https://cdn.shopify.com/s/files/1/0667/0961/8926/files/meta-sq-9495239459054-40668643983598.jpg?format=pjpg,"https://cdn.shopify.com/s/files/1/0667/0961/8926/files/meta-sq-add-56e56a62cffb.jpg?format=pjpg,https://cdn.shopify.com/s/files/1/0667/0961/8926/files/meta-sq-add-db70b52a2a70.jpg?format=pjpg,https://cdn.shopify.com/s/files/1/0667/0961/8926/files/meta-sq-add-1bcd71860e6c.jpg?format=pjpg,https://cdn.shopify.com/s/files/1/0667/0961/8926/files/meta-sq-add-d82231972203.jpg?format=pjpg",Top nadador com bolso nas costas e alta sustentação.,vimm_feed
49522760024302,https://cdn.shopify.com/s/files/1/0667/0961/8926/files/meta-sq-9495239459054-40668643983598.jpg?format=pjpg,"https://cdn.shopify.com/s/files/1/0667/0961/8926/files/meta-sq-add-56e56a62cffb.jpg?format=pjpg,https://cdn.shopify.com/s/files/1/0667/0961/8926/files/meta-sq-add-db70b52a2a70.jpg?format=pjpg,https://cdn.shopify.com/s/files/1/0667/0961/8926/files/meta-sq-add-1bcd71860e6c.jpg?format=pjpg,https://cdn.shopify.com/s/files/1/0667/0961/8926/files/meta-sq-add-d82231972203.jpg?format=pjpg",Top nadador com bolso nas costas e alta sustentação.,vimm_feed
48143847096558,https://cdn.shopify.com/s/files/1/0667/0961/8926/files/meta-sq-9312319209710-38887581974766.jpg?format=pjpg,"https://cdn.shopify.com/s/files/1/0667/0961/8926/files/meta-sq-add-95643acf530f.jpg?format=pjpg,https://cdn.shopify.com/s/files/1/0667/0961/8926/files/meta-sq-add-304ee782cdaa.jpg?format=pjpg,https://cdn.shopify.com/s/files/1/0667/0961/8926/files/meta-sq-add-0b405325b81e.jpg?format=pjpg,https://cdn.shopify.com/s/files/1/0667/0961/8926/files/meta-sq-add-a76f3e79ead2.jpg?format=pjpg,https://cdn.shopify.com/s/files/1/0667/0961/8926/files/meta-sq-add-b7872986908c.jpg?format=pjpg",Conjunto com top nadador com bolso e alta sustentação.,vimm_feed
48143847260398,https://cdn.shopify.com/s/files/1/0667/0961/8926/files/meta-sq-9312319209710-38887581974766.jpg?format=pjpg,"https://cdn.shopify.com/s/files/1/0667/0961/8926/files/meta-sq-add-95643acf530f.jpg?format=pjpg,https://cdn.shopify.com/s/files/1/0667/0961/8926/files/meta-sq-add-304ee782cdaa.jpg?format=pjpg,https://cdn.shopify.com/s/files/1/0667/0961/8926/files/meta-sq-add-0b405325b81e.jpg?format=pjpg,https://cdn.shopify.com/s/files/1/0667/0961/8926/files/meta-sq-add-a76f3e79ead2.jpg?format=pjpg,https://cdn.shopify.com/s/files/1/0667/0961/8926/files/meta-sq-add-b7872986908c.jpg?format=pjpg",Conjunto com top nadador com bolso e alta sustentação.,vimm_feed
48143847424238,https://cdn.shopify.com/s/files/1/0667/0961/8926/files/meta-sq-9312319209710-38887581974766.jpg?format=pjpg,"https://cdn.shopify.com/s/files/1/0667/0961/8926/files/meta-sq-add-95643acf530f.jpg?format=pjpg,https://cdn.shopify.com/s/files/1/0667/0961/8926/files/meta-sq-add-304ee782cdaa.jpg?format=pjpg,https://cdn.shopify.com/s/files/1/0667/0961/8926/files/meta-sq-add-0b405325b81e.jpg?format=pjpg,https://cdn.shopify.com/s/files/1/0667/0961/8926/files/meta-sq-add-a76f3e79ead2.jpg?format=pjpg,https://cdn.shopify.com/s/files/1/0667/0961/8926/files/meta-sq-add-b7872986908c.jpg?format=pjpg",Conjunto com top nadador com bolso e alta sustentação.,vimm_feed
48143847588078,https://cdn.shopify.com/s/files/1/0667/0961/8926/files/meta-sq-9312319209710-38887581974766.jpg?format=pjpg,"https://cdn.shopify.com/s/files/1/0667/0961/8926/files/meta-sq-add-95643acf530f.jpg?format=pjpg,https://cdn.shopify.com/s/files/1/0667/0961/8926/files/meta-sq-add-304ee782cdaa.jpg?format=pjpg,https://cdn.shopify.com/s/files/1/0667/0961/8926/files/meta-sq-add-0b405325b81e.jpg?format=pjpg,https://cdn.shopify.com/s/files/1/0667/0961/8926/files/meta-sq-add-a76f3e79ead2.jpg?format=pjpg,https://cdn.shopify.com/s/files/1/0667/0961/8926/files/meta-sq-add-b7872986908c.jpg?format=pjpg",Conjunto com top nadador com bolso e alta sustentação.,vimm_feed
48143847751918,https://cdn.shopify.com/s/files/1/0667/0961/8926/files/meta-sq-9312319209710-38887581974766.jpg?format=pjpg,"https://cdn.shopify.com/s/files/1/0667/0961/8926/files/meta-sq-add-95643acf530f.jpg?format=pjpg,https://cdn.shopify.com/s/files/1/0667/0961/8926/files/meta-sq-add-304ee782cdaa.jpg?format=pjpg,https://cdn.shopify.com/s/files/1/0667/0961/8926/files/meta-sq-add-0b405325b81e.jpg?format=pjpg,https://cdn.shopify.com/s/files/1/0667/0961/8926/files/meta-sq-add-a76f3e79ead2.jpg?format=pjpg,https://cdn.shopify.com/s/files/1/0667/0961/8926/files/meta-sq-add-b7872986908c.jpg?format=pjpg",Conjunto com top nadador com bolso e alta sustentação.,vimm_feed
48143847915758,https://cdn.shopify.com/s/files/1/0667/0961/8926/files/meta-sq-9312319209710-38887581974766.jpg?format=pjpg,"https://cdn.shopify.com/s/files/1/0667/0961/8926/files/meta-sq-add-95643acf530f.jpg?format=pjpg,https://cdn.shopify.com/s/files/1/0667/0961/8926/files/meta-sq-add-304ee782cdaa.jpg?format=pjpg,https://cdn.shopify.com/s/files/1/0667/0961/8926/files/meta-sq-add-0b405325b81e.jpg?format=pjpg,https://cdn.shopify.com/s/files/1/0667/0961/8926/files/meta-sq-add-a76f3e79ead2.jpg?format=pjpg,https://cdn.shopify.com/s/files/1/0667/0961/8926/files/meta-sq-add-b7872986908c.jpg?format=pjpg",Conjunto com top nadador com bolso e alta sustentação.,vimm_feed
48143847129326,https://cdn.shopify.com/s/files/1/0667/0961/8926/files/meta-sq-9312319209710-38887581974766.jpg?format=pjpg,"https://cdn.shopify.com/s/files/1/0667/0961/8926/files/meta-sq-add-95643acf530f.jpg?format=pjpg,https://cdn.shopify.com/s/files/1/0667/0961/8926/files/meta-sq-add-304ee782cdaa.jpg?format=pjpg,https://cdn.shopify.com/s/files/1/0667/0961/8926/files/meta-sq-add-0b405325b81e.jpg?format=pjpg,https://cdn.shopify.com/s/files/1/0667/0961/8926/files/meta-sq-add-a76f3e79ead2.jpg?format=pjpg,https://cdn.shopify.com/s/files/1/0667/0961/8926/files/meta-sq-add-b7872986908c.jpg?format=pjpg",Conjunto com top nadador com bolso e alta sustentação.,vimm_feed
48143847293166,https://cdn.shopify.com/s/files/1/0667/0961/8926/files/meta-sq-9312319209710-38887581974766.jpg?format=pjpg,"https://cdn.shopify.com/s/files/1/0667/0961/8926/files/meta-sq-add-95643acf530f.jpg?format=pjpg,https://cdn.shopify.com/s/files/1/0667/0961/8926/files/meta-sq-add-304ee782cdaa.jpg?format=pjpg,https://cdn.shopify.com/s/files/1/0667/0961/8926/files/meta-sq-add-0b405325b81e.jpg?format=pjpg,https://cdn.shopify.com/s/files/1/0667/0961/8926/files/meta-sq-add-a76f3e79ead2.jpg?format=pjpg,https://cdn.shopify.com/s/files/1/0667/0961/8926/files/meta-sq-add-b7872986908c.jpg?format=pjpg",Conjunto com top nadador com bolso e alta sustentação.,vimm_feed
48143847457006,https://cdn.shopify.com/s/files/1/0667/0961/8926/files/meta-sq-9312319209710-38887581974766.jpg?format=pjpg,"https://cdn.shopify.com/s/files/1/0667/0961/8926/files/meta-sq-add-95643acf530f.jpg?format=pjpg,https://cdn.shopify.com/s/files/1/0667/0961/8926/files/meta-sq-add-304ee782cdaa.jpg?format=pjpg,https://cdn.shopify.com/s/files/1/0667/0961/8926/files/meta-sq-add-0b405325b81e.jpg?format=pjpg,https://cdn.shopify.com/s/files/1/0667/0961/8926/files/meta-sq-add-a76f3e79ead2.jpg?format=pjpg,https://cdn.shopify.com/s/files/1/0667/0961/8926/files/meta-sq-add-b7872986908c.jpg?format=pjpg",Conjunto com top nadador com bolso e alta sustentação.,vimm_feed
48143847620846,https://cdn.shopify.com/s/files/1/0667/0961/8926/files/meta-sq-9312319209710-38887581974766.jpg?format=pjpg,"https://cdn.shopify.com/s/files/1/0667/0961/8926/files/meta-sq-add-95643acf530f.jpg?format=pjpg,https://cdn.shopify.com/s/files/1/0667/0961/8926/files/meta-sq-add-304ee782cdaa.jpg?format=pjpg,https://cdn.shopify.com/s/files/1/0667/0961/8926/files/meta-sq-add-0b405325b81e.jpg?format=pjpg,https://cdn.shopify.com/s/files/1/0667/0961/8926/files/meta-sq-add-a76f3e79ead2.jpg?format=pjpg,https://cdn.shopify.com/s/files/1/0667/0961/8926/files/meta-sq-add-b7872986908c.jpg?format=pjpg",Conjunto com top nadador com bolso e alta sustentação.,vimm_feed
48143847784686,https://cdn.shopify.com/s/files/1/0667/0961/8926/files/meta-sq-9312319209710-38887581974766.jpg?format=pjpg,"https://cdn.shopify.com/s/files/1/0667/0961/8926/files/meta-sq-add-95643acf530f.jpg?format=pjpg,https://cdn.shopify.com/s/files/1/0667/0961/8926/files/meta-sq-add-304ee782cdaa.jpg?format=pjpg,https://cdn.shopify.com/s/files/1/0667/0961/8926/files/meta-sq-add-0b405325b81e.jpg?format=pjpg,https://cdn.shopify.com/s/files/1/0667/0961/8926/files/meta-sq-add-a76f3e79ead2.jpg?format=pjpg,https://cdn.shopify.com/s/files/1/0667/0961/8926/files/meta-sq-add-b7872986908c.jpg?format=pjpg",Conjunto com top nadador com bolso e alta sustentação.,vimm_feed
48143847948526,https://cdn.shopify.com/s/files/1/0667/0961/8926/files/meta-sq-9312319209710-38887581974766.jpg?format=pjpg,"https://cdn.shopify.com/s/files/1/0667/0961/8926/files/meta-sq-add-95643acf530f.jpg?format=pjpg,https://cdn.shopify.com/s/files/1/0667/0961/8926/files/meta-sq-add-304ee782cdaa.jpg?format=pjpg,https://cdn.shopify.com/s/files/1/0667/0961/8926/files/meta-sq-add-0b405325b81e.jpg?format=pjpg,https://cdn.shopify.com/s/files/1/0667/0961/8926/files/meta-sq-add-a76f3e79ead2.jpg?format=pjpg,https://cdn.shopify.com/s/files/1/0667/0961/8926/files/meta-sq-add-b7872986908c.jpg?format=pjpg",Conjunto com top nadador com bolso e alta sustentação.,vimm_feed
48143847162094,https://cdn.shopify.com/s/files/1/0667/0961/8926/files/meta-sq-9312319209710-38887581974766.jpg?format=pjpg,"https://cdn.shopify.com/s/files/1/0667/0961/8926/files/meta-sq-add-95643acf530f.jpg?format=pjpg,https://cdn.shopify.com/s/files/1/0667/0961/8926/files/meta-sq-add-304ee782cdaa.jpg?format=pjpg,https://cdn.shopify.com/s/files/1/0667/0961/8926/files/meta-sq-add-0b405325b81e.jpg?format=pjpg,https://cdn.shopify.com/s/files/1/0667/0961/8926/files/meta-sq-add-a76f3e79ead2.jpg?format=pjpg,https://cdn.shopify.com/s/files/1/0667/0961/8926/files/meta-sq-add-b7872986908c.jpg?format=pjpg",Conjunto com top nadador com bolso e alta sustentação.,vimm_feed
48143847325934,https://cdn.shopify.com/s/files/1/0667/0961/8926/files/meta-sq-9312319209710-38887581974766.jpg?format=pjpg,"https://cdn.shopify.com/s/files/1/0667/0961/8926/files/meta-sq-add-95643acf530f.jpg?format=pjpg,https://cdn.shopify.com/s/files/1/0667/0961/8926/files/meta-sq-add-304ee782cdaa.jpg?format=pjpg,https://cdn.shopify.com/s/files/1/0667/0961/8926/files/meta-sq-add-0b405325b81e.jpg?format=pjpg,https://cdn.shopify.com/s/files/1/0667/0961/8926/files/meta-sq-add-a76f3e79ead2.jpg?format=pjpg,https://cdn.shopify.com/s/files/1/0667/0961/8926/files/meta-sq-add-b7872986908c.jpg?format=pjpg",Conjunto com top nadador com bolso e alta sustentação.,vimm_feed
48143847489774,https://cdn.shopify.com/s/files/1/0667/0961/8926/files/meta-sq-9312319209710-38887581974766.jpg?format=pjpg,"https://cdn.shopify.com/s/files/1/0667/0961/8926/files/meta-sq-add-95643acf530f.jpg?format=pjpg,https://cdn.shopify.com/s/files/1/0667/0961/8926/files/meta-sq-add-304ee782cdaa.jpg?format=pjpg,https://cdn.shopify.com/s/files/1/0667/0961/8926/files/meta-sq-add-0b405325b81e.jpg?format=pjpg,https://cdn.shopify.com/s/files/1/0667/0961/8926/files/meta-sq-add-a76f3e79ead2.jpg?format=pjpg,https://cdn.shopify.com/s/files/1/0667/0961/8926/files/meta-sq-add-b7872986908c.jpg?format=pjpg",Conjunto com top nadador com bolso e alta sustentação.,vimm_feed
48143847653614,https://cdn.shopify.com/s/files/1/0667/0961/8926/files/meta-sq-9312319209710-38887581974766.jpg?format=pjpg,"https://cdn.shopify.com/s/files/1/0667/0961/8926/files/meta-sq-add-95643acf530f.jpg?format=pjpg,https://cdn.shopify.com/s/files/1/0667/0961/8926/files/meta-sq-add-304ee782cdaa.jpg?format=pjpg,https://cdn.shopify.com/s/files/1/0667/0961/8926/files/meta-sq-add-0b405325b81e.jpg?format=pjpg,https://cdn.shopify.com/s/files/1/0667/0961/8926/files/meta-sq-add-a76f3e79ead2.jpg?format=pjpg,https://cdn.shopify.com/s/files/1/0667/0961/8926/files/meta-sq-add-b7872986908c.jpg?format=pjpg",Conjunto com top nadador com bolso e alta sustentação.,vimm_feed
48143847817454,https://cdn.shopify.com/s/files/1/0667/0961/8926/files/meta-sq-9312319209710-38887581974766.jpg?format=pjpg,"https://cdn.shopify.com/s/files/1/0667/0961/8926/files/meta-sq-add-95643acf530f.jpg?format=pjpg,https://cdn.shopify.com/s/files/1/0667/0961/8926/files/meta-sq-add-304ee782cdaa.jpg?format=pjpg,https://cdn.shopify.com/s/files/1/0667/0961/8926/files/meta-sq-add-0b405325b81e.jpg?format=pjpg,https://cdn.shopify.com/s/files/1/0667/0961/8926/files/meta-sq-add-a76f3e79ead2.jpg?format=pjpg,https://cdn.shopify.com/s/files/1/0667/0961/8926/files/meta-sq-add-b7872986908c.jpg?format=pjpg",Conjunto com top nadador com bolso e alta sustentação.,vimm_feed
48143847981294,https://cdn.shopify.com/s/files/1/0667/0961/8926/files/meta-sq-9312319209710-38887581974766.jpg?format=pjpg,"https://cdn.shopify.com/s/files/1/0667/0961/8926/files/meta-sq-add-95643acf530f.jpg?format=pjpg,https://cdn.shopify.com/s/files/1/0667/0961/8926/files/meta-sq-add-304ee782cdaa.jpg?format=pjpg,https://cdn.shopify.com/s/files/1/0667/0961/8926/files/meta-sq-add-0b405325b81e.jpg?format=pjpg,https://cdn.shopify.com/s/files/1/0667/0961/8926/files/meta-sq-add-a76f3e79ead2.jpg?format=pjpg,https://cdn.shopify.com/s/files/1/0667/0961/8926/files/meta-sq-add-b7872986908c.jpg?format=pjpg",Conjunto com top nadador com bolso e alta sustentação.,vimm_feed
48143847194862,https://cdn.shopify.com/s/files/1/0667/0961/8926/files/meta-sq-9312319209710-38887581974766.jpg?format=pjpg,"https://cdn.shopify.com/s/files/1/0667/0961/8926/files/meta-sq-add-95643acf530f.jpg?format=pjpg,https://cdn.shopify.com/s/files/1/0667/0961/8926/files/meta-sq-add-304ee782cdaa.jpg?format=pjpg,https://cdn.shopify.com/s/files/1/0667/0961/8926/files/meta-sq-add-0b405325b81e.jpg?format=pjpg,https://cdn.shopify.com/s/files/1/0667/0961/8926/files/meta-sq-add-a76f3e79ead2.jpg?format=pjpg,https://cdn.shopify.com/s/files/1/0667/0961/8926/files/meta-sq-add-b7872986908c.jpg?format=pjpg",Conjunto com top nadador com bolso e alta sustentação.,vimm_feed
48143847358702,https://cdn.shopify.com/s/files/1/0667/0961/8926/files/meta-sq-9312319209710-38887581974766.jpg?format=pjpg,"https://cdn.shopify.com/s/files/1/0667/0961/8926/files/meta-sq-add-95643acf530f.jpg?format=pjpg,https://cdn.shopify.com/s/files/1/0667/0961/8926/files/meta-sq-add-304ee782cdaa.jpg?format=pjpg,https://cdn.shopify.com/s/files/1/0667/0961/8926/files/meta-sq-add-0b405325b81e.jpg?format=pjpg,https://cdn.shopify.com/s/files/1/0667/0961/8926/files/meta-sq-add-a76f3e79ead2.jpg?format=pjpg,https://cdn.shopify.com/s/files/1/0667/0961/8926/files/meta-sq-add-b7872986908c.jpg?format=pjpg",Conjunto com top nadador com bolso e alta sustentação.,vimm_feed
48143847522542,https://cdn.shopify.com/s/files/1/0667/0961/8926/files/meta-sq-9312319209710-38887581974766.jpg?format=pjpg,"https://cdn.shopify.com/s/files/1/0667/0961/8926/files/meta-sq-add-95643acf530f.jpg?format=pjpg,https://cdn.shopify.com/s/files/1/0667/0961/8926/files/meta-sq-add-304ee782cdaa.jpg?format=pjpg,https://cdn.shopify.com/s/files/1/0667/0961/8926/files/meta-sq-add-0b405325b81e.jpg?format=pjpg,https://cdn.shopify.com/s/files/1/0667/0961/8926/files/meta-sq-add-a76f3e79ead2.jpg?format=pjpg,https://cdn.shopify.com/s/files/1/0667/0961/8926/files/meta-sq-add-b7872986908c.jpg?format=pjpg",Conjunto com top nadador com bolso e alta sustentação.,vimm_feed
48143847686382,https://cdn.shopify.com/s/files/1/0667/0961/8926/files/meta-sq-9312319209710-38887581974766.jpg?format=pjpg,"https://cdn.shopify.com/s/files/1/0667/0961/8926/files/meta-sq-add-95643acf530f.jpg?format=pjpg,https://cdn.shopify.com/s/files/1/0667/0961/8926/files/meta-sq-add-304ee782cdaa.jpg?format=pjpg,https://cdn.shopify.com/s/files/1/0667/0961/8926/files/meta-sq-add-0b405325b81e.jpg?format=pjpg,https://cdn.shopify.com/s/files/1/0667/0961/8926/files/meta-sq-add-a76f3e79ead2.jpg?format=pjpg,https://cdn.shopify.com/s/files/1/0667/0961/8926/files/meta-sq-add-b7872986908c.jpg?format=pjpg",Conjunto com top nadador com bolso e alta sustentação.,vimm_feed
48143847850222,https://cdn.shopify.com/s/files/1/0667/0961/8926/files/meta-sq-9312319209710-38887581974766.jpg?format=pjpg,"https://cdn.shopify.com/s/files/1/0667/0961/8926/files/meta-sq-add-95643acf530f.jpg?format=pjpg,https://cdn.shopify.com/s/files/1/0667/0961/8926/files/meta-sq-add-304ee782cdaa.jpg?format=pjpg,https://cdn.shopify.com/s/files/1/0667/0961/8926/files/meta-sq-add-0b405325b81e.jpg?format=pjpg,https://cdn.shopify.com/s/files/1/0667/0961/8926/files/meta-sq-add-a76f3e79ead2.jpg?format=pjpg,https://cdn.shopify.com/s/files/1/0667/0961/8926/files/meta-sq-add-b7872986908c.jpg?format=pjpg",Conjunto com top nadador com bolso e alta sustentação.,vimm_feed
48143848014062,https://cdn.shopify.com/s/files/1/0667/0961/8926/files/meta-sq-9312319209710-38887581974766.jpg?format=pjpg,"https://cdn.shopify.com/s/files/1/0667/0961/8926/files/meta-sq-add-95643acf530f.jpg?format=pjpg,https://cdn.shopify.com/s/files/1/0667/0961/8926/files/meta-sq-add-304ee782cdaa.jpg?format=pjpg,https://cdn.shopify.com/s/files/1/0667/0961/8926/files/meta-sq-add-0b405325b81e.jpg?format=pjpg,https://cdn.shopify.com/s/files/1/0667/0961/8926/files/meta-sq-add-a76f3e79ead2.jpg?format=pjpg,https://cdn.shopify.com/s/files/1/0667/0961/8926/files/meta-sq-add-b7872986908c.jpg?format=pjpg",Conjunto com top nadador com bolso e alta sustentação.,vimm_feed
48143847227630,https://cdn.shopify.com/s/files/1/0667/0961/8926/files/meta-sq-9312319209710-38887581974766.jpg?format=pjpg,"https://cdn.shopify.com/s/files/1/0667/0961/8926/files/meta-sq-add-95643acf530f.jpg?format=pjpg,https://cdn.shopify.com/s/files/1/0667/0961/8926/files/meta-sq-add-304ee782cdaa.jpg?format=pjpg,https://cdn.shopify.com/s/files/1/0667/0961/8926/files/meta-sq-add-0b405325b81e.jpg?format=pjpg,https://cdn.shopify.com/s/files/1/0667/0961/8926/files/meta-sq-add-a76f3e79ead2.jpg?format=pjpg,https://cdn.shopify.com/s/files/1/0667/0961/8926/files/meta-sq-add-b7872986908c.jpg?format=pjpg",Conjunto com top nadador com bolso e alta sustentação.,vimm_feed
48143847391470,https://cdn.shopify.com/s/files/1/0667/0961/8926/files/meta-sq-9312319209710-38887581974766.jpg?format=pjpg,"https://cdn.shopify.com/s/files/1/0667/0961/8926/files/meta-sq-add-95643acf530f.jpg?format=pjpg,https://cdn.shopify.com/s/files/1/0667/0961/8926/files/meta-sq-add-304ee782cdaa.jpg?format=pjpg,https://cdn.shopify.com/s/files/1/0667/0961/8926/files/meta-sq-add-0b405325b81e.jpg?format=pjpg,https://cdn.shopify.com/s/files/1/0667/0961/8926/files/meta-sq-add-a76f3e79ead2.jpg?format=pjpg,https://cdn.shopify.com/s/files/1/0667/0961/8926/files/meta-sq-add-b7872986908c.jpg?format=pjpg",Conjunto com top nadador com bolso e alta sustentação.,vimm_feed
48143847555310,https://cdn.shopify.com/s/files/1/0667/0961/8926/files/meta-sq-9312319209710-38887581974766.jpg?format=pjpg,"https://cdn.shopify.com/s/files/1/0667/0961/8926/files/meta-sq-add-95643acf530f.jpg?format=pjpg,https://cdn.shopify.com/s/files/1/0667/0961/8926/files/meta-sq-add-304ee782cdaa.jpg?format=pjpg,https://cdn.shopify.com/s/files/1/0667/0961/8926/files/meta-sq-add-0b405325b81e.jpg?format=pjpg,https://cdn.shopify.com/s/files/1/0667/0961/8926/files/meta-sq-add-a76f3e79ead2.jpg?format=pjpg,https://cdn.shopify.com/s/files/1/0667/0961/8926/files/meta-sq-add-b7872986908c.jpg?format=pjpg",Conjunto com top nadador com bolso e alta sustentação.,vimm_feed
48143847719150,https://cdn.shopify.com/s/files/1/0667/0961/8926/files/meta-sq-9312319209710-38887581974766.jpg?format=pjpg,"https://cdn.shopify.com/s/files/1/0667/0961/8926/files/meta-sq-add-95643acf530f.jpg?format=pjpg,https://cdn.shopify.com/s/files/1/0667/0961/8926/files/meta-sq-add-304ee782cdaa.jpg?format=pjpg,https://cdn.shopify.com/s/files/1/0667/0961/8926/files/meta-sq-add-0b405325b81e.jpg?format=pjpg,https://cdn.shopify.com/s/files/1/0667/0961/8926/files/meta-sq-add-a76f3e79ead2.jpg?format=pjpg,https://cdn.shopify.com/s/files/1/0667/0961/8926/files/meta-sq-add-b7872986908c.jpg?format=pjpg",Conjunto com top nadador com bolso e alta sustentação.,vimm_feed
48143847882990,https://cdn.shopify.com/s/files/1/0667/0961/8926/files/meta-sq-9312319209710-38887581974766.jpg?format=pjpg,"https://cdn.shopify.com/s/files/1/0667/0961/8926/files/meta-sq-add-95643acf530f.jpg?format=pjpg,https://cdn.shopify.com/s/files/1/0667/0961/8926/files/meta-sq-add-304ee782cdaa.jpg?format=pjpg,https://cdn.shopify.com/s/files/1/0667/0961/8926/files/meta-sq-add-0b405325b81e.jpg?format=pjpg,https://cdn.shopify.com/s/files/1/0667/0961/8926/files/meta-sq-add-a76f3e79ead2.jpg?format=pjpg,https://cdn.shopify.com/s/files/1/0667/0961/8926/files/meta-sq-add-b7872986908c.jpg?format=pjpg",Conjunto com top nadador com bolso e alta sustentação.,vimm_feed
48143848046830,https://cdn.shopify.com/s/files/1/0667/0961/8926/files/meta-sq-9312319209710-38887581974766.jpg?format=pjpg,"https://cdn.shopify.com/s/files/1/0667/0961/8926/files/meta-sq-add-95643acf530f.jpg?format=pjpg,https://cdn.shopify.com/s/files/1/0667/0961/8926/files/meta-sq-add-304ee782cdaa.jpg?format=pjpg,https://cdn.shopify.com/s/files/1/0667/0961/8926/files/meta-sq-add-0b405325b81e.jpg?format=pjpg,https://cdn.shopify.com/s/files/1/0667/0961/8926/files/meta-sq-add-a76f3e79ead2.jpg?format=pjpg,https://cdn.shopify.com/s/files/1/0667/0961/8926/files/meta-sq-add-b7872986908c.jpg?format=pjpg",Conjunto com top nadador com bolso e alta sustentação.,vimm_feed
48143845163246,https://cdn.shopify.com/s/files/1/0667/0961/8926/files/meta-sq-9312318783726-38887578173678.jpg?format=pjpg,"https://cdn.shopify.com/s/files/1/0667/0961/8926/files/meta-sq-add-384910aaf5d6.jpg?format=pjpg,https://cdn.shopify.com/s/files/1/0667/0961/8926/files/meta-sq-add-59aa4345dc3b.jpg?format=pjpg,https://cdn.shopify.com/s/files/1/0667/0961/8926/files/meta-sq-add-8a802ff925ef.jpg?format=pjpg,https://cdn.shopify.com/s/files/1/0667/0961/8926/files/meta-sq-add-d22fa2a9691f.jpg?format=pjpg",Conjunto com top nadador com bolso e alta sustentação.,vimm_feed
48143845196014,https://cdn.shopify.com/s/files/1/0667/0961/8926/files/meta-sq-9312318783726-38887578173678.jpg?format=pjpg,"https://cdn.shopify.com/s/files/1/0667/0961/8926/files/meta-sq-add-384910aaf5d6.jpg?format=pjpg,https://cdn.shopify.com/s/files/1/0667/0961/8926/files/meta-sq-add-59aa4345dc3b.jpg?format=pjpg,https://cdn.shopify.com/s/files/1/0667/0961/8926/files/meta-sq-add-8a802ff925ef.jpg?format=pjpg,https://cdn.shopify.com/s/files/1/0667/0961/8926/files/meta-sq-add-d22fa2a9691f.jpg?format=pjpg",Conjunto com top nadador com bolso e alta sustentação.,vimm_feed
48143845228782,https://cdn.shopify.com/s/files/1/0667/0961/8926/files/meta-sq-9312318783726-38887578173678.jpg?format=pjpg,"https://cdn.shopify.com/s/files/1/0667/0961/8926/files/meta-sq-add-384910aaf5d6.jpg?format=pjpg,https://cdn.shopify.com/s/files/1/0667/0961/8926/files/meta-sq-add-59aa4345dc3b.jpg?format=pjpg,https://cdn.shopify.com/s/files/1/0667/0961/8926/files/meta-sq-add-8a802ff925ef.jpg?format=pjpg,https://cdn.shopify.com/s/files/1/0667/0961/8926/files/meta-sq-add-d22fa2a9691f.jpg?format=pjpg",Conjunto com top nadador com bolso e alta sustentação.,vimm_feed
48143845261550,https://cdn.shopify.com/s/files/1/0667/0961/8926/files/meta-sq-9312318783726-38887578173678.jpg?format=pjpg,"https://cdn.shopify.com/s/files/1/0667/0961/8926/files/meta-sq-add-384910aaf5d6.jpg?format=pjpg,https://cdn.shopify.com/s/files/1/0667/0961/8926/files/meta-sq-add-59aa4345dc3b.jpg?format=pjpg,https://cdn.shopify.com/s/files/1/0667/0961/8926/files/meta-sq-add-8a802ff925ef.jpg?format=pjpg,https://cdn.shopify.com/s/files/1/0667/0961/8926/files/meta-sq-add-d22fa2a9691f.jpg?format=pjpg",Conjunto com top nadador com bolso e alta sustentação.,vimm_feed
48143845294318,https://cdn.shopify.com/s/files/1/0667/0961/8926/files/meta-sq-9312318783726-38887578173678.jpg?format=pjpg,"https://cdn.shopify.com/s/files/1/0667/0961/8926/files/meta-sq-add-384910aaf5d6.jpg?format=pjpg,https://cdn.shopify.com/s/files/1/0667/0961/8926/files/meta-sq-add-59aa4345dc3b.jpg?format=pjpg,https://cdn.shopify.com/s/files/1/0667/0961/8926/files/meta-sq-add-8a802ff925ef.jpg?format=pjpg,https://cdn.shopify.com/s/files/1/0667/0961/8926/files/meta-sq-add-d22fa2a9691f.jpg?format=pjpg",Conjunto com top nadador com bolso e alta sustentação.,vimm_feed
48143845327086,https://cdn.shopify.com/s/files/1/0667/0961/8926/files/meta-sq-9312318783726-38887578173678.jpg?format=pjpg,"https://cdn.shopify.com/s/files/1/0667/0961/8926/files/meta-sq-add-384910aaf5d6.jpg?format=pjpg,https://cdn.shopify.com/s/files/1/0667/0961/8926/files/meta-sq-add-59aa4345dc3b.jpg?format=pjpg,https://cdn.shopify.com/s/files/1/0667/0961/8926/files/meta-sq-add-8a802ff925ef.jpg?format=pjpg,https://cdn.shopify.com/s/files/1/0667/0961/8926/files/meta-sq-add-d22fa2a9691f.jpg?format=pjpg",Conjunto com top nadador com bolso e alta sustentação.,vimm_feed
48143845359854,https://cdn.shopify.com/s/files/1/0667/0961/8926/files/meta-sq-9312318783726-38887578173678.jpg?format=pjpg,"https://cdn.shopify.com/s/files/1/0667/0961/8926/files/meta-sq-add-384910aaf5d6.jpg?format=pjpg,https://cdn.shopify.com/s/files/1/0667/0961/8926/files/meta-sq-add-59aa4345dc3b.jpg?format=pjpg,https://cdn.shopify.com/s/files/1/0667/0961/8926/files/meta-sq-add-8a802ff925ef.jpg?format=pjpg,https://cdn.shopify.com/s/files/1/0667/0961/8926/files/meta-sq-add-d22fa2a9691f.jpg?format=pjpg",Conjunto com top nadador com bolso e alta sustentação.,vimm_feed
48143845392622,https://cdn.shopify.com/s/files/1/0667/0961/8926/files/meta-sq-9312318783726-38887578173678.jpg?format=pjpg,"https://cdn.shopify.com/s/files/1/0667/0961/8926/files/meta-sq-add-384910aaf5d6.jpg?format=pjpg,https://cdn.shopify.com/s/files/1/0667/0961/8926/files/meta-sq-add-59aa4345dc3b.jpg?format=pjpg,https://cdn.shopify.com/s/files/1/0667/0961/8926/files/meta-sq-add-8a802ff925ef.jpg?format=pjpg,https://cdn.shopify.com/s/files/1/0667/0961/8926/files/meta-sq-add-d22fa2a9691f.jpg?format=pjpg",Conjunto com top nadador com bolso e alta sustentação.,vimm_feed
48143845425390,https://cdn.shopify.com/s/files/1/0667/0961/8926/files/meta-sq-9312318783726-38887578173678.jpg?format=pjpg,"https://cdn.shopify.com/s/files/1/0667/0961/8926/files/meta-sq-add-384910aaf5d6.jpg?format=pjpg,https://cdn.shopify.com/s/files/1/0667/0961/8926/files/meta-sq-add-59aa4345dc3b.jpg?format=pjpg,https://cdn.shopify.com/s/files/1/0667/0961/8926/files/meta-sq-add-8a802ff925ef.jpg?format=pjpg,https://cdn.shopify.com/s/files/1/0667/0961/8926/files/meta-sq-add-d22fa2a9691f.jpg?format=pjpg",Conjunto com top nadador com bolso e alta sustentação.,vimm_feed
48143845458158,https://cdn.shopify.com/s/files/1/0667/0961/8926/files/meta-sq-9312318783726-38887578173678.jpg?format=pjpg,"https://cdn.shopify.com/s/files/1/0667/0961/8926/files/meta-sq-add-384910aaf5d6.jpg?format=pjpg,https://cdn.shopify.com/s/files/1/0667/0961/8926/files/meta-sq-add-59aa4345dc3b.jpg?format=pjpg,https://cdn.shopify.com/s/files/1/0667/0961/8926/files/meta-sq-add-8a802ff925ef.jpg?format=pjpg,https://cdn.shopify.com/s/files/1/0667/0961/8926/files/meta-sq-add-d22fa2a9691f.jpg?format=pjpg",Conjunto com top nadador com bolso e alta sustentação.,vimm_feed
48143845490926,https://cdn.shopify.com/s/files/1/0667/0961/8926/files/meta-sq-9312318783726-38887578173678.jpg?format=pjpg,"https://cdn.shopify.com/s/files/1/0667/0961/8926/files/meta-sq-add-384910aaf5d6.jpg?format=pjpg,https://cdn.shopify.com/s/files/1/0667/0961/8926/files/meta-sq-add-59aa4345dc3b.jpg?format=pjpg,https://cdn.shopify.com/s/files/1/0667/0961/8926/files/meta-sq-add-8a802ff925ef.jpg?format=pjpg,https://cdn.shopify.com/s/files/1/0667/0961/8926/files/meta-sq-add-d22fa2a9691f.jpg?format=pjpg",Conjunto com top nadador com bolso e alta sustentação.,vimm_feed
48143845523694,https://cdn.shopify.com/s/files/1/0667/0961/8926/files/meta-sq-9312318783726-38887578173678.jpg?format=pjpg,"https://cdn.shopify.com/s/files/1/0667/0961/8926/files/meta-sq-add-384910aaf5d6.jpg?format=pjpg,https://cdn.shopify.com/s/files/1/0667/0961/8926/files/meta-sq-add-59aa4345dc3b.jpg?format=pjpg,https://cdn.shopify.com/s/files/1/0667/0961/8926/files/meta-sq-add-8a802ff925ef.jpg?format=pjpg,https://cdn.shopify.com/s/files/1/0667/0961/8926/files/meta-sq-add-d22fa2a9691f.jpg?format=pjpg",Conjunto com top nadador com bolso e alta sustentação.,vimm_feed
48143845556462,https://cdn.shopify.com/s/files/1/0667/0961/8926/files/meta-sq-9312318783726-38887578173678.jpg?format=pjpg,"https://cdn.shopify.com/s/files/1/0667/0961/8926/files/meta-sq-add-384910aaf5d6.jpg?format=pjpg,https://cdn.shopify.com/s/files/1/0667/0961/8926/files/meta-sq-add-59aa4345dc3b.jpg?format=pjpg,https://cdn.shopify.com/s/files/1/0667/0961/8926/files/meta-sq-add-8a802ff925ef.jpg?format=pjpg,https://cdn.shopify.com/s/files/1/0667/0961/8926/files/meta-sq-add-d22fa2a9691f.jpg?format=pjpg",Conjunto com top nadador com bolso e alta sustentação.,vimm_feed
48143845589230,https://cdn.shopify.com/s/files/1/0667/0961/8926/files/meta-sq-9312318783726-38887578173678.jpg?format=pjpg,"https://cdn.shopify.com/s/files/1/0667/0961/8926/files/meta-sq-add-384910aaf5d6.jpg?format=pjpg,https://cdn.shopify.com/s/files/1/0667/0961/8926/files/meta-sq-add-59aa4345dc3b.jpg?format=pjpg,https://cdn.shopify.com/s/files/1/0667/0961/8926/files/meta-sq-add-8a802ff925ef.jpg?format=pjpg,https://cdn.shopify.com/s/files/1/0667/0961/8926/files/meta-sq-add-d22fa2a9691f.jpg?format=pjpg",Conjunto com top nadador com bolso e alta sustentação.,vimm_feed
48143845621998,https://cdn.shopify.com/s/files/1/0667/0961/8926/files/meta-sq-9312318783726-38887578173678.jpg?format=pjpg,"https://cdn.shopify.com/s/files/1/0667/0961/8926/files/meta-sq-add-384910aaf5d6.jpg?format=pjpg,https://cdn.shopify.com/s/files/1/0667/0961/8926/files/meta-sq-add-59aa4345dc3b.jpg?format=pjpg,https://cdn.shopify.com/s/files/1/0667/0961/8926/files/meta-sq-add-8a802ff925ef.jpg?format=pjpg,https://cdn.shopify.com/s/files/1/0667/0961/8926/files/meta-sq-add-d22fa2a9691f.jpg?format=pjpg",Conjunto com top nadador com bolso e alta sustentação.,vimm_feed
48143845654766,https://cdn.shopify.com/s/files/1/0667/0961/8926/files/meta-sq-9312318783726-38887578173678.jpg?format=pjpg,"https://cdn.shopify.com/s/files/1/0667/0961/8926/files/meta-sq-add-384910aaf5d6.jpg?format=pjpg,https://cdn.shopify.com/s/files/1/0667/0961/8926/files/meta-sq-add-59aa4345dc3b.jpg?format=pjpg,https://cdn.shopify.com/s/files/1/0667/0961/8926/files/meta-sq-add-8a802ff925ef.jpg?format=pjpg,https://cdn.shopify.com/s/files/1/0667/0961/8926/files/meta-sq-add-d22fa2a9691f.jpg?format=pjpg",Conjunto com top nadador com bolso e alta sustentação.,vimm_feed
48143845687534,https://cdn.shopify.com/s/files/1/0667/0961/8926/files/meta-sq-9312318783726-38887578173678.jpg?format=pjpg,"https://cdn.shopify.com/s/files/1/0667/0961/8926/files/meta-sq-add-384910aaf5d6.jpg?format=pjpg,https://cdn.shopify.com/s/files/1/0667/0961/8926/files/meta-sq-add-59aa4345dc3b.jpg?format=pjpg,https://cdn.shopify.com/s/files/1/0667/0961/8926/files/meta-sq-add-8a802ff925ef.jpg?format=pjpg,https://cdn.shopify.com/s/files/1/0667/0961/8926/files/meta-sq-add-d22fa2a9691f.jpg?format=pjpg",Conjunto com top nadador com bolso e alta sustentação.,vimm_feed
48143845720302,https://cdn.shopify.com/s/files/1/0667/0961/8926/files/meta-sq-9312318783726-38887578173678.jpg?format=pjpg,"https://cdn.shopify.com/s/files/1/0667/0961/8926/files/meta-sq-add-384910aaf5d6.jpg?format=pjpg,https://cdn.shopify.com/s/files/1/0667/0961/8926/files/meta-sq-add-59aa4345dc3b.jpg?format=pjpg,https://cdn.shopify.com/s/files/1/0667/0961/8926/files/meta-sq-add-8a802ff925ef.jpg?format=pjpg,https://cdn.shopify.com/s/files/1/0667/0961/8926/files/meta-sq-add-d22fa2a9691f.jpg?format=pjpg",Conjunto com top nadador com bolso e alta sustentação.,vimm_feed
48143845753070,https://cdn.shopify.com/s/files/1/0667/0961/8926/files/meta-sq-9312318783726-38887578173678.jpg?format=pjpg,"https://cdn.shopify.com/s/files/1/0667/0961/8926/files/meta-sq-add-384910aaf5d6.jpg?format=pjpg,https://cdn.shopify.com/s/files/1/0667/0961/8926/files/meta-sq-add-59aa4345dc3b.jpg?format=pjpg,https://cdn.shopify.com/s/files/1/0667/0961/8926/files/meta-sq-add-8a802ff925ef.jpg?format=pjpg,https://cdn.shopify.com/s/files/1/0667/0961/8926/files/meta-sq-add-d22fa2a9691f.jpg?format=pjpg",Conjunto com top nadador com bolso e alta sustentação.,vimm_feed
48143845785838,https://cdn.shopify.com/s/files/1/0667/0961/8926/files/meta-sq-9312318783726-38887578173678.jpg?format=pjpg,"https://cdn.shopify.com/s/files/1/0667/0961/8926/files/meta-sq-add-384910aaf5d6.jpg?format=pjpg,https://cdn.shopify.com/s/files/1/0667/0961/8926/files/meta-sq-add-59aa4345dc3b.jpg?format=pjpg,https://cdn.shopify.com/s/files/1/0667/0961/8926/files/meta-sq-add-8a802ff925ef.jpg?format=pjpg,https://cdn.shopify.com/s/files/1/0667/0961/8926/files/meta-sq-add-d22fa2a9691f.jpg?format=pjpg",Conjunto com top nadador com bolso e alta sustentação.,vimm_feed
48143845818606,https://cdn.shopify.com/s/files/1/0667/0961/8926/files/meta-sq-9312318783726-38887578173678.jpg?format=pjpg,"https://cdn.shopify.com/s/files/1/0667/0961/8926/files/meta-sq-add-384910aaf5d6.jpg?format=pjpg,https://cdn.shopify.com/s/files/1/0667/0961/8926/files/meta-sq-add-59aa4345dc3b.jpg?format=pjpg,https://cdn.shopify.com/s/files/1/0667/0961/8926/files/meta-sq-add-8a802ff925ef.jpg?format=pjpg,https://cdn.shopify.com/s/files/1/0667/0961/8926/files/meta-sq-add-d22fa2a9691f.jpg?format=pjpg",Conjunto com top nadador com bolso e alta sustentação.,vimm_feed
48143845851374,https://cdn.shopify.com/s/files/1/0667/0961/8926/files/meta-sq-9312318783726-38887578173678.jpg?format=pjpg,"https://cdn.shopify.com/s/files/1/0667/0961/8926/files/meta-sq-add-384910aaf5d6.jpg?format=pjpg,https://cdn.shopify.com/s/files/1/0667/0961/8926/files/meta-sq-add-59aa4345dc3b.jpg?format=pjpg,https://cdn.shopify.com/s/files/1/0667/0961/8926/files/meta-sq-add-8a802ff925ef.jpg?format=pjpg,https://cdn.shopify.com/s/files/1/0667/0961/8926/files/meta-sq-add-d22fa2a9691f.jpg?format=pjpg",Conjunto com top nadador com bolso e alta sustentação.,vimm_feed
48143845884142,https://cdn.shopify.com/s/files/1/0667/0961/8926/files/meta-sq-9312318783726-38887578173678.jpg?format=pjpg,"https://cdn.shopify.com/s/files/1/0667/0961/8926/files/meta-sq-add-384910aaf5d6.jpg?format=pjpg,https://cdn.shopify.com/s/files/1/0667/0961/8926/files/meta-sq-add-59aa4345dc3b.jpg?format=pjpg,https://cdn.shopify.com/s/files/1/0667/0961/8926/files/meta-sq-add-8a802ff925ef.jpg?format=pjpg,https://cdn.shopify.com/s/files/1/0667/0961/8926/files/meta-sq-add-d22fa2a9691f.jpg?format=pjpg",Conjunto com top nadador com bolso e alta sustentação.,vimm_feed
48143845916910,https://cdn.shopify.com/s/files/1/0667/0961/8926/files/meta-sq-9312318783726-38887578173678.jpg?format=pjpg,"https://cdn.shopify.com/s/files/1/0667/0961/8926/files/meta-sq-add-384910aaf5d6.jpg?format=pjpg,https://cdn.shopify.com/s/files/1/0667/0961/8926/files/meta-sq-add-59aa4345dc3b.jpg?format=pjpg,https://cdn.shopify.com/s/files/1/0667/0961/8926/files/meta-sq-add-8a802ff925ef.jpg?format=pjpg,https://cdn.shopify.com/s/files/1/0667/0961/8926/files/meta-sq-add-d22fa2a9691f.jpg?format=pjpg",Conjunto com top nadador com bolso e alta sustentação.,vimm_feed
48143845949678,https://cdn.shopify.com/s/files/1/0667/0961/8926/files/meta-sq-9312318783726-38887578173678.jpg?format=pjpg,"https://cdn.shopify.com/s/files/1/0667/0961/8926/files/meta-sq-add-384910aaf5d6.jpg?format=pjpg,https://cdn.shopify.com/s/files/1/0667/0961/8926/files/meta-sq-add-59aa4345dc3b.jpg?format=pjpg,https://cdn.shopify.com/s/files/1/0667/0961/8926/files/meta-sq-add-8a802ff925ef.jpg?format=pjpg,https://cdn.shopify.com/s/files/1/0667/0961/8926/files/meta-sq-add-d22fa2a9691f.jpg?format=pjpg",Conjunto com top nadador com bolso e alta sustentação.,vimm_feed
48143845982446,https://cdn.shopify.com/s/files/1/0667/0961/8926/files/meta-sq-9312318783726-38887578173678.jpg?format=pjpg,"https://cdn.shopify.com/s/files/1/0667/0961/8926/files/meta-sq-add-384910aaf5d6.jpg?format=pjpg,https://cdn.shopify.com/s/files/1/0667/0961/8926/files/meta-sq-add-59aa4345dc3b.jpg?format=pjpg,https://cdn.shopify.com/s/files/1/0667/0961/8926/files/meta-sq-add-8a802ff925ef.jpg?format=pjpg,https://cdn.shopify.com/s/files/1/0667/0961/8926/files/meta-sq-add-d22fa2a9691f.jpg?format=pjpg",Conjunto com top nadador com bolso e alta sustentação.,vimm_feed
48143846015214,https://cdn.shopify.com/s/files/1/0667/0961/8926/files/meta-sq-9312318783726-38887578173678.jpg?format=pjpg,"https://cdn.shopify.com/s/files/1/0667/0961/8926/files/meta-sq-add-384910aaf5d6.jpg?format=pjpg,https://cdn.shopify.com/s/files/1/0667/0961/8926/files/meta-sq-add-59aa4345dc3b.jpg?format=pjpg,https://cdn.shopify.com/s/files/1/0667/0961/8926/files/meta-sq-add-8a802ff925ef.jpg?format=pjpg,https://cdn.shopify.com/s/files/1/0667/0961/8926/files/meta-sq-add-d22fa2a9691f.jpg?format=pjpg",Conjunto com top nadador com bolso e alta sustentação.,vimm_feed
48143846047982,https://cdn.shopify.com/s/files/1/0667/0961/8926/files/meta-sq-9312318783726-38887578173678.jpg?format=pjpg,"https://cdn.shopify.com/s/files/1/0667/0961/8926/files/meta-sq-add-384910aaf5d6.jpg?format=pjpg,https://cdn.shopify.com/s/files/1/0667/0961/8926/files/meta-sq-add-59aa4345dc3b.jpg?format=pjpg,https://cdn.shopify.com/s/files/1/0667/0961/8926/files/meta-sq-add-8a802ff925ef.jpg?format=pjpg,https://cdn.shopify.com/s/files/1/0667/0961/8926/files/meta-sq-add-d22fa2a9691f.jpg?format=pjpg",Conjunto com top nadador com bolso e alta sustentação.,vimm_feed
48143846080750,https://cdn.shopify.com/s/files/1/0667/0961/8926/files/meta-sq-9312318783726-38887578173678.jpg?format=pjpg,"https://cdn.shopify.com/s/files/1/0667/0961/8926/files/meta-sq-add-384910aaf5d6.jpg?format=pjpg,https://cdn.shopify.com/s/files/1/0667/0961/8926/files/meta-sq-add-59aa4345dc3b.jpg?format=pjpg,https://cdn.shopify.com/s/files/1/0667/0961/8926/files/meta-sq-add-8a802ff925ef.jpg?format=pjpg,https://cdn.shopify.com/s/files/1/0667/0961/8926/files/meta-sq-add-d22fa2a9691f.jpg?format=pjpg",Conjunto com top nadador com bolso e alta sustentação.,vimm_feed
48143846113518,https://cdn.shopify.com/s/files/1/0667/0961/8926/files/meta-sq-9312318783726-38887578173678.jpg?format=pjpg,"https://cdn.shopify.com/s/files/1/0667/0961/8926/files/meta-sq-add-384910aaf5d6.jpg?format=pjpg,https://cdn.shopify.com/s/files/1/0667/0961/8926/files/meta-sq-add-59aa4345dc3b.jpg?format=pjpg,https://cdn.shopify.com/s/files/1/0667/0961/8926/files/meta-sq-add-8a802ff925ef.jpg?format=pjpg,https://cdn.shopify.com/s/files/1/0667/0961/8926/files/meta-sq-add-d22fa2a9691f.jpg?format=pjpg",Conjunto com top nadador com bolso e alta sustentação.,vimm_feed
48143838642414,https://cdn.shopify.com/s/files/1/0667/0961/8926/files/meta-sq-9312317604078-38887582040302.jpg?format=pjpg,"https://cdn.shopify.com/s/files/1/0667/0961/8926/files/meta-sq-add-e486f865c21e.jpg?format=pjpg,https://cdn.shopify.com/s/files/1/0667/0961/8926/files/meta-sq-add-43c2f46e7f31.jpg?format=pjpg,https://cdn.shopify.com/s/files/1/0667/0961/8926/files/meta-sq-add-19bea1cead4c.jpg?format=pjpg",Conjunto com top-blusa de alta sustentação e compressão.,vimm_feed
48143838675182,https://cdn.shopify.com/s/files/1/0667/0961/8926/files/meta-sq-9312317604078-38887582040302.jpg?format=pjpg,"https://cdn.shopify.com/s/files/1/0667/0961/8926/files/meta-sq-add-e486f865c21e.jpg?format=pjpg,https://cdn.shopify.com/s/files/1/0667/0961/8926/files/meta-sq-add-43c2f46e7f31.jpg?format=pjpg,https://cdn.shopify.com/s/files/1/0667/0961/8926/files/meta-sq-add-19bea1cead4c.jpg?format=pjpg",Conjunto com top-blusa de alta sustentação e compressão.,vimm_feed
48143838707950,https://cdn.shopify.com/s/files/1/0667/0961/8926/files/meta-sq-9312317604078-38887582040302.jpg?format=pjpg,"https://cdn.shopify.com/s/files/1/0667/0961/8926/files/meta-sq-add-e486f865c21e.jpg?format=pjpg,https://cdn.shopify.com/s/files/1/0667/0961/8926/files/meta-sq-add-43c2f46e7f31.jpg?format=pjpg,https://cdn.shopify.com/s/files/1/0667/0961/8926/files/meta-sq-add-19bea1cead4c.jpg?format=pjpg",Conjunto com top-blusa de alta sustentação e compressão.,vimm_feed
48143838740718,https://cdn.shopify.com/s/files/1/0667/0961/8926/files/meta-sq-9312317604078-38887582040302.jpg?format=pjpg,"https://cdn.shopify.com/s/files/1/0667/0961/8926/files/meta-sq-add-e486f865c21e.jpg?format=pjpg,https://cdn.shopify.com/s/files/1/0667/0961/8926/files/meta-sq-add-43c2f46e7f31.jpg?format=pjpg,https://cdn.shopify.com/s/files/1/0667/0961/8926/files/meta-sq-add-19bea1cead4c.jpg?format=pjpg",Conjunto com top-blusa de alta sustentação e compressão.,vimm_feed
48143838773486,https://cdn.shopify.com/s/files/1/0667/0961/8926/files/meta-sq-9312317604078-38887582040302.jpg?format=pjpg,"https://cdn.shopify.com/s/files/1/0667/0961/8926/files/meta-sq-add-e486f865c21e.jpg?format=pjpg,https://cdn.shopify.com/s/files/1/0667/0961/8926/files/meta-sq-add-43c2f46e7f31.jpg?format=pjpg,https://cdn.shopify.com/s/files/1/0667/0961/8926/files/meta-sq-add-19bea1cead4c.jpg?format=pjpg",Conjunto com top-blusa de alta sustentação e compressão.,vimm_feed
48143838806254,https://cdn.shopify.com/s/files/1/0667/0961/8926/files/meta-sq-9312317604078-38887582040302.jpg?format=pjpg,"https://cdn.shopify.com/s/files/1/0667/0961/8926/files/meta-sq-add-e486f865c21e.jpg?format=pjpg,https://cdn.shopify.com/s/files/1/0667/0961/8926/files/meta-sq-add-43c2f46e7f31.jpg?format=pjpg,https://cdn.shopify.com/s/files/1/0667/0961/8926/files/meta-sq-add-19bea1cead4c.jpg?format=pjpg",Conjunto com top-blusa de alta sustentação e compressão.,vimm_feed
48143838839022,https://cdn.shopify.com/s/files/1/0667/0961/8926/files/meta-sq-9312317604078-38887582040302.jpg?format=pjpg,"https://cdn.shopify.com/s/files/1/0667/0961/8926/files/meta-sq-add-e486f865c21e.jpg?format=pjpg,https://cdn.shopify.com/s/files/1/0667/0961/8926/files/meta-sq-add-43c2f46e7f31.jpg?format=pjpg,https://cdn.shopify.com/s/files/1/0667/0961/8926/files/meta-sq-add-19bea1cead4c.jpg?format=pjpg",Conjunto com top-blusa de alta sustentação e compressão.,vimm_feed
48143838871790,https://cdn.shopify.com/s/files/1/0667/0961/8926/files/meta-sq-9312317604078-38887582040302.jpg?format=pjpg,"https://cdn.shopify.com/s/files/1/0667/0961/8926/files/meta-sq-add-e486f865c21e.jpg?format=pjpg,https://cdn.shopify.com/s/files/1/0667/0961/8926/files/meta-sq-add-43c2f46e7f31.jpg?format=pjpg,https://cdn.shopify.com/s/files/1/0667/0961/8926/files/meta-sq-add-19bea1cead4c.jpg?format=pjpg",Conjunto com top-blusa de alta sustentação e compressão.,vimm_feed
48143838904558,https://cdn.shopify.com/s/files/1/0667/0961/8926/files/meta-sq-9312317604078-38887582040302.jpg?format=pjpg,"https://cdn.shopify.com/s/files/1/0667/0961/8926/files/meta-sq-add-e486f865c21e.jpg?format=pjpg,https://cdn.shopify.com/s/files/1/0667/0961/8926/files/meta-sq-add-43c2f46e7f31.jpg?format=pjpg,https://cdn.shopify.com/s/files/1/0667/0961/8926/files/meta-sq-add-19bea1cead4c.jpg?format=pjpg",Conjunto com top-blusa de alta sustentação e compressão.,vimm_feed
48143838937326,https://cdn.shopify.com/s/files/1/0667/0961/8926/files/meta-sq-9312317604078-38887582040302.jpg?format=pjpg,"https://cdn.shopify.com/s/files/1/0667/0961/8926/files/meta-sq-add-e486f865c21e.jpg?format=pjpg,https://cdn.shopify.com/s/files/1/0667/0961/8926/files/meta-sq-add-43c2f46e7f31.jpg?format=pjpg,https://cdn.shopify.com/s/files/1/0667/0961/8926/files/meta-sq-add-19bea1cead4c.jpg?format=pjpg",Conjunto com top-blusa de alta sustentação e compressão.,vimm_feed
48143838970094,https://cdn.shopify.com/s/files/1/0667/0961/8926/files/meta-sq-9312317604078-38887582040302.jpg?format=pjpg,"https://cdn.shopify.com/s/files/1/0667/0961/8926/files/meta-sq-add-e486f865c21e.jpg?format=pjpg,https://cdn.shopify.com/s/files/1/0667/0961/8926/files/meta-sq-add-43c2f46e7f31.jpg?format=pjpg,https://cdn.shopify.com/s/files/1/0667/0961/8926/files/meta-sq-add-19bea1cead4c.jpg?format=pjpg",Conjunto com top-blusa de alta sustentação e compressão.,vimm_feed
48143839002862,https://cdn.shopify.com/s/files/1/0667/0961/8926/files/meta-sq-9312317604078-38887582040302.jpg?format=pjpg,"https://cdn.shopify.com/s/files/1/0667/0961/8926/files/meta-sq-add-e486f865c21e.jpg?format=pjpg,https://cdn.shopify.com/s/files/1/0667/0961/8926/files/meta-sq-add-43c2f46e7f31.jpg?format=pjpg,https://cdn.shopify.com/s/files/1/0667/0961/8926/files/meta-sq-add-19bea1cead4c.jpg?format=pjpg",Conjunto com top-blusa de alta sustentação e compressão.,vimm_feed
48143839035630,https://cdn.shopify.com/s/files/1/0667/0961/8926/files/meta-sq-9312317604078-38887582040302.jpg?format=pjpg,"https://cdn.shopify.com/s/files/1/0667/0961/8926/files/meta-sq-add-e486f865c21e.jpg?format=pjpg,https://cdn.shopify.com/s/files/1/0667/0961/8926/files/meta-sq-add-43c2f46e7f31.jpg?format=pjpg,https://cdn.shopify.com/s/files/1/0667/0961/8926/files/meta-sq-add-19bea1cead4c.jpg?format=pjpg",Conjunto com top-blusa de alta sustentação e compressão.,vimm_feed
48143839068398,https://cdn.shopify.com/s/files/1/0667/0961/8926/files/meta-sq-9312317604078-38887582040302.jpg?format=pjpg,"https://cdn.shopify.com/s/files/1/0667/0961/8926/files/meta-sq-add-e486f865c21e.jpg?format=pjpg,https://cdn.shopify.com/s/files/1/0667/0961/8926/files/meta-sq-add-43c2f46e7f31.jpg?format=pjpg,https://cdn.shopify.com/s/files/1/0667/0961/8926/files/meta-sq-add-19bea1cead4c.jpg?format=pjpg",Conjunto com top-blusa de alta sustentação e compressão.,vimm_feed
48143839101166,https://cdn.shopify.com/s/files/1/0667/0961/8926/files/meta-sq-9312317604078-38887582040302.jpg?format=pjpg,"https://cdn.shopify.com/s/files/1/0667/0961/8926/files/meta-sq-add-e486f865c21e.jpg?format=pjpg,https://cdn.shopify.com/s/files/1/0667/0961/8926/files/meta-sq-add-43c2f46e7f31.jpg?format=pjpg,https://cdn.shopify.com/s/files/1/0667/0961/8926/files/meta-sq-add-19bea1cead4c.jpg?format=pjpg",Conjunto com top-blusa de alta sustentação e compressão.,vimm_feed
48143839133934,https://cdn.shopify.com/s/files/1/0667/0961/8926/files/meta-sq-9312317604078-38887582040302.jpg?format=pjpg,"https://cdn.shopify.com/s/files/1/0667/0961/8926/files/meta-sq-add-e486f865c21e.jpg?format=pjpg,https://cdn.shopify.com/s/files/1/0667/0961/8926/files/meta-sq-add-43c2f46e7f31.jpg?format=pjpg,https://cdn.shopify.com/s/files/1/0667/0961/8926/files/meta-sq-add-19bea1cead4c.jpg?format=pjpg",Conjunto com top-blusa de alta sustentação e compressão.,vimm_feed
48143839166702,https://cdn.shopify.com/s/files/1/0667/0961/8926/files/meta-sq-9312317604078-38887582040302.jpg?format=pjpg,"https://cdn.shopify.com/s/files/1/0667/0961/8926/files/meta-sq-add-e486f865c21e.jpg?format=pjpg,https://cdn.shopify.com/s/files/1/0667/0961/8926/files/meta-sq-add-43c2f46e7f31.jpg?format=pjpg,https://cdn.shopify.com/s/files/1/0667/0961/8926/files/meta-sq-add-19bea1cead4c.jpg?format=pjpg",Conjunto com top-blusa de alta sustentação e compressão.,vimm_feed
48143839199470,https://cdn.shopify.com/s/files/1/0667/0961/8926/files/meta-sq-9312317604078-38887582040302.jpg?format=pjpg,"https://cdn.shopify.com/s/files/1/0667/0961/8926/files/meta-sq-add-e486f865c21e.jpg?format=pjpg,https://cdn.shopify.com/s/files/1/0667/0961/8926/files/meta-sq-add-43c2f46e7f31.jpg?format=pjpg,https://cdn.shopify.com/s/files/1/0667/0961/8926/files/meta-sq-add-19bea1cead4c.jpg?format=pjpg",Conjunto com top-blusa de alta sustentação e compressão.,vimm_feed
48143839232238,https://cdn.shopify.com/s/files/1/0667/0961/8926/files/meta-sq-9312317604078-38887582040302.jpg?format=pjpg,"https://cdn.shopify.com/s/files/1/0667/0961/8926/files/meta-sq-add-e486f865c21e.jpg?format=pjpg,https://cdn.shopify.com/s/files/1/0667/0961/8926/files/meta-sq-add-43c2f46e7f31.jpg?format=pjpg,https://cdn.shopify.com/s/files/1/0667/0961/8926/files/meta-sq-add-19bea1cead4c.jpg?format=pjpg",Conjunto com top-blusa de alta sustentação e compressão.,vimm_feed
48143839265006,https://cdn.shopify.com/s/files/1/0667/0961/8926/files/meta-sq-9312317604078-38887582040302.jpg?format=pjpg,"https://cdn.shopify.com/s/files/1/0667/0961/8926/files/meta-sq-add-e486f865c21e.jpg?format=pjpg,https://cdn.shopify.com/s/files/1/0667/0961/8926/files/meta-sq-add-43c2f46e7f31.jpg?format=pjpg,https://cdn.shopify.com/s/files/1/0667/0961/8926/files/meta-sq-add-19bea1cead4c.jpg?format=pjpg",Conjunto com top-blusa de alta sustentação e compressão.,vimm_feed
48143839297774,https://cdn.shopify.com/s/files/1/0667/0961/8926/files/meta-sq-9312317604078-38887582040302.jpg?format=pjpg,"https://cdn.shopify.com/s/files/1/0667/0961/8926/files/meta-sq-add-e486f865c21e.jpg?format=pjpg,https://cdn.shopify.com/s/files/1/0667/0961/8926/files/meta-sq-add-43c2f46e7f31.jpg?format=pjpg,https://cdn.shopify.com/s/files/1/0667/0961/8926/files/meta-sq-add-19bea1cead4c.jpg?format=pjpg",Conjunto com top-blusa de alta sustentação e compressão.,vimm_feed
48143839330542,https://cdn.shopify.com/s/files/1/0667/0961/8926/files/meta-sq-9312317604078-38887582040302.jpg?format=pjpg,"https://cdn.shopify.com/s/files/1/0667/0961/8926/files/meta-sq-add-e486f865c21e.jpg?format=pjpg,https://cdn.shopify.com/s/files/1/0667/0961/8926/files/meta-sq-add-43c2f46e7f31.jpg?format=pjpg,https://cdn.shopify.com/s/files/1/0667/0961/8926/files/meta-sq-add-19bea1cead4c.jpg?format=pjpg",Conjunto com top-blusa de alta sustentação e compressão.,vimm_feed
48143839363310,https://cdn.shopify.com/s/files/1/0667/0961/8926/files/meta-sq-9312317604078-38887582040302.jpg?format=pjpg,"https://cdn.shopify.com/s/files/1/0667/0961/8926/files/meta-sq-add-e486f865c21e.jpg?format=pjpg,https://cdn.shopify.com/s/files/1/0667/0961/8926/files/meta-sq-add-43c2f46e7f31.jpg?format=pjpg,https://cdn.shopify.com/s/files/1/0667/0961/8926/files/meta-sq-add-19bea1cead4c.jpg?format=pjpg",Conjunto com top-blusa de alta sustentação e compressão.,vimm_feed
48143839396078,https://cdn.shopify.com/s/files/1/0667/0961/8926/files/meta-sq-9312317604078-38887582040302.jpg?format=pjpg,"https://cdn.shopify.com/s/files/1/0667/0961/8926/files/meta-sq-add-e486f865c21e.jpg?format=pjpg,https://cdn.shopify.com/s/files/1/0667/0961/8926/files/meta-sq-add-43c2f46e7f31.jpg?format=pjpg,https://cdn.shopify.com/s/files/1/0667/0961/8926/files/meta-sq-add-19bea1cead4c.jpg?format=pjpg",Conjunto com top-blusa de alta sustentação e compressão.,vimm_feed
48143839428846,https://cdn.shopify.com/s/files/1/0667/0961/8926/files/meta-sq-9312317604078-38887582040302.jpg?format=pjpg,"https://cdn.shopify.com/s/files/1/0667/0961/8926/files/meta-sq-add-e486f865c21e.jpg?format=pjpg,https://cdn.shopify.com/s/files/1/0667/0961/8926/files/meta-sq-add-43c2f46e7f31.jpg?format=pjpg,https://cdn.shopify.com/s/files/1/0667/0961/8926/files/meta-sq-add-19bea1cead4c.jpg?format=pjpg",Conjunto com top-blusa de alta sustentação e compressão.,vimm_feed
48143839461614,https://cdn.shopify.com/s/files/1/0667/0961/8926/files/meta-sq-9312317604078-38887582040302.jpg?format=pjpg,"https://cdn.shopify.com/s/files/1/0667/0961/8926/files/meta-sq-add-e486f865c21e.jpg?format=pjpg,https://cdn.shopify.com/s/files/1/0667/0961/8926/files/meta-sq-add-43c2f46e7f31.jpg?format=pjpg,https://cdn.shopify.com/s/files/1/0667/0961/8926/files/meta-sq-add-19bea1cead4c.jpg?format=pjpg",Conjunto com top-blusa de alta sustentação e compressão.,vimm_feed
48143839494382,https://cdn.shopify.com/s/files/1/0667/0961/8926/files/meta-sq-9312317604078-38887582040302.jpg?format=pjpg,"https://cdn.shopify.com/s/files/1/0667/0961/8926/files/meta-sq-add-e486f865c21e.jpg?format=pjpg,https://cdn.shopify.com/s/files/1/0667/0961/8926/files/meta-sq-add-43c2f46e7f31.jpg?format=pjpg,https://cdn.shopify.com/s/files/1/0667/0961/8926/files/meta-sq-add-19bea1cead4c.jpg?format=pjpg",Conjunto com top-blusa de alta sustentação e compressão.,vimm_feed
48143839527150,https://cdn.shopify.com/s/files/1/0667/0961/8926/files/meta-sq-9312317604078-38887582040302.jpg?format=pjpg,"https://cdn.shopify.com/s/files/1/0667/0961/8926/files/meta-sq-add-e486f865c21e.jpg?format=pjpg,https://cdn.shopify.com/s/files/1/0667/0961/8926/files/meta-sq-add-43c2f46e7f31.jpg?format=pjpg,https://cdn.shopify.com/s/files/1/0667/0961/8926/files/meta-sq-add-19bea1cead4c.jpg?format=pjpg",Conjunto com top-blusa de alta sustentação e compressão.,vimm_feed
48143839559918,https://cdn.shopify.com/s/files/1/0667/0961/8926/files/meta-sq-9312317604078-38887582040302.jpg?format=pjpg,"https://cdn.shopify.com/s/files/1/0667/0961/8926/files/meta-sq-add-e486f865c21e.jpg?format=pjpg,https://cdn.shopify.com/s/files/1/0667/0961/8926/files/meta-sq-add-43c2f46e7f31.jpg?format=pjpg,https://cdn.shopify.com/s/files/1/0667/0961/8926/files/meta-sq-add-19bea1cead4c.jpg?format=pjpg",Conjunto com top-blusa de alta sustentação e compressão.,vimm_feed
48143839592686,https://cdn.shopify.com/s/files/1/0667/0961/8926/files/meta-sq-9312317604078-38887582040302.jpg?format=pjpg,"https://cdn.shopify.com/s/files/1/0667/0961/8926/files/meta-sq-add-e486f865c21e.jpg?format=pjpg,https://cdn.shopify.com/s/files/1/0667/0961/8926/files/meta-sq-add-43c2f46e7f31.jpg?format=pjpg,https://cdn.shopify.com/s/files/1/0667/0961/8926/files/meta-sq-add-19bea1cead4c.jpg?format=pjpg",Conjunto com top-blusa de alta sustentação e compressão.,vimm_feed
48143819899118,https://cdn.shopify.com/s/files/1/0667/0961/8926/files/meta-sq-9312311148782-38887580631278.jpg?format=pjpg,"https://cdn.shopify.com/s/files/1/0667/0961/8926/files/meta-sq-add-a0e398a57e7a.jpg?format=pjpg,https://cdn.shopify.com/s/files/1/0667/0961/8926/files/meta-sq-add-3910d45692ac.jpg?format=pjpg,https://cdn.shopify.com/s/files/1/0667/0961/8926/files/meta-sq-add-d92031727053.jpg?format=pjpg,https://cdn.shopify.com/s/files/1/0667/0961/8926/files/meta-sq-add-b7ef86113706.jpg?format=pjpg",Conjunto com top-blusa de alta sustentação e compressão.,vimm_feed
48143819931886,https://cdn.shopify.com/s/files/1/0667/0961/8926/files/meta-sq-9312311148782-38887580631278.jpg?format=pjpg,"https://cdn.shopify.com/s/files/1/0667/0961/8926/files/meta-sq-add-a0e398a57e7a.jpg?format=pjpg,https://cdn.shopify.com/s/files/1/0667/0961/8926/files/meta-sq-add-3910d45692ac.jpg?format=pjpg,https://cdn.shopify.com/s/files/1/0667/0961/8926/files/meta-sq-add-d92031727053.jpg?format=pjpg,https://cdn.shopify.com/s/files/1/0667/0961/8926/files/meta-sq-add-b7ef86113706.jpg?format=pjpg",Conjunto com top-blusa de alta sustentação e compressão.,vimm_feed
48143819964654,https://cdn.shopify.com/s/files/1/0667/0961/8926/files/meta-sq-9312311148782-38887580631278.jpg?format=pjpg,"https://cdn.shopify.com/s/files/1/0667/0961/8926/files/meta-sq-add-a0e398a57e7a.jpg?format=pjpg,https://cdn.shopify.com/s/files/1/0667/0961/8926/files/meta-sq-add-3910d45692ac.jpg?format=pjpg,https://cdn.shopify.com/s/files/1/0667/0961/8926/files/meta-sq-add-d92031727053.jpg?format=pjpg,https://cdn.shopify.com/s/files/1/0667/0961/8926/files/meta-sq-add-b7ef86113706.jpg?format=pjpg",Conjunto com top-blusa de alta sustentação e compressão.,vimm_feed
48143819997422,https://cdn.shopify.com/s/files/1/0667/0961/8926/files/meta-sq-9312311148782-38887580631278.jpg?format=pjpg,"https://cdn.shopify.com/s/files/1/0667/0961/8926/files/meta-sq-add-a0e398a57e7a.jpg?format=pjpg,https://cdn.shopify.com/s/files/1/0667/0961/8926/files/meta-sq-add-3910d45692ac.jpg?format=pjpg,https://cdn.shopify.com/s/files/1/0667/0961/8926/files/meta-sq-add-d92031727053.jpg?format=pjpg,https://cdn.shopify.com/s/files/1/0667/0961/8926/files/meta-sq-add-b7ef86113706.jpg?format=pjpg",Conjunto com top-blusa de alta sustentação e compressão.,vimm_feed
48143820030190,https://cdn.shopify.com/s/files/1/0667/0961/8926/files/meta-sq-9312311148782-38887580631278.jpg?format=pjpg,"https://cdn.shopify.com/s/files/1/0667/0961/8926/files/meta-sq-add-a0e398a57e7a.jpg?format=pjpg,https://cdn.shopify.com/s/files/1/0667/0961/8926/files/meta-sq-add-3910d45692ac.jpg?format=pjpg,https://cdn.shopify.com/s/files/1/0667/0961/8926/files/meta-sq-add-d92031727053.jpg?format=pjpg,https://cdn.shopify.com/s/files/1/0667/0961/8926/files/meta-sq-add-b7ef86113706.jpg?format=pjpg",Conjunto com top-blusa de alta sustentação e compressão.,vimm_feed
48143820062958,https://cdn.shopify.com/s/files/1/0667/0961/8926/files/meta-sq-9312311148782-38887580631278.jpg?format=pjpg,"https://cdn.shopify.com/s/files/1/0667/0961/8926/files/meta-sq-add-a0e398a57e7a.jpg?format=pjpg,https://cdn.shopify.com/s/files/1/0667/0961/8926/files/meta-sq-add-3910d45692ac.jpg?format=pjpg,https://cdn.shopify.com/s/files/1/0667/0961/8926/files/meta-sq-add-d92031727053.jpg?format=pjpg,https://cdn.shopify.com/s/files/1/0667/0961/8926/files/meta-sq-add-b7ef86113706.jpg?format=pjpg",Conjunto com top-blusa de alta sustentação e compressão.,vimm_feed
48143820095726,https://cdn.shopify.com/s/files/1/0667/0961/8926/files/meta-sq-9312311148782-38887580631278.jpg?format=pjpg,"https://cdn.shopify.com/s/files/1/0667/0961/8926/files/meta-sq-add-a0e398a57e7a.jpg?format=pjpg,https://cdn.shopify.com/s/files/1/0667/0961/8926/files/meta-sq-add-3910d45692ac.jpg?format=pjpg,https://cdn.shopify.com/s/files/1/0667/0961/8926/files/meta-sq-add-d92031727053.jpg?format=pjpg,https://cdn.shopify.com/s/files/1/0667/0961/8926/files/meta-sq-add-b7ef86113706.jpg?format=pjpg",Conjunto com top-blusa de alta sustentação e compressão.,vimm_feed
48143820128494,https://cdn.shopify.com/s/files/1/0667/0961/8926/files/meta-sq-9312311148782-38887580631278.jpg?format=pjpg,"https://cdn.shopify.com/s/files/1/0667/0961/8926/files/meta-sq-add-a0e398a57e7a.jpg?format=pjpg,https://cdn.shopify.com/s/files/1/0667/0961/8926/files/meta-sq-add-3910d45692ac.jpg?format=pjpg,https://cdn.shopify.com/s/files/1/0667/0961/8926/files/meta-sq-add-d92031727053.jpg?format=pjpg,https://cdn.shopify.com/s/files/1/0667/0961/8926/files/meta-sq-add-b7ef86113706.jpg?format=pjpg",Conjunto com top-blusa de alta sustentação e compressão.,vimm_feed
48143820161262,https://cdn.shopify.com/s/files/1/0667/0961/8926/files/meta-sq-9312311148782-38887580631278.jpg?format=pjpg,"https://cdn.shopify.com/s/files/1/0667/0961/8926/files/meta-sq-add-a0e398a57e7a.jpg?format=pjpg,https://cdn.shopify.com/s/files/1/0667/0961/8926/files/meta-sq-add-3910d45692ac.jpg?format=pjpg,https://cdn.shopify.com/s/files/1/0667/0961/8926/files/meta-sq-add-d92031727053.jpg?format=pjpg,https://cdn.shopify.com/s/files/1/0667/0961/8926/files/meta-sq-add-b7ef86113706.jpg?format=pjpg",Conjunto com top-blusa de alta sustentação e compressão.,vimm_feed
48143820194030,https://cdn.shopify.com/s/files/1/0667/0961/8926/files/meta-sq-9312311148782-38887580631278.jpg?format=pjpg,"https://cdn.shopify.com/s/files/1/0667/0961/8926/files/meta-sq-add-a0e398a57e7a.jpg?format=pjpg,https://cdn.shopify.com/s/files/1/0667/0961/8926/files/meta-sq-add-3910d45692ac.jpg?format=pjpg,https://cdn.shopify.com/s/files/1/0667/0961/8926/files/meta-sq-add-d92031727053.jpg?format=pjpg,https://cdn.shopify.com/s/files/1/0667/0961/8926/files/meta-sq-add-b7ef86113706.jpg?format=pjpg",Conjunto com top-blusa de alta sustentação e compressão.,vimm_feed
48143820226798,https://cdn.shopify.com/s/files/1/0667/0961/8926/files/meta-sq-9312311148782-38887580631278.jpg?format=pjpg,"https://cdn.shopify.com/s/files/1/0667/0961/8926/files/meta-sq-add-a0e398a57e7a.jpg?format=pjpg,https://cdn.shopify.com/s/files/1/0667/0961/8926/files/meta-sq-add-3910d45692ac.jpg?format=pjpg,https://cdn.shopify.com/s/files/1/0667/0961/8926/files/meta-sq-add-d92031727053.jpg?format=pjpg,https://cdn.shopify.com/s/files/1/0667/0961/8926/files/meta-sq-add-b7ef86113706.jpg?format=pjpg",Conjunto com top-blusa de alta sustentação e compressão.,vimm_feed
48143820259566,https://cdn.shopify.com/s/files/1/0667/0961/8926/files/meta-sq-9312311148782-38887580631278.jpg?format=pjpg,"https://cdn.shopify.com/s/files/1/0667/0961/8926/files/meta-sq-add-a0e398a57e7a.jpg?format=pjpg,https://cdn.shopify.com/s/files/1/0667/0961/8926/files/meta-sq-add-3910d45692ac.jpg?format=pjpg,https://cdn.shopify.com/s/files/1/0667/0961/8926/files/meta-sq-add-d92031727053.jpg?format=pjpg,https://cdn.shopify.com/s/files/1/0667/0961/8926/files/meta-sq-add-b7ef86113706.jpg?format=pjpg",Conjunto com top-blusa de alta sustentação e compressão.,vimm_feed
48143820292334,https://cdn.shopify.com/s/files/1/0667/0961/8926/files/meta-sq-9312311148782-38887580631278.jpg?format=pjpg,"https://cdn.shopify.com/s/files/1/0667/0961/8926/files/meta-sq-add-a0e398a57e7a.jpg?format=pjpg,https://cdn.shopify.com/s/files/1/0667/0961/8926/files/meta-sq-add-3910d45692ac.jpg?format=pjpg,https://cdn.shopify.com/s/files/1/0667/0961/8926/files/meta-sq-add-d92031727053.jpg?format=pjpg,https://cdn.shopify.com/s/files/1/0667/0961/8926/files/meta-sq-add-b7ef86113706.jpg?format=pjpg",Conjunto com top-blusa de alta sustentação e compressão.,vimm_feed
48143820325102,https://cdn.shopify.com/s/files/1/0667/0961/8926/files/meta-sq-9312311148782-38887580631278.jpg?format=pjpg,"https://cdn.shopify.com/s/files/1/0667/0961/8926/files/meta-sq-add-a0e398a57e7a.jpg?format=pjpg,https://cdn.shopify.com/s/files/1/0667/0961/8926/files/meta-sq-add-3910d45692ac.jpg?format=pjpg,https://cdn.shopify.com/s/files/1/0667/0961/8926/files/meta-sq-add-d92031727053.jpg?format=pjpg,https://cdn.shopify.com/s/files/1/0667/0961/8926/files/meta-sq-add-b7ef86113706.jpg?format=pjpg",Conjunto com top-blusa de alta sustentação e compressão.,vimm_feed
48143820357870,https://cdn.shopify.com/s/files/1/0667/0961/8926/files/meta-sq-9312311148782-38887580631278.jpg?format=pjpg,"https://cdn.shopify.com/s/files/1/0667/0961/8926/files/meta-sq-add-a0e398a57e7a.jpg?format=pjpg,https://cdn.shopify.com/s/files/1/0667/0961/8926/files/meta-sq-add-3910d45692ac.jpg?format=pjpg,https://cdn.shopify.com/s/files/1/0667/0961/8926/files/meta-sq-add-d92031727053.jpg?format=pjpg,https://cdn.shopify.com/s/files/1/0667/0961/8926/files/meta-sq-add-b7ef86113706.jpg?format=pjpg",Conjunto com top-blusa de alta sustentação e compressão.,vimm_feed
48143820390638,https://cdn.shopify.com/s/files/1/0667/0961/8926/files/meta-sq-9312311148782-38887580631278.jpg?format=pjpg,"https://cdn.shopify.com/s/files/1/0667/0961/8926/files/meta-sq-add-a0e398a57e7a.jpg?format=pjpg,https://cdn.shopify.com/s/files/1/0667/0961/8926/files/meta-sq-add-3910d45692ac.jpg?format=pjpg,https://cdn.shopify.com/s/files/1/0667/0961/8926/files/meta-sq-add-d92031727053.jpg?format=pjpg,https://cdn.shopify.com/s/files/1/0667/0961/8926/files/meta-sq-add-b7ef86113706.jpg?format=pjpg",Conjunto com top-blusa de alta sustentação e compressão.,vimm_feed
48143820423406,https://cdn.shopify.com/s/files/1/0667/0961/8926/files/meta-sq-9312311148782-38887580631278.jpg?format=pjpg,"https://cdn.shopify.com/s/files/1/0667/0961/8926/files/meta-sq-add-a0e398a57e7a.jpg?format=pjpg,https://cdn.shopify.com/s/files/1/0667/0961/8926/files/meta-sq-add-3910d45692ac.jpg?format=pjpg,https://cdn.shopify.com/s/files/1/0667/0961/8926/files/meta-sq-add-d92031727053.jpg?format=pjpg,https://cdn.shopify.com/s/files/1/0667/0961/8926/files/meta-sq-add-b7ef86113706.jpg?format=pjpg",Conjunto com top-blusa de alta sustentação e compressão.,vimm_feed
48143820456174,https://cdn.shopify.com/s/files/1/0667/0961/8926/files/meta-sq-9312311148782-38887580631278.jpg?format=pjpg,"https://cdn.shopify.com/s/files/1/0667/0961/8926/files/meta-sq-add-a0e398a57e7a.jpg?format=pjpg,https://cdn.shopify.com/s/files/1/0667/0961/8926/files/meta-sq-add-3910d45692ac.jpg?format=pjpg,https://cdn.shopify.com/s/files/1/0667/0961/8926/files/meta-sq-add-d92031727053.jpg?format=pjpg,https://cdn.shopify.com/s/files/1/0667/0961/8926/files/meta-sq-add-b7ef86113706.jpg?format=pjpg",Conjunto com top-blusa de alta sustentação e compressão.,vimm_feed
48143820488942,https://cdn.shopify.com/s/files/1/0667/0961/8926/files/meta-sq-9312311148782-38887580631278.jpg?format=pjpg,"https://cdn.shopify.com/s/files/1/0667/0961/8926/files/meta-sq-add-a0e398a57e7a.jpg?format=pjpg,https://cdn.shopify.com/s/files/1/0667/0961/8926/files/meta-sq-add-3910d45692ac.jpg?format=pjpg,https://cdn.shopify.com/s/files/1/0667/0961/8926/files/meta-sq-add-d92031727053.jpg?format=pjpg,https://cdn.shopify.com/s/files/1/0667/0961/8926/files/meta-sq-add-b7ef86113706.jpg?format=pjpg",Conjunto com top-blusa de alta sustentação e compressão.,vimm_feed
48143820521710,https://cdn.shopify.com/s/files/1/0667/0961/8926/files/meta-sq-9312311148782-38887580631278.jpg?format=pjpg,"https://cdn.shopify.com/s/files/1/0667/0961/8926/files/meta-sq-add-a0e398a57e7a.jpg?format=pjpg,https://cdn.shopify.com/s/files/1/0667/0961/8926/files/meta-sq-add-3910d45692ac.jpg?format=pjpg,https://cdn.shopify.com/s/files/1/0667/0961/8926/files/meta-sq-add-d92031727053.jpg?format=pjpg,https://cdn.shopify.com/s/files/1/0667/0961/8926/files/meta-sq-add-b7ef86113706.jpg?format=pjpg",Conjunto com top-blusa de alta sustentação e compressão.,vimm_feed
48143820554478,https://cdn.shopify.com/s/files/1/0667/0961/8926/files/meta-sq-9312311148782-38887580631278.jpg?format=pjpg,"https://cdn.shopify.com/s/files/1/0667/0961/8926/files/meta-sq-add-a0e398a57e7a.jpg?format=pjpg,https://cdn.shopify.com/s/files/1/0667/0961/8926/files/meta-sq-add-3910d45692ac.jpg?format=pjpg,https://cdn.shopify.com/s/files/1/0667/0961/8926/files/meta-sq-add-d92031727053.jpg?format=pjpg,https://cdn.shopify.com/s/files/1/0667/0961/8926/files/meta-sq-add-b7ef86113706.jpg?format=pjpg",Conjunto com top-blusa de alta sustentação e compressão.,vimm_feed
48143820587246,https://cdn.shopify.com/s/files/1/0667/0961/8926/files/meta-sq-9312311148782-38887580631278.jpg?format=pjpg,"https://cdn.shopify.com/s/files/1/0667/0961/8926/files/meta-sq-add-a0e398a57e7a.jpg?format=pjpg,https://cdn.shopify.com/s/files/1/0667/0961/8926/files/meta-sq-add-3910d45692ac.jpg?format=pjpg,https://cdn.shopify.com/s/files/1/0667/0961/8926/files/meta-sq-add-d92031727053.jpg?format=pjpg,https://cdn.shopify.com/s/files/1/0667/0961/8926/files/meta-sq-add-b7ef86113706.jpg?format=pjpg",Conjunto com top-blusa de alta sustentação e compressão.,vimm_feed
48143820620014,https://cdn.shopify.com/s/files/1/0667/0961/8926/files/meta-sq-9312311148782-38887580631278.jpg?format=pjpg,"https://cdn.shopify.com/s/files/1/0667/0961/8926/files/meta-sq-add-a0e398a57e7a.jpg?format=pjpg,https://cdn.shopify.com/s/files/1/0667/0961/8926/files/meta-sq-add-3910d45692ac.jpg?format=pjpg,https://cdn.shopify.com/s/files/1/0667/0961/8926/files/meta-sq-add-d92031727053.jpg?format=pjpg,https://cdn.shopify.com/s/files/1/0667/0961/8926/files/meta-sq-add-b7ef86113706.jpg?format=pjpg",Conjunto com top-blusa de alta sustentação e compressão.,vimm_feed
48143820652782,https://cdn.shopify.com/s/files/1/0667/0961/8926/files/meta-sq-9312311148782-38887580631278.jpg?format=pjpg,"https://cdn.shopify.com/s/files/1/0667/0961/8926/files/meta-sq-add-a0e398a57e7a.jpg?format=pjpg,https://cdn.shopify.com/s/files/1/0667/0961/8926/files/meta-sq-add-3910d45692ac.jpg?format=pjpg,https://cdn.shopify.com/s/files/1/0667/0961/8926/files/meta-sq-add-d92031727053.jpg?format=pjpg,https://cdn.shopify.com/s/files/1/0667/0961/8926/files/meta-sq-add-b7ef86113706.jpg?format=pjpg",Conjunto com top-blusa de alta sustentação e compressão.,vimm_feed
48143820685550,https://cdn.shopify.com/s/files/1/0667/0961/8926/files/meta-sq-9312311148782-38887580631278.jpg?format=pjpg,"https://cdn.shopify.com/s/files/1/0667/0961/8926/files/meta-sq-add-a0e398a57e7a.jpg?format=pjpg,https://cdn.shopify.com/s/files/1/0667/0961/8926/files/meta-sq-add-3910d45692ac.jpg?format=pjpg,https://cdn.shopify.com/s/files/1/0667/0961/8926/files/meta-sq-add-d92031727053.jpg?format=pjpg,https://cdn.shopify.com/s/files/1/0667/0961/8926/files/meta-sq-add-b7ef86113706.jpg?format=pjpg",Conjunto com top-blusa de alta sustentação e compressão.,vimm_feed
48143820718318,https://cdn.shopify.com/s/files/1/0667/0961/8926/files/meta-sq-9312311148782-38887580631278.jpg?format=pjpg,"https://cdn.shopify.com/s/files/1/0667/0961/8926/files/meta-sq-add-a0e398a57e7a.jpg?format=pjpg,https://cdn.shopify.com/s/files/1/0667/0961/8926/files/meta-sq-add-3910d45692ac.jpg?format=pjpg,https://cdn.shopify.com/s/files/1/0667/0961/8926/files/meta-sq-add-d92031727053.jpg?format=pjpg,https://cdn.shopify.com/s/files/1/0667/0961/8926/files/meta-sq-add-b7ef86113706.jpg?format=pjpg",Conjunto com top-blusa de alta sustentação e compressão.,vimm_feed
48143820751086,https://cdn.shopify.com/s/files/1/0667/0961/8926/files/meta-sq-9312311148782-38887580631278.jpg?format=pjpg,"https://cdn.shopify.com/s/files/1/0667/0961/8926/files/meta-sq-add-a0e398a57e7a.jpg?format=pjpg,https://cdn.shopify.com/s/files/1/0667/0961/8926/files/meta-sq-add-3910d45692ac.jpg?format=pjpg,https://cdn.shopify.com/s/files/1/0667/0961/8926/files/meta-sq-add-d92031727053.jpg?format=pjpg,https://cdn.shopify.com/s/files/1/0667/0961/8926/files/meta-sq-add-b7ef86113706.jpg?format=pjpg",Conjunto com top-blusa de alta sustentação e compressão.,vimm_feed
48143820783854,https://cdn.shopify.com/s/files/1/0667/0961/8926/files/meta-sq-9312311148782-38887580631278.jpg?format=pjpg,"https://cdn.shopify.com/s/files/1/0667/0961/8926/files/meta-sq-add-a0e398a57e7a.jpg?format=pjpg,https://cdn.shopify.com/s/files/1/0667/0961/8926/files/meta-sq-add-3910d45692ac.jpg?format=pjpg,https://cdn.shopify.com/s/files/1/0667/0961/8926/files/meta-sq-add-d92031727053.jpg?format=pjpg,https://cdn.shopify.com/s/files/1/0667/0961/8926/files/meta-sq-add-b7ef86113706.jpg?format=pjpg",Conjunto com top-blusa de alta sustentação e compressão.,vimm_feed
48143820816622,https://cdn.shopify.com/s/files/1/0667/0961/8926/files/meta-sq-9312311148782-38887580631278.jpg?format=pjpg,"https://cdn.shopify.com/s/files/1/0667/0961/8926/files/meta-sq-add-a0e398a57e7a.jpg?format=pjpg,https://cdn.shopify.com/s/files/1/0667/0961/8926/files/meta-sq-add-3910d45692ac.jpg?format=pjpg,https://cdn.shopify.com/s/files/1/0667/0961/8926/files/meta-sq-add-d92031727053.jpg?format=pjpg,https://cdn.shopify.com/s/files/1/0667/0961/8926/files/meta-sq-add-b7ef86113706.jpg?format=pjpg",Conjunto com top-blusa de alta sustentação e compressão.,vimm_feed
48143820849390,https://cdn.shopify.com/s/files/1/0667/0961/8926/files/meta-sq-9312311148782-38887580631278.jpg?format=pjpg,"https://cdn.shopify.com/s/files/1/0667/0961/8926/files/meta-sq-add-a0e398a57e7a.jpg?format=pjpg,https://cdn.shopify.com/s/files/1/0667/0961/8926/files/meta-sq-add-3910d45692ac.jpg?format=pjpg,https://cdn.shopify.com/s/files/1/0667/0961/8926/files/meta-sq-add-d92031727053.jpg?format=pjpg,https://cdn.shopify.com/s/files/1/0667/0961/8926/files/meta-sq-add-b7ef86113706.jpg?format=pjpg",Conjunto com top-blusa de alta sustentação e compressão.,vimm_feed
48143811772654,https://cdn.shopify.com/s/files/1/0667/0961/8926/files/meta-sq-9312307937518-38911421120750.jpg?format=pjpg,"https://cdn.shopify.com/s/files/1/0667/0961/8926/files/meta-sq-add-fd2816406908.jpg?format=pjpg,https://cdn.shopify.com/s/files/1/0667/0961/8926/files/meta-sq-add-f0dde9b77a53.jpg?format=pjpg,https://cdn.shopify.com/s/files/1/0667/0961/8926/files/meta-sq-add-0570a3a0f901.jpg?format=pjpg",Conjunto com top-blusa de 6 bolsos para treino e prova.,vimm_feed
48143811805422,https://cdn.shopify.com/s/files/1/0667/0961/8926/files/meta-sq-9312307937518-38911421120750.jpg?format=pjpg,"https://cdn.shopify.com/s/files/1/0667/0961/8926/files/meta-sq-add-fd2816406908.jpg?format=pjpg,https://cdn.shopify.com/s/files/1/0667/0961/8926/files/meta-sq-add-f0dde9b77a53.jpg?format=pjpg,https://cdn.shopify.com/s/files/1/0667/0961/8926/files/meta-sq-add-0570a3a0f901.jpg?format=pjpg",Conjunto com top-blusa de 6 bolsos para treino e prova.,vimm_feed
48143811838190,https://cdn.shopify.com/s/files/1/0667/0961/8926/files/meta-sq-9312307937518-38911421120750.jpg?format=pjpg,"https://cdn.shopify.com/s/files/1/0667/0961/8926/files/meta-sq-add-fd2816406908.jpg?format=pjpg,https://cdn.shopify.com/s/files/1/0667/0961/8926/files/meta-sq-add-f0dde9b77a53.jpg?format=pjpg,https://cdn.shopify.com/s/files/1/0667/0961/8926/files/meta-sq-add-0570a3a0f901.jpg?format=pjpg",Conjunto com top-blusa de 6 bolsos para treino e prova.,vimm_feed
48143811870958,https://cdn.shopify.com/s/files/1/0667/0961/8926/files/meta-sq-9312307937518-38911421120750.jpg?format=pjpg,"https://cdn.shopify.com/s/files/1/0667/0961/8926/files/meta-sq-add-fd2816406908.jpg?format=pjpg,https://cdn.shopify.com/s/files/1/0667/0961/8926/files/meta-sq-add-f0dde9b77a53.jpg?format=pjpg,https://cdn.shopify.com/s/files/1/0667/0961/8926/files/meta-sq-add-0570a3a0f901.jpg?format=pjpg",Conjunto com top-blusa de 6 bolsos para treino e prova.,vimm_feed
48143811903726,https://cdn.shopify.com/s/files/1/0667/0961/8926/files/meta-sq-9312307937518-38911421120750.jpg?format=pjpg,"https://cdn.shopify.com/s/files/1/0667/0961/8926/files/meta-sq-add-fd2816406908.jpg?format=pjpg,https://cdn.shopify.com/s/files/1/0667/0961/8926/files/meta-sq-add-f0dde9b77a53.jpg?format=pjpg,https://cdn.shopify.com/s/files/1/0667/0961/8926/files/meta-sq-add-0570a3a0f901.jpg?format=pjpg",Conjunto com top-blusa de 6 bolsos para treino e prova.,vimm_feed
48143811936494,https://cdn.shopify.com/s/files/1/0667/0961/8926/files/meta-sq-9312307937518-38911421120750.jpg?format=pjpg,"https://cdn.shopify.com/s/files/1/0667/0961/8926/files/meta-sq-add-fd2816406908.jpg?format=pjpg,https://cdn.shopify.com/s/files/1/0667/0961/8926/files/meta-sq-add-f0dde9b77a53.jpg?format=pjpg,https://cdn.shopify.com/s/files/1/0667/0961/8926/files/meta-sq-add-0570a3a0f901.jpg?format=pjpg",Conjunto com top-blusa de 6 bolsos para treino e prova.,vimm_feed
48143811969262,https://cdn.shopify.com/s/files/1/0667/0961/8926/files/meta-sq-9312307937518-38911421120750.jpg?format=pjpg,"https://cdn.shopify.com/s/files/1/0667/0961/8926/files/meta-sq-add-fd2816406908.jpg?format=pjpg,https://cdn.shopify.com/s/files/1/0667/0961/8926/files/meta-sq-add-f0dde9b77a53.jpg?format=pjpg,https://cdn.shopify.com/s/files/1/0667/0961/8926/files/meta-sq-add-0570a3a0f901.jpg?format=pjpg",Conjunto com top-blusa de 6 bolsos para treino e prova.,vimm_feed
48143812002030,https://cdn.shopify.com/s/files/1/0667/0961/8926/files/meta-sq-9312307937518-38911421120750.jpg?format=pjpg,"https://cdn.shopify.com/s/files/1/0667/0961/8926/files/meta-sq-add-fd2816406908.jpg?format=pjpg,https://cdn.shopify.com/s/files/1/0667/0961/8926/files/meta-sq-add-f0dde9b77a53.jpg?format=pjpg,https://cdn.shopify.com/s/files/1/0667/0961/8926/files/meta-sq-add-0570a3a0f901.jpg?format=pjpg",Conjunto com top-blusa de 6 bolsos para treino e prova.,vimm_feed
48143812034798,https://cdn.shopify.com/s/files/1/0667/0961/8926/files/meta-sq-9312307937518-38911421120750.jpg?format=pjpg,"https://cdn.shopify.com/s/files/1/0667/0961/8926/files/meta-sq-add-fd2816406908.jpg?format=pjpg,https://cdn.shopify.com/s/files/1/0667/0961/8926/files/meta-sq-add-f0dde9b77a53.jpg?format=pjpg,https://cdn.shopify.com/s/files/1/0667/0961/8926/files/meta-sq-add-0570a3a0f901.jpg?format=pjpg",Conjunto com top-blusa de 6 bolsos para treino e prova.,vimm_feed
48143812067566,https://cdn.shopify.com/s/files/1/0667/0961/8926/files/meta-sq-9312307937518-38911421120750.jpg?format=pjpg,"https://cdn.shopify.com/s/files/1/0667/0961/8926/files/meta-sq-add-fd2816406908.jpg?format=pjpg,https://cdn.shopify.com/s/files/1/0667/0961/8926/files/meta-sq-add-f0dde9b77a53.jpg?format=pjpg,https://cdn.shopify.com/s/files/1/0667/0961/8926/files/meta-sq-add-0570a3a0f901.jpg?format=pjpg",Conjunto com top-blusa de 6 bolsos para treino e prova.,vimm_feed
48143812100334,https://cdn.shopify.com/s/files/1/0667/0961/8926/files/meta-sq-9312307937518-38911421120750.jpg?format=pjpg,"https://cdn.shopify.com/s/files/1/0667/0961/8926/files/meta-sq-add-fd2816406908.jpg?format=pjpg,https://cdn.shopify.com/s/files/1/0667/0961/8926/files/meta-sq-add-f0dde9b77a53.jpg?format=pjpg,https://cdn.shopify.com/s/files/1/0667/0961/8926/files/meta-sq-add-0570a3a0f901.jpg?format=pjpg",Conjunto com top-blusa de 6 bolsos para treino e prova.,vimm_feed
48143812133102,https://cdn.shopify.com/s/files/1/0667/0961/8926/files/meta-sq-9312307937518-38911421120750.jpg?format=pjpg,"https://cdn.shopify.com/s/files/1/0667/0961/8926/files/meta-sq-add-fd2816406908.jpg?format=pjpg,https://cdn.shopify.com/s/files/1/0667/0961/8926/files/meta-sq-add-f0dde9b77a53.jpg?format=pjpg,https://cdn.shopify.com/s/files/1/0667/0961/8926/files/meta-sq-add-0570a3a0f901.jpg?format=pjpg",Conjunto com top-blusa de 6 bolsos para treino e prova.,vimm_feed
48143812165870,https://cdn.shopify.com/s/files/1/0667/0961/8926/files/meta-sq-9312307937518-38911421120750.jpg?format=pjpg,"https://cdn.shopify.com/s/files/1/0667/0961/8926/files/meta-sq-add-fd2816406908.jpg?format=pjpg,https://cdn.shopify.com/s/files/1/0667/0961/8926/files/meta-sq-add-f0dde9b77a53.jpg?format=pjpg,https://cdn.shopify.com/s/files/1/0667/0961/8926/files/meta-sq-add-0570a3a0f901.jpg?format=pjpg",Conjunto com top-blusa de 6 bolsos para treino e prova.,vimm_feed
48143812198638,https://cdn.shopify.com/s/files/1/0667/0961/8926/files/meta-sq-9312307937518-38911421120750.jpg?format=pjpg,"https://cdn.shopify.com/s/files/1/0667/0961/8926/files/meta-sq-add-fd2816406908.jpg?format=pjpg,https://cdn.shopify.com/s/files/1/0667/0961/8926/files/meta-sq-add-f0dde9b77a53.jpg?format=pjpg,https://cdn.shopify.com/s/files/1/0667/0961/8926/files/meta-sq-add-0570a3a0f901.jpg?format=pjpg",Conjunto com top-blusa de 6 bolsos para treino e prova.,vimm_feed
48143812231406,https://cdn.shopify.com/s/files/1/0667/0961/8926/files/meta-sq-9312307937518-38911421120750.jpg?format=pjpg,"https://cdn.shopify.com/s/files/1/0667/0961/8926/files/meta-sq-add-fd2816406908.jpg?format=pjpg,https://cdn.shopify.com/s/files/1/0667/0961/8926/files/meta-sq-add-f0dde9b77a53.jpg?format=pjpg,https://cdn.shopify.com/s/files/1/0667/0961/8926/files/meta-sq-add-0570a3a0f901.jpg?format=pjpg",Conjunto com top-blusa de 6 bolsos para treino e prova.,vimm_feed
48143812264174,https://cdn.shopify.com/s/files/1/0667/0961/8926/files/meta-sq-9312307937518-38911421120750.jpg?format=pjpg,"https://cdn.shopify.com/s/files/1/0667/0961/8926/files/meta-sq-add-fd2816406908.jpg?format=pjpg,https://cdn.shopify.com/s/files/1/0667/0961/8926/files/meta-sq-add-f0dde9b77a53.jpg?format=pjpg,https://cdn.shopify.com/s/files/1/0667/0961/8926/files/meta-sq-add-0570a3a0f901.jpg?format=pjpg",Conjunto com top-blusa de 6 bolsos para treino e prova.,vimm_feed
48143812296942,https://cdn.shopify.com/s/files/1/0667/0961/8926/files/meta-sq-9312307937518-38911421120750.jpg?format=pjpg,"https://cdn.shopify.com/s/files/1/0667/0961/8926/files/meta-sq-add-fd2816406908.jpg?format=pjpg,https://cdn.shopify.com/s/files/1/0667/0961/8926/files/meta-sq-add-f0dde9b77a53.jpg?format=pjpg,https://cdn.shopify.com/s/files/1/0667/0961/8926/files/meta-sq-add-0570a3a0f901.jpg?format=pjpg",Conjunto com top-blusa de 6 bolsos para treino e prova.,vimm_feed
48143812329710,https://cdn.shopify.com/s/files/1/0667/0961/8926/files/meta-sq-9312307937518-38911421120750.jpg?format=pjpg,"https://cdn.shopify.com/s/files/1/0667/0961/8926/files/meta-sq-add-fd2816406908.jpg?format=pjpg,https://cdn.shopify.com/s/files/1/0667/0961/8926/files/meta-sq-add-f0dde9b77a53.jpg?format=pjpg,https://cdn.shopify.com/s/files/1/0667/0961/8926/files/meta-sq-add-0570a3a0f901.jpg?format=pjpg",Conjunto com top-blusa de 6 bolsos para treino e prova.,vimm_feed
48143812362478,https://cdn.shopify.com/s/files/1/0667/0961/8926/files/meta-sq-9312307937518-38911421120750.jpg?format=pjpg,"https://cdn.shopify.com/s/files/1/0667/0961/8926/files/meta-sq-add-fd2816406908.jpg?format=pjpg,https://cdn.shopify.com/s/files/1/0667/0961/8926/files/meta-sq-add-f0dde9b77a53.jpg?format=pjpg,https://cdn.shopify.com/s/files/1/0667/0961/8926/files/meta-sq-add-0570a3a0f901.jpg?format=pjpg",Conjunto com top-blusa de 6 bolsos para treino e prova.,vimm_feed
48143812395246,https://cdn.shopify.com/s/files/1/0667/0961/8926/files/meta-sq-9312307937518-38911421120750.jpg?format=pjpg,"https://cdn.shopify.com/s/files/1/0667/0961/8926/files/meta-sq-add-fd2816406908.jpg?format=pjpg,https://cdn.shopify.com/s/files/1/0667/0961/8926/files/meta-sq-add-f0dde9b77a53.jpg?format=pjpg,https://cdn.shopify.com/s/files/1/0667/0961/8926/files/meta-sq-add-0570a3a0f901.jpg?format=pjpg",Conjunto com top-blusa de 6 bolsos para treino e prova.,vimm_feed
48143812428014,https://cdn.shopify.com/s/files/1/0667/0961/8926/files/meta-sq-9312307937518-38911421120750.jpg?format=pjpg,"https://cdn.shopify.com/s/files/1/0667/0961/8926/files/meta-sq-add-fd2816406908.jpg?format=pjpg,https://cdn.shopify.com/s/files/1/0667/0961/8926/files/meta-sq-add-f0dde9b77a53.jpg?format=pjpg,https://cdn.shopify.com/s/files/1/0667/0961/8926/files/meta-sq-add-0570a3a0f901.jpg?format=pjpg",Conjunto com top-blusa de 6 bolsos para treino e prova.,vimm_feed
48143812460782,https://cdn.shopify.com/s/files/1/0667/0961/8926/files/meta-sq-9312307937518-38911421120750.jpg?format=pjpg,"https://cdn.shopify.com/s/files/1/0667/0961/8926/files/meta-sq-add-fd2816406908.jpg?format=pjpg,https://cdn.shopify.com/s/files/1/0667/0961/8926/files/meta-sq-add-f0dde9b77a53.jpg?format=pjpg,https://cdn.shopify.com/s/files/1/0667/0961/8926/files/meta-sq-add-0570a3a0f901.jpg?format=pjpg",Conjunto com top-blusa de 6 bolsos para treino e prova.,vimm_feed
48143812493550,https://cdn.shopify.com/s/files/1/0667/0961/8926/files/meta-sq-9312307937518-38911421120750.jpg?format=pjpg,"https://cdn.shopify.com/s/files/1/0667/0961/8926/files/meta-sq-add-fd2816406908.jpg?format=pjpg,https://cdn.shopify.com/s/files/1/0667/0961/8926/files/meta-sq-add-f0dde9b77a53.jpg?format=pjpg,https://cdn.shopify.com/s/files/1/0667/0961/8926/files/meta-sq-add-0570a3a0f901.jpg?format=pjpg",Conjunto com top-blusa de 6 bolsos para treino e prova.,vimm_feed
48143812526318,https://cdn.shopify.com/s/files/1/0667/0961/8926/files/meta-sq-9312307937518-38911421120750.jpg?format=pjpg,"https://cdn.shopify.com/s/files/1/0667/0961/8926/files/meta-sq-add-fd2816406908.jpg?format=pjpg,https://cdn.shopify.com/s/files/1/0667/0961/8926/files/meta-sq-add-f0dde9b77a53.jpg?format=pjpg,https://cdn.shopify.com/s/files/1/0667/0961/8926/files/meta-sq-add-0570a3a0f901.jpg?format=pjpg",Conjunto com top-blusa de 6 bolsos para treino e prova.,vimm_feed
48143812559086,https://cdn.shopify.com/s/files/1/0667/0961/8926/files/meta-sq-9312307937518-38911421120750.jpg?format=pjpg,"https://cdn.shopify.com/s/files/1/0667/0961/8926/files/meta-sq-add-fd2816406908.jpg?format=pjpg,https://cdn.shopify.com/s/files/1/0667/0961/8926/files/meta-sq-add-f0dde9b77a53.jpg?format=pjpg,https://cdn.shopify.com/s/files/1/0667/0961/8926/files/meta-sq-add-0570a3a0f901.jpg?format=pjpg",Conjunto com top-blusa de 6 bolsos para treino e prova.,vimm_feed
48143812591854,https://cdn.shopify.com/s/files/1/0667/0961/8926/files/meta-sq-9312307937518-38911421120750.jpg?format=pjpg,"https://cdn.shopify.com/s/files/1/0667/0961/8926/files/meta-sq-add-fd2816406908.jpg?format=pjpg,https://cdn.shopify.com/s/files/1/0667/0961/8926/files/meta-sq-add-f0dde9b77a53.jpg?format=pjpg,https://cdn.shopify.com/s/files/1/0667/0961/8926/files/meta-sq-add-0570a3a0f901.jpg?format=pjpg",Conjunto com top-blusa de 6 bolsos para treino e prova.,vimm_feed
48143812624622,https://cdn.shopify.com/s/files/1/0667/0961/8926/files/meta-sq-9312307937518-38911421120750.jpg?format=pjpg,"https://cdn.shopify.com/s/files/1/0667/0961/8926/files/meta-sq-add-fd2816406908.jpg?format=pjpg,https://cdn.shopify.com/s/files/1/0667/0961/8926/files/meta-sq-add-f0dde9b77a53.jpg?format=pjpg,https://cdn.shopify.com/s/files/1/0667/0961/8926/files/meta-sq-add-0570a3a0f901.jpg?format=pjpg",Conjunto com top-blusa de 6 bolsos para treino e prova.,vimm_feed
48143812657390,https://cdn.shopify.com/s/files/1/0667/0961/8926/files/meta-sq-9312307937518-38911421120750.jpg?format=pjpg,"https://cdn.shopify.com/s/files/1/0667/0961/8926/files/meta-sq-add-fd2816406908.jpg?format=pjpg,https://cdn.shopify.com/s/files/1/0667/0961/8926/files/meta-sq-add-f0dde9b77a53.jpg?format=pjpg,https://cdn.shopify.com/s/files/1/0667/0961/8926/files/meta-sq-add-0570a3a0f901.jpg?format=pjpg",Conjunto com top-blusa de 6 bolsos para treino e prova.,vimm_feed
48143812690158,https://cdn.shopify.com/s/files/1/0667/0961/8926/files/meta-sq-9312307937518-38911421120750.jpg?format=pjpg,"https://cdn.shopify.com/s/files/1/0667/0961/8926/files/meta-sq-add-fd2816406908.jpg?format=pjpg,https://cdn.shopify.com/s/files/1/0667/0961/8926/files/meta-sq-add-f0dde9b77a53.jpg?format=pjpg,https://cdn.shopify.com/s/files/1/0667/0961/8926/files/meta-sq-add-0570a3a0f901.jpg?format=pjpg",Conjunto com top-blusa de 6 bolsos para treino e prova.,vimm_feed
48143812722926,https://cdn.shopify.com/s/files/1/0667/0961/8926/files/meta-sq-9312307937518-38911421120750.jpg?format=pjpg,"https://cdn.shopify.com/s/files/1/0667/0961/8926/files/meta-sq-add-fd2816406908.jpg?format=pjpg,https://cdn.shopify.com/s/files/1/0667/0961/8926/files/meta-sq-add-f0dde9b77a53.jpg?format=pjpg,https://cdn.shopify.com/s/files/1/0667/0961/8926/files/meta-sq-add-0570a3a0f901.jpg?format=pjpg",Conjunto com top-blusa de 6 bolsos para treino e prova.,vimm_feed
48143611625710,https://cdn.shopify.com/s/files/1/0667/0961/8926/files/meta-sq-9312214352110-38887581122798.jpg?format=pjpg,"https://cdn.shopify.com/s/files/1/0667/0961/8926/files/meta-sq-add-eb8eb7770528.jpg?format=pjpg,https://cdn.shopify.com/s/files/1/0667/0961/8926/files/meta-sq-add-122085a56a51.jpg?format=pjpg,https://cdn.shopify.com/s/files/1/0667/0961/8926/files/meta-sq-add-85c1ca1c007d.jpg?format=pjpg,https://cdn.shopify.com/s/files/1/0667/0961/8926/files/meta-sq-add-5adb322b738c.jpg?format=pjpg",Conjunto com top-blusa de 6 bolsos para treino e prova.,vimm_feed
48143611658478,https://cdn.shopify.com/s/files/1/0667/0961/8926/files/meta-sq-9312214352110-38887581122798.jpg?format=pjpg,"https://cdn.shopify.com/s/files/1/0667/0961/8926/files/meta-sq-add-eb8eb7770528.jpg?format=pjpg,https://cdn.shopify.com/s/files/1/0667/0961/8926/files/meta-sq-add-122085a56a51.jpg?format=pjpg,https://cdn.shopify.com/s/files/1/0667/0961/8926/files/meta-sq-add-85c1ca1c007d.jpg?format=pjpg,https://cdn.shopify.com/s/files/1/0667/0961/8926/files/meta-sq-add-5adb322b738c.jpg?format=pjpg",Conjunto com top-blusa de 6 bolsos para treino e prova.,vimm_feed
48143611691246,https://cdn.shopify.com/s/files/1/0667/0961/8926/files/meta-sq-9312214352110-38887581122798.jpg?format=pjpg,"https://cdn.shopify.com/s/files/1/0667/0961/8926/files/meta-sq-add-eb8eb7770528.jpg?format=pjpg,https://cdn.shopify.com/s/files/1/0667/0961/8926/files/meta-sq-add-122085a56a51.jpg?format=pjpg,https://cdn.shopify.com/s/files/1/0667/0961/8926/files/meta-sq-add-85c1ca1c007d.jpg?format=pjpg,https://cdn.shopify.com/s/files/1/0667/0961/8926/files/meta-sq-add-5adb322b738c.jpg?format=pjpg",Conjunto com top-blusa de 6 bolsos para treino e prova.,vimm_feed
48143611724014,https://cdn.shopify.com/s/files/1/0667/0961/8926/files/meta-sq-9312214352110-38887581122798.jpg?format=pjpg,"https://cdn.shopify.com/s/files/1/0667/0961/8926/files/meta-sq-add-eb8eb7770528.jpg?format=pjpg,https://cdn.shopify.com/s/files/1/0667/0961/8926/files/meta-sq-add-122085a56a51.jpg?format=pjpg,https://cdn.shopify.com/s/files/1/0667/0961/8926/files/meta-sq-add-85c1ca1c007d.jpg?format=pjpg,https://cdn.shopify.com/s/files/1/0667/0961/8926/files/meta-sq-add-5adb322b738c.jpg?format=pjpg",Conjunto com top-blusa de 6 bolsos para treino e prova.,vimm_feed
48143611756782,https://cdn.shopify.com/s/files/1/0667/0961/8926/files/meta-sq-9312214352110-38887581122798.jpg?format=pjpg,"https://cdn.shopify.com/s/files/1/0667/0961/8926/files/meta-sq-add-eb8eb7770528.jpg?format=pjpg,https://cdn.shopify.com/s/files/1/0667/0961/8926/files/meta-sq-add-122085a56a51.jpg?format=pjpg,https://cdn.shopify.com/s/files/1/0667/0961/8926/files/meta-sq-add-85c1ca1c007d.jpg?format=pjpg,https://cdn.shopify.com/s/files/1/0667/0961/8926/files/meta-sq-add-5adb322b738c.jpg?format=pjpg",Conjunto com top-blusa de 6 bolsos para treino e prova.,vimm_feed
48143611789550,https://cdn.shopify.com/s/files/1/0667/0961/8926/files/meta-sq-9312214352110-38887581122798.jpg?format=pjpg,"https://cdn.shopify.com/s/files/1/0667/0961/8926/files/meta-sq-add-eb8eb7770528.jpg?format=pjpg,https://cdn.shopify.com/s/files/1/0667/0961/8926/files/meta-sq-add-122085a56a51.jpg?format=pjpg,https://cdn.shopify.com/s/files/1/0667/0961/8926/files/meta-sq-add-85c1ca1c007d.jpg?format=pjpg,https://cdn.shopify.com/s/files/1/0667/0961/8926/files/meta-sq-add-5adb322b738c.jpg?format=pjpg",Conjunto com top-blusa de 6 bolsos para treino e prova.,vimm_feed
48143611822318,https://cdn.shopify.com/s/files/1/0667/0961/8926/files/meta-sq-9312214352110-38887581122798.jpg?format=pjpg,"https://cdn.shopify.com/s/files/1/0667/0961/8926/files/meta-sq-add-eb8eb7770528.jpg?format=pjpg,https://cdn.shopify.com/s/files/1/0667/0961/8926/files/meta-sq-add-122085a56a51.jpg?format=pjpg,https://cdn.shopify.com/s/files/1/0667/0961/8926/files/meta-sq-add-85c1ca1c007d.jpg?format=pjpg,https://cdn.shopify.com/s/files/1/0667/0961/8926/files/meta-sq-add-5adb322b738c.jpg?format=pjpg",Conjunto com top-blusa de 6 bolsos para treino e prova.,vimm_feed
48143611855086,https://cdn.shopify.com/s/files/1/0667/0961/8926/files/meta-sq-9312214352110-38887581122798.jpg?format=pjpg,"https://cdn.shopify.com/s/files/1/0667/0961/8926/files/meta-sq-add-eb8eb7770528.jpg?format=pjpg,https://cdn.shopify.com/s/files/1/0667/0961/8926/files/meta-sq-add-122085a56a51.jpg?format=pjpg,https://cdn.shopify.com/s/files/1/0667/0961/8926/files/meta-sq-add-85c1ca1c007d.jpg?format=pjpg,https://cdn.shopify.com/s/files/1/0667/0961/8926/files/meta-sq-add-5adb322b738c.jpg?format=pjpg",Conjunto com top-blusa de 6 bolsos para treino e prova.,vimm_feed
48143611887854,https://cdn.shopify.com/s/files/1/0667/0961/8926/files/meta-sq-9312214352110-38887581122798.jpg?format=pjpg,"https://cdn.shopify.com/s/files/1/0667/0961/8926/files/meta-sq-add-eb8eb7770528.jpg?format=pjpg,https://cdn.shopify.com/s/files/1/0667/0961/8926/files/meta-sq-add-122085a56a51.jpg?format=pjpg,https://cdn.shopify.com/s/files/1/0667/0961/8926/files/meta-sq-add-85c1ca1c007d.jpg?format=pjpg,https://cdn.shopify.com/s/files/1/0667/0961/8926/files/meta-sq-add-5adb322b738c.jpg?format=pjpg",Conjunto com top-blusa de 6 bolsos para treino e prova.,vimm_feed
48143611920622,https://cdn.shopify.com/s/files/1/0667/0961/8926/files/meta-sq-9312214352110-38887581122798.jpg?format=pjpg,"https://cdn.shopify.com/s/files/1/0667/0961/8926/files/meta-sq-add-eb8eb7770528.jpg?format=pjpg,https://cdn.shopify.com/s/files/1/0667/0961/8926/files/meta-sq-add-122085a56a51.jpg?format=pjpg,https://cdn.shopify.com/s/files/1/0667/0961/8926/files/meta-sq-add-85c1ca1c007d.jpg?format=pjpg,https://cdn.shopify.com/s/files/1/0667/0961/8926/files/meta-sq-add-5adb322b738c.jpg?format=pjpg",Conjunto com top-blusa de 6 bolsos para treino e prova.,vimm_feed
48143611953390,https://cdn.shopify.com/s/files/1/0667/0961/8926/files/meta-sq-9312214352110-38887581122798.jpg?format=pjpg,"https://cdn.shopify.com/s/files/1/0667/0961/8926/files/meta-sq-add-eb8eb7770528.jpg?format=pjpg,https://cdn.shopify.com/s/files/1/0667/0961/8926/files/meta-sq-add-122085a56a51.jpg?format=pjpg,https://cdn.shopify.com/s/files/1/0667/0961/8926/files/meta-sq-add-85c1ca1c007d.jpg?format=pjpg,https://cdn.shopify.com/s/files/1/0667/0961/8926/files/meta-sq-add-5adb322b738c.jpg?format=pjpg",Conjunto com top-blusa de 6 bolsos para treino e prova.,vimm_feed
48143611986158,https://cdn.shopify.com/s/files/1/0667/0961/8926/files/meta-sq-9312214352110-38887581122798.jpg?format=pjpg,"https://cdn.shopify.com/s/files/1/0667/0961/8926/files/meta-sq-add-eb8eb7770528.jpg?format=pjpg,https://cdn.shopify.com/s/files/1/0667/0961/8926/files/meta-sq-add-122085a56a51.jpg?format=pjpg,https://cdn.shopify.com/s/files/1/0667/0961/8926/files/meta-sq-add-85c1ca1c007d.jpg?format=pjpg,https://cdn.shopify.com/s/files/1/0667/0961/8926/files/meta-sq-add-5adb322b738c.jpg?format=pjpg",Conjunto com top-blusa de 6 bolsos para treino e prova.,vimm_feed
48143612018926,https://cdn.shopify.com/s/files/1/0667/0961/8926/files/meta-sq-9312214352110-38887581122798.jpg?format=pjpg,"https://cdn.shopify.com/s/files/1/0667/0961/8926/files/meta-sq-add-eb8eb7770528.jpg?format=pjpg,https://cdn.shopify.com/s/files/1/0667/0961/8926/files/meta-sq-add-122085a56a51.jpg?format=pjpg,https://cdn.shopify.com/s/files/1/0667/0961/8926/files/meta-sq-add-85c1ca1c007d.jpg?format=pjpg,https://cdn.shopify.com/s/files/1/0667/0961/8926/files/meta-sq-add-5adb322b738c.jpg?format=pjpg",Conjunto com top-blusa de 6 bolsos para treino e prova.,vimm_feed
48143612051694,https://cdn.shopify.com/s/files/1/0667/0961/8926/files/meta-sq-9312214352110-38887581122798.jpg?format=pjpg,"https://cdn.shopify.com/s/files/1/0667/0961/8926/files/meta-sq-add-eb8eb7770528.jpg?format=pjpg,https://cdn.shopify.com/s/files/1/0667/0961/8926/files/meta-sq-add-122085a56a51.jpg?format=pjpg,https://cdn.shopify.com/s/files/1/0667/0961/8926/files/meta-sq-add-85c1ca1c007d.jpg?format=pjpg,https://cdn.shopify.com/s/files/1/0667/0961/8926/files/meta-sq-add-5adb322b738c.jpg?format=pjpg",Conjunto com top-blusa de 6 bolsos para treino e prova.,vimm_feed
48143612084462,https://cdn.shopify.com/s/files/1/0667/0961/8926/files/meta-sq-9312214352110-38887581122798.jpg?format=pjpg,"https://cdn.shopify.com/s/files/1/0667/0961/8926/files/meta-sq-add-eb8eb7770528.jpg?format=pjpg,https://cdn.shopify.com/s/files/1/0667/0961/8926/files/meta-sq-add-122085a56a51.jpg?format=pjpg,https://cdn.shopify.com/s/files/1/0667/0961/8926/files/meta-sq-add-85c1ca1c007d.jpg?format=pjpg,https://cdn.shopify.com/s/files/1/0667/0961/8926/files/meta-sq-add-5adb322b738c.jpg?format=pjpg",Conjunto com top-blusa de 6 bolsos para treino e prova.,vimm_feed
48143612117230,https://cdn.shopify.com/s/files/1/0667/0961/8926/files/meta-sq-9312214352110-38887581122798.jpg?format=pjpg,"https://cdn.shopify.com/s/files/1/0667/0961/8926/files/meta-sq-add-eb8eb7770528.jpg?format=pjpg,https://cdn.shopify.com/s/files/1/0667/0961/8926/files/meta-sq-add-122085a56a51.jpg?format=pjpg,https://cdn.shopify.com/s/files/1/0667/0961/8926/files/meta-sq-add-85c1ca1c007d.jpg?format=pjpg,https://cdn.shopify.com/s/files/1/0667/0961/8926/files/meta-sq-add-5adb322b738c.jpg?format=pjpg",Conjunto com top-blusa de 6 bolsos para treino e prova.,vimm_feed
48143612149998,https://cdn.shopify.com/s/files/1/0667/0961/8926/files/meta-sq-9312214352110-38887581122798.jpg?format=pjpg,"https://cdn.shopify.com/s/files/1/0667/0961/8926/files/meta-sq-add-eb8eb7770528.jpg?format=pjpg,https://cdn.shopify.com/s/files/1/0667/0961/8926/files/meta-sq-add-122085a56a51.jpg?format=pjpg,https://cdn.shopify.com/s/files/1/0667/0961/8926/files/meta-sq-add-85c1ca1c007d.jpg?format=pjpg,https://cdn.shopify.com/s/files/1/0667/0961/8926/files/meta-sq-add-5adb322b738c.jpg?format=pjpg",Conjunto com top-blusa de 6 bolsos para treino e prova.,vimm_feed
48143612182766,https://cdn.shopify.com/s/files/1/0667/0961/8926/files/meta-sq-9312214352110-38887581122798.jpg?format=pjpg,"https://cdn.shopify.com/s/files/1/0667/0961/8926/files/meta-sq-add-eb8eb7770528.jpg?format=pjpg,https://cdn.shopify.com/s/files/1/0667/0961/8926/files/meta-sq-add-122085a56a51.jpg?format=pjpg,https://cdn.shopify.com/s/files/1/0667/0961/8926/files/meta-sq-add-85c1ca1c007d.jpg?format=pjpg,https://cdn.shopify.com/s/files/1/0667/0961/8926/files/meta-sq-add-5adb322b738c.jpg?format=pjpg",Conjunto com top-blusa de 6 bolsos para treino e prova.,vimm_feed
48143612215534,https://cdn.shopify.com/s/files/1/0667/0961/8926/files/meta-sq-9312214352110-38887581122798.jpg?format=pjpg,"https://cdn.shopify.com/s/files/1/0667/0961/8926/files/meta-sq-add-eb8eb7770528.jpg?format=pjpg,https://cdn.shopify.com/s/files/1/0667/0961/8926/files/meta-sq-add-122085a56a51.jpg?format=pjpg,https://cdn.shopify.com/s/files/1/0667/0961/8926/files/meta-sq-add-85c1ca1c007d.jpg?format=pjpg,https://cdn.shopify.com/s/files/1/0667/0961/8926/files/meta-sq-add-5adb322b738c.jpg?format=pjpg",Conjunto com top-blusa de 6 bolsos para treino e prova.,vimm_feed
48143612248302,https://cdn.shopify.com/s/files/1/0667/0961/8926/files/meta-sq-9312214352110-38887581122798.jpg?format=pjpg,"https://cdn.shopify.com/s/files/1/0667/0961/8926/files/meta-sq-add-eb8eb7770528.jpg?format=pjpg,https://cdn.shopify.com/s/files/1/0667/0961/8926/files/meta-sq-add-122085a56a51.jpg?format=pjpg,https://cdn.shopify.com/s/files/1/0667/0961/8926/files/meta-sq-add-85c1ca1c007d.jpg?format=pjpg,https://cdn.shopify.com/s/files/1/0667/0961/8926/files/meta-sq-add-5adb322b738c.jpg?format=pjpg",Conjunto com top-blusa de 6 bolsos para treino e prova.,vimm_feed
48143612281070,https://cdn.shopify.com/s/files/1/0667/0961/8926/files/meta-sq-9312214352110-38887581122798.jpg?format=pjpg,"https://cdn.shopify.com/s/files/1/0667/0961/8926/files/meta-sq-add-eb8eb7770528.jpg?format=pjpg,https://cdn.shopify.com/s/files/1/0667/0961/8926/files/meta-sq-add-122085a56a51.jpg?format=pjpg,https://cdn.shopify.com/s/files/1/0667/0961/8926/files/meta-sq-add-85c1ca1c007d.jpg?format=pjpg,https://cdn.shopify.com/s/files/1/0667/0961/8926/files/meta-sq-add-5adb322b738c.jpg?format=pjpg",Conjunto com top-blusa de 6 bolsos para treino e prova.,vimm_feed
48143612313838,https://cdn.shopify.com/s/files/1/0667/0961/8926/files/meta-sq-9312214352110-38887581122798.jpg?format=pjpg,"https://cdn.shopify.com/s/files/1/0667/0961/8926/files/meta-sq-add-eb8eb7770528.jpg?format=pjpg,https://cdn.shopify.com/s/files/1/0667/0961/8926/files/meta-sq-add-122085a56a51.jpg?format=pjpg,https://cdn.shopify.com/s/files/1/0667/0961/8926/files/meta-sq-add-85c1ca1c007d.jpg?format=pjpg,https://cdn.shopify.com/s/files/1/0667/0961/8926/files/meta-sq-add-5adb322b738c.jpg?format=pjpg",Conjunto com top-blusa de 6 bolsos para treino e prova.,vimm_feed
48143612346606,https://cdn.shopify.com/s/files/1/0667/0961/8926/files/meta-sq-9312214352110-38887581122798.jpg?format=pjpg,"https://cdn.shopify.com/s/files/1/0667/0961/8926/files/meta-sq-add-eb8eb7770528.jpg?format=pjpg,https://cdn.shopify.com/s/files/1/0667/0961/8926/files/meta-sq-add-122085a56a51.jpg?format=pjpg,https://cdn.shopify.com/s/files/1/0667/0961/8926/files/meta-sq-add-85c1ca1c007d.jpg?format=pjpg,https://cdn.shopify.com/s/files/1/0667/0961/8926/files/meta-sq-add-5adb322b738c.jpg?format=pjpg",Conjunto com top-blusa de 6 bolsos para treino e prova.,vimm_feed
48143612379374,https://cdn.shopify.com/s/files/1/0667/0961/8926/files/meta-sq-9312214352110-38887581122798.jpg?format=pjpg,"https://cdn.shopify.com/s/files/1/0667/0961/8926/files/meta-sq-add-eb8eb7770528.jpg?format=pjpg,https://cdn.shopify.com/s/files/1/0667/0961/8926/files/meta-sq-add-122085a56a51.jpg?format=pjpg,https://cdn.shopify.com/s/files/1/0667/0961/8926/files/meta-sq-add-85c1ca1c007d.jpg?format=pjpg,https://cdn.shopify.com/s/files/1/0667/0961/8926/files/meta-sq-add-5adb322b738c.jpg?format=pjpg",Conjunto com top-blusa de 6 bolsos para treino e prova.,vimm_feed
48143612412142,https://cdn.shopify.com/s/files/1/0667/0961/8926/files/meta-sq-9312214352110-38887581122798.jpg?format=pjpg,"https://cdn.shopify.com/s/files/1/0667/0961/8926/files/meta-sq-add-eb8eb7770528.jpg?format=pjpg,https://cdn.shopify.com/s/files/1/0667/0961/8926/files/meta-sq-add-122085a56a51.jpg?format=pjpg,https://cdn.shopify.com/s/files/1/0667/0961/8926/files/meta-sq-add-85c1ca1c007d.jpg?format=pjpg,https://cdn.shopify.com/s/files/1/0667/0961/8926/files/meta-sq-add-5adb322b738c.jpg?format=pjpg",Conjunto com top-blusa de 6 bolsos para treino e prova.,vimm_feed
48143612444910,https://cdn.shopify.com/s/files/1/0667/0961/8926/files/meta-sq-9312214352110-38887581122798.jpg?format=pjpg,"https://cdn.shopify.com/s/files/1/0667/0961/8926/files/meta-sq-add-eb8eb7770528.jpg?format=pjpg,https://cdn.shopify.com/s/files/1/0667/0961/8926/files/meta-sq-add-122085a56a51.jpg?format=pjpg,https://cdn.shopify.com/s/files/1/0667/0961/8926/files/meta-sq-add-85c1ca1c007d.jpg?format=pjpg,https://cdn.shopify.com/s/files/1/0667/0961/8926/files/meta-sq-add-5adb322b738c.jpg?format=pjpg",Conjunto com top-blusa de 6 bolsos para treino e prova.,vimm_feed
48143612477678,https://cdn.shopify.com/s/files/1/0667/0961/8926/files/meta-sq-9312214352110-38887581122798.jpg?format=pjpg,"https://cdn.shopify.com/s/files/1/0667/0961/8926/files/meta-sq-add-eb8eb7770528.jpg?format=pjpg,https://cdn.shopify.com/s/files/1/0667/0961/8926/files/meta-sq-add-122085a56a51.jpg?format=pjpg,https://cdn.shopify.com/s/files/1/0667/0961/8926/files/meta-sq-add-85c1ca1c007d.jpg?format=pjpg,https://cdn.shopify.com/s/files/1/0667/0961/8926/files/meta-sq-add-5adb322b738c.jpg?format=pjpg",Conjunto com top-blusa de 6 bolsos para treino e prova.,vimm_feed
48143612510446,https://cdn.shopify.com/s/files/1/0667/0961/8926/files/meta-sq-9312214352110-38887581122798.jpg?format=pjpg,"https://cdn.shopify.com/s/files/1/0667/0961/8926/files/meta-sq-add-eb8eb7770528.jpg?format=pjpg,https://cdn.shopify.com/s/files/1/0667/0961/8926/files/meta-sq-add-122085a56a51.jpg?format=pjpg,https://cdn.shopify.com/s/files/1/0667/0961/8926/files/meta-sq-add-85c1ca1c007d.jpg?format=pjpg,https://cdn.shopify.com/s/files/1/0667/0961/8926/files/meta-sq-add-5adb322b738c.jpg?format=pjpg",Conjunto com top-blusa de 6 bolsos para treino e prova.,vimm_feed
48143612543214,https://cdn.shopify.com/s/files/1/0667/0961/8926/files/meta-sq-9312214352110-38887581122798.jpg?format=pjpg,"https://cdn.shopify.com/s/files/1/0667/0961/8926/files/meta-sq-add-eb8eb7770528.jpg?format=pjpg,https://cdn.shopify.com/s/files/1/0667/0961/8926/files/meta-sq-add-122085a56a51.jpg?format=pjpg,https://cdn.shopify.com/s/files/1/0667/0961/8926/files/meta-sq-add-85c1ca1c007d.jpg?format=pjpg,https://cdn.shopify.com/s/files/1/0667/0961/8926/files/meta-sq-add-5adb322b738c.jpg?format=pjpg",Conjunto com top-blusa de 6 bolsos para treino e prova.,vimm_feed
48143612575982,https://cdn.shopify.com/s/files/1/0667/0961/8926/files/meta-sq-9312214352110-38887581122798.jpg?format=pjpg,"https://cdn.shopify.com/s/files/1/0667/0961/8926/files/meta-sq-add-eb8eb7770528.jpg?format=pjpg,https://cdn.shopify.com/s/files/1/0667/0961/8926/files/meta-sq-add-122085a56a51.jpg?format=pjpg,https://cdn.shopify.com/s/files/1/0667/0961/8926/files/meta-sq-add-85c1ca1c007d.jpg?format=pjpg,https://cdn.shopify.com/s/files/1/0667/0961/8926/files/meta-sq-add-5adb322b738c.jpg?format=pjpg",Conjunto com top-blusa de 6 bolsos para treino e prova.,vimm_feed
48132774658286,https://cdn.shopify.com/s/files/1/0667/0961/8926/files/meta-sq-9306928906478-38887579779310.jpg?format=pjpg,"https://cdn.shopify.com/s/files/1/0667/0961/8926/files/meta-sq-add-eb8eb7770528.jpg?format=pjpg,https://cdn.shopify.com/s/files/1/0667/0961/8926/files/meta-sq-add-5934271272d9.jpg?format=pjpg,https://cdn.shopify.com/s/files/1/0667/0961/8926/files/meta-sq-add-f728b5dbd890.jpg?format=pjpg",Top-blusa com 6 bolsos nas costas e alta sustentação.,vimm_feed
48132774691054,https://cdn.shopify.com/s/files/1/0667/0961/8926/files/meta-sq-9306928906478-38887579779310.jpg?format=pjpg,"https://cdn.shopify.com/s/files/1/0667/0961/8926/files/meta-sq-add-eb8eb7770528.jpg?format=pjpg,https://cdn.shopify.com/s/files/1/0667/0961/8926/files/meta-sq-add-5934271272d9.jpg?format=pjpg,https://cdn.shopify.com/s/files/1/0667/0961/8926/files/meta-sq-add-f728b5dbd890.jpg?format=pjpg",Top-blusa com 6 bolsos nas costas e alta sustentação.,vimm_feed
48132774723822,https://cdn.shopify.com/s/files/1/0667/0961/8926/files/meta-sq-9306928906478-38887579779310.jpg?format=pjpg,"https://cdn.shopify.com/s/files/1/0667/0961/8926/files/meta-sq-add-eb8eb7770528.jpg?format=pjpg,https://cdn.shopify.com/s/files/1/0667/0961/8926/files/meta-sq-add-5934271272d9.jpg?format=pjpg,https://cdn.shopify.com/s/files/1/0667/0961/8926/files/meta-sq-add-f728b5dbd890.jpg?format=pjpg",Top-blusa com 6 bolsos nas costas e alta sustentação.,vimm_feed
48132774756590,https://cdn.shopify.com/s/files/1/0667/0961/8926/files/meta-sq-9306928906478-38887579779310.jpg?format=pjpg,"https://cdn.shopify.com/s/files/1/0667/0961/8926/files/meta-sq-add-eb8eb7770528.jpg?format=pjpg,https://cdn.shopify.com/s/files/1/0667/0961/8926/files/meta-sq-add-5934271272d9.jpg?format=pjpg,https://cdn.shopify.com/s/files/1/0667/0961/8926/files/meta-sq-add-f728b5dbd890.jpg?format=pjpg",Top-blusa com 6 bolsos nas costas e alta sustentação.,vimm_feed
48132774789358,https://cdn.shopify.com/s/files/1/0667/0961/8926/files/meta-sq-9306928906478-38887579779310.jpg?format=pjpg,"https://cdn.shopify.com/s/files/1/0667/0961/8926/files/meta-sq-add-eb8eb7770528.jpg?format=pjpg,https://cdn.shopify.com/s/files/1/0667/0961/8926/files/meta-sq-add-5934271272d9.jpg?format=pjpg,https://cdn.shopify.com/s/files/1/0667/0961/8926/files/meta-sq-add-f728b5dbd890.jpg?format=pjpg",Top-blusa com 6 bolsos nas costas e alta sustentação.,vimm_feed
48132774428910,https://cdn.shopify.com/s/files/1/0667/0961/8926/files/meta-sq-9306928840942-38911342543086.jpg?format=pjpg,"https://cdn.shopify.com/s/files/1/0667/0961/8926/files/meta-sq-add-af1fa6bdfeb2.jpg?format=pjpg,https://cdn.shopify.com/s/files/1/0667/0961/8926/files/meta-sq-add-dcdcaebe6e47.jpg?format=pjpg,https://cdn.shopify.com/s/files/1/0667/0961/8926/files/meta-sq-add-708ce4c0997b.jpg?format=pjpg,https://cdn.shopify.com/s/files/1/0667/0961/8926/files/meta-sq-add-362410064a4b.jpg?format=pjpg",Top-blusa com top embutido e alta sustentação.,vimm_feed
48132774461678,https://cdn.shopify.com/s/files/1/0667/0961/8926/files/meta-sq-9306928840942-38911342543086.jpg?format=pjpg,"https://cdn.shopify.com/s/files/1/0667/0961/8926/files/meta-sq-add-af1fa6bdfeb2.jpg?format=pjpg,https://cdn.shopify.com/s/files/1/0667/0961/8926/files/meta-sq-add-dcdcaebe6e47.jpg?format=pjpg,https://cdn.shopify.com/s/files/1/0667/0961/8926/files/meta-sq-add-708ce4c0997b.jpg?format=pjpg,https://cdn.shopify.com/s/files/1/0667/0961/8926/files/meta-sq-add-362410064a4b.jpg?format=pjpg",Top-blusa com top embutido e alta sustentação.,vimm_feed
48132774494446,https://cdn.shopify.com/s/files/1/0667/0961/8926/files/meta-sq-9306928840942-38911342543086.jpg?format=pjpg,"https://cdn.shopify.com/s/files/1/0667/0961/8926/files/meta-sq-add-af1fa6bdfeb2.jpg?format=pjpg,https://cdn.shopify.com/s/files/1/0667/0961/8926/files/meta-sq-add-dcdcaebe6e47.jpg?format=pjpg,https://cdn.shopify.com/s/files/1/0667/0961/8926/files/meta-sq-add-708ce4c0997b.jpg?format=pjpg,https://cdn.shopify.com/s/files/1/0667/0961/8926/files/meta-sq-add-362410064a4b.jpg?format=pjpg",Top-blusa com top embutido e alta sustentação.,vimm_feed
48132774527214,https://cdn.shopify.com/s/files/1/0667/0961/8926/files/meta-sq-9306928840942-38911342543086.jpg?format=pjpg,"https://cdn.shopify.com/s/files/1/0667/0961/8926/files/meta-sq-add-af1fa6bdfeb2.jpg?format=pjpg,https://cdn.shopify.com/s/files/1/0667/0961/8926/files/meta-sq-add-dcdcaebe6e47.jpg?format=pjpg,https://cdn.shopify.com/s/files/1/0667/0961/8926/files/meta-sq-add-708ce4c0997b.jpg?format=pjpg,https://cdn.shopify.com/s/files/1/0667/0961/8926/files/meta-sq-add-362410064a4b.jpg?format=pjpg",Top-blusa com top embutido e alta sustentação.,vimm_feed
48132774559982,https://cdn.shopify.com/s/files/1/0667/0961/8926/files/meta-sq-9306928840942-38911342543086.jpg?format=pjpg,"https://cdn.shopify.com/s/files/1/0667/0961/8926/files/meta-sq-add-af1fa6bdfeb2.jpg?format=pjpg,https://cdn.shopify.com/s/files/1/0667/0961/8926/files/meta-sq-add-dcdcaebe6e47.jpg?format=pjpg,https://cdn.shopify.com/s/files/1/0667/0961/8926/files/meta-sq-add-708ce4c0997b.jpg?format=pjpg,https://cdn.shopify.com/s/files/1/0667/0961/8926/files/meta-sq-add-362410064a4b.jpg?format=pjpg",Top-blusa com top embutido e alta sustentação.,vimm_feed
48132774265070,https://cdn.shopify.com/s/files/1/0667/0961/8926/files/meta-sq-9306928808174-38887579484398.jpg?format=pjpg,"https://cdn.shopify.com/s/files/1/0667/0961/8926/files/meta-sq-add-cd8abefdf9a3.jpg?format=pjpg,https://cdn.shopify.com/s/files/1/0667/0961/8926/files/meta-sq-add-5514c93f9958.jpg?format=pjpg",Top nadador com bolso nas costas e alta sustentação.,vimm_feed
48132774297838,https://cdn.shopify.com/s/files/1/0667/0961/8926/files/meta-sq-9306928808174-38887579484398.jpg?format=pjpg,"https://cdn.shopify.com/s/files/1/0667/0961/8926/files/meta-sq-add-cd8abefdf9a3.jpg?format=pjpg,https://cdn.shopify.com/s/files/1/0667/0961/8926/files/meta-sq-add-5514c93f9958.jpg?format=pjpg",Top nadador com bolso nas costas e alta sustentação.,vimm_feed
48132774330606,https://cdn.shopify.com/s/files/1/0667/0961/8926/files/meta-sq-9306928808174-38887579484398.jpg?format=pjpg,"https://cdn.shopify.com/s/files/1/0667/0961/8926/files/meta-sq-add-cd8abefdf9a3.jpg?format=pjpg,https://cdn.shopify.com/s/files/1/0667/0961/8926/files/meta-sq-add-5514c93f9958.jpg?format=pjpg",Top nadador com bolso nas costas e alta sustentação.,vimm_feed
48132774363374,https://cdn.shopify.com/s/files/1/0667/0961/8926/files/meta-sq-9306928808174-38887579484398.jpg?format=pjpg,"https://cdn.shopify.com/s/files/1/0667/0961/8926/files/meta-sq-add-cd8abefdf9a3.jpg?format=pjpg,https://cdn.shopify.com/s/files/1/0667/0961/8926/files/meta-sq-add-5514c93f9958.jpg?format=pjpg",Top nadador com bolso nas costas e alta sustentação.,vimm_feed
48132774396142,https://cdn.shopify.com/s/files/1/0667/0961/8926/files/meta-sq-9306928808174-38887579484398.jpg?format=pjpg,"https://cdn.shopify.com/s/files/1/0667/0961/8926/files/meta-sq-add-cd8abefdf9a3.jpg?format=pjpg,https://cdn.shopify.com/s/files/1/0667/0961/8926/files/meta-sq-add-5514c93f9958.jpg?format=pjpg",Top nadador com bolso nas costas e alta sustentação.,vimm_feed
48132774035694,https://cdn.shopify.com/s/files/1/0667/0961/8926/files/meta-sq-9306928775406-38910040834286.jpg?format=pjpg,"https://cdn.shopify.com/s/files/1/0667/0961/8926/files/meta-sq-add-b8870859414f.jpg?format=pjpg,https://cdn.shopify.com/s/files/1/0667/0961/8926/files/meta-sq-add-0ad4d37e23ea.jpg?format=pjpg,https://cdn.shopify.com/s/files/1/0667/0961/8926/files/meta-sq-add-1083ea9b96ad.jpg?format=pjpg,https://cdn.shopify.com/s/files/1/0667/0961/8926/files/meta-sq-add-adcda3d4ae4d.jpg?format=pjpg",Bermuda de compressão para treinar sem calcinha.,vimm_feed
48132774068462,https://cdn.shopify.com/s/files/1/0667/0961/8926/files/meta-sq-9306928775406-38910040834286.jpg?format=pjpg,"https://cdn.shopify.com/s/files/1/0667/0961/8926/files/meta-sq-add-b8870859414f.jpg?format=pjpg,https://cdn.shopify.com/s/files/1/0667/0961/8926/files/meta-sq-add-0ad4d37e23ea.jpg?format=pjpg,https://cdn.shopify.com/s/files/1/0667/0961/8926/files/meta-sq-add-1083ea9b96ad.jpg?format=pjpg,https://cdn.shopify.com/s/files/1/0667/0961/8926/files/meta-sq-add-adcda3d4ae4d.jpg?format=pjpg",Bermuda de compressão para treinar sem calcinha.,vimm_feed
48132774101230,https://cdn.shopify.com/s/files/1/0667/0961/8926/files/meta-sq-9306928775406-38910040834286.jpg?format=pjpg,"https://cdn.shopify.com/s/files/1/0667/0961/8926/files/meta-sq-add-b8870859414f.jpg?format=pjpg,https://cdn.shopify.com/s/files/1/0667/0961/8926/files/meta-sq-add-0ad4d37e23ea.jpg?format=pjpg,https://cdn.shopify.com/s/files/1/0667/0961/8926/files/meta-sq-add-1083ea9b96ad.jpg?format=pjpg,https://cdn.shopify.com/s/files/1/0667/0961/8926/files/meta-sq-add-adcda3d4ae4d.jpg?format=pjpg",Bermuda de compressão para treinar sem calcinha.,vimm_feed
48132774133998,https://cdn.shopify.com/s/files/1/0667/0961/8926/files/meta-sq-9306928775406-38910040834286.jpg?format=pjpg,"https://cdn.shopify.com/s/files/1/0667/0961/8926/files/meta-sq-add-b8870859414f.jpg?format=pjpg,https://cdn.shopify.com/s/files/1/0667/0961/8926/files/meta-sq-add-0ad4d37e23ea.jpg?format=pjpg,https://cdn.shopify.com/s/files/1/0667/0961/8926/files/meta-sq-add-1083ea9b96ad.jpg?format=pjpg,https://cdn.shopify.com/s/files/1/0667/0961/8926/files/meta-sq-add-adcda3d4ae4d.jpg?format=pjpg",Bermuda de compressão para treinar sem calcinha.,vimm_feed
48132774166766,https://cdn.shopify.com/s/files/1/0667/0961/8926/files/meta-sq-9306928775406-38910040834286.jpg?format=pjpg,"https://cdn.shopify.com/s/files/1/0667/0961/8926/files/meta-sq-add-b8870859414f.jpg?format=pjpg,https://cdn.shopify.com/s/files/1/0667/0961/8926/files/meta-sq-add-0ad4d37e23ea.jpg?format=pjpg,https://cdn.shopify.com/s/files/1/0667/0961/8926/files/meta-sq-add-1083ea9b96ad.jpg?format=pjpg,https://cdn.shopify.com/s/files/1/0667/0961/8926/files/meta-sq-add-adcda3d4ae4d.jpg?format=pjpg",Bermuda de compressão para treinar sem calcinha.,vimm_feed
48132774199534,https://cdn.shopify.com/s/files/1/0667/0961/8926/files/meta-sq-9306928775406-38910040834286.jpg?format=pjpg,"https://cdn.shopify.com/s/files/1/0667/0961/8926/files/meta-sq-add-b8870859414f.jpg?format=pjpg,https://cdn.shopify.com/s/files/1/0667/0961/8926/files/meta-sq-add-0ad4d37e23ea.jpg?format=pjpg,https://cdn.shopify.com/s/files/1/0667/0961/8926/files/meta-sq-add-1083ea9b96ad.jpg?format=pjpg,https://cdn.shopify.com/s/files/1/0667/0961/8926/files/meta-sq-add-adcda3d4ae4d.jpg?format=pjpg",Bermuda de compressão para treinar sem calcinha.,vimm_feed
48132774232302,https://cdn.shopify.com/s/files/1/0667/0961/8926/files/meta-sq-9306928775406-38910040834286.jpg?format=pjpg,"https://cdn.shopify.com/s/files/1/0667/0961/8926/files/meta-sq-add-b8870859414f.jpg?format=pjpg,https://cdn.shopify.com/s/files/1/0667/0961/8926/files/meta-sq-add-0ad4d37e23ea.jpg?format=pjpg,https://cdn.shopify.com/s/files/1/0667/0961/8926/files/meta-sq-add-1083ea9b96ad.jpg?format=pjpg,https://cdn.shopify.com/s/files/1/0667/0961/8926/files/meta-sq-add-adcda3d4ae4d.jpg?format=pjpg",Bermuda de compressão para treinar sem calcinha.,vimm_feed
48132773806318,https://cdn.shopify.com/s/files/1/0667/0961/8926/files/meta-sq-9306928742638-38887580205294.jpg?format=pjpg,"https://cdn.shopify.com/s/files/1/0667/0961/8926/files/meta-sq-add-b8870859414f.jpg?format=pjpg,https://cdn.shopify.com/s/files/1/0667/0961/8926/files/meta-sq-add-3966b650562d.jpg?format=pjpg,https://cdn.shopify.com/s/files/1/0667/0961/8926/files/meta-sq-add-55b48dd63a3f.jpg?format=pjpg,https://cdn.shopify.com/s/files/1/0667/0961/8926/files/meta-sq-add-2eeaeb6674f5.jpg?format=pjpg",Bermuda curtinha de compressão para treinar sem calcinha.,vimm_feed
48132773839086,https://cdn.shopify.com/s/files/1/0667/0961/8926/files/meta-sq-9306928742638-38887580205294.jpg?format=pjpg,"https://cdn.shopify.com/s/files/1/0667/0961/8926/files/meta-sq-add-b8870859414f.jpg?format=pjpg,https://cdn.shopify.com/s/files/1/0667/0961/8926/files/meta-sq-add-3966b650562d.jpg?format=pjpg,https://cdn.shopify.com/s/files/1/0667/0961/8926/files/meta-sq-add-55b48dd63a3f.jpg?format=pjpg,https://cdn.shopify.com/s/files/1/0667/0961/8926/files/meta-sq-add-2eeaeb6674f5.jpg?format=pjpg",Bermuda curtinha de compressão para treinar sem calcinha.,vimm_feed
48132773871854,https://cdn.shopify.com/s/files/1/0667/0961/8926/files/meta-sq-9306928742638-38887580205294.jpg?format=pjpg,"https://cdn.shopify.com/s/files/1/0667/0961/8926/files/meta-sq-add-b8870859414f.jpg?format=pjpg,https://cdn.shopify.com/s/files/1/0667/0961/8926/files/meta-sq-add-3966b650562d.jpg?format=pjpg,https://cdn.shopify.com/s/files/1/0667/0961/8926/files/meta-sq-add-55b48dd63a3f.jpg?format=pjpg,https://cdn.shopify.com/s/files/1/0667/0961/8926/files/meta-sq-add-2eeaeb6674f5.jpg?format=pjpg",Bermuda curtinha de compressão para treinar sem calcinha.,vimm_feed
48132773904622,https://cdn.shopify.com/s/files/1/0667/0961/8926/files/meta-sq-9306928742638-38887580205294.jpg?format=pjpg,"https://cdn.shopify.com/s/files/1/0667/0961/8926/files/meta-sq-add-b8870859414f.jpg?format=pjpg,https://cdn.shopify.com/s/files/1/0667/0961/8926/files/meta-sq-add-3966b650562d.jpg?format=pjpg,https://cdn.shopify.com/s/files/1/0667/0961/8926/files/meta-sq-add-55b48dd63a3f.jpg?format=pjpg,https://cdn.shopify.com/s/files/1/0667/0961/8926/files/meta-sq-add-2eeaeb6674f5.jpg?format=pjpg",Bermuda curtinha de compressão para treinar sem calcinha.,vimm_feed
48132773937390,https://cdn.shopify.com/s/files/1/0667/0961/8926/files/meta-sq-9306928742638-38887580205294.jpg?format=pjpg,"https://cdn.shopify.com/s/files/1/0667/0961/8926/files/meta-sq-add-b8870859414f.jpg?format=pjpg,https://cdn.shopify.com/s/files/1/0667/0961/8926/files/meta-sq-add-3966b650562d.jpg?format=pjpg,https://cdn.shopify.com/s/files/1/0667/0961/8926/files/meta-sq-add-55b48dd63a3f.jpg?format=pjpg,https://cdn.shopify.com/s/files/1/0667/0961/8926/files/meta-sq-add-2eeaeb6674f5.jpg?format=pjpg",Bermuda curtinha de compressão para treinar sem calcinha.,vimm_feed
48132773970158,https://cdn.shopify.com/s/files/1/0667/0961/8926/files/meta-sq-9306928742638-38887580205294.jpg?format=pjpg,"https://cdn.shopify.com/s/files/1/0667/0961/8926/files/meta-sq-add-b8870859414f.jpg?format=pjpg,https://cdn.shopify.com/s/files/1/0667/0961/8926/files/meta-sq-add-3966b650562d.jpg?format=pjpg,https://cdn.shopify.com/s/files/1/0667/0961/8926/files/meta-sq-add-55b48dd63a3f.jpg?format=pjpg,https://cdn.shopify.com/s/files/1/0667/0961/8926/files/meta-sq-add-2eeaeb6674f5.jpg?format=pjpg",Bermuda curtinha de compressão para treinar sem calcinha.,vimm_feed
48132774002926,https://cdn.shopify.com/s/files/1/0667/0961/8926/files/meta-sq-9306928742638-38887580205294.jpg?format=pjpg,"https://cdn.shopify.com/s/files/1/0667/0961/8926/files/meta-sq-add-b8870859414f.jpg?format=pjpg,https://cdn.shopify.com/s/files/1/0667/0961/8926/files/meta-sq-add-3966b650562d.jpg?format=pjpg,https://cdn.shopify.com/s/files/1/0667/0961/8926/files/meta-sq-add-55b48dd63a3f.jpg?format=pjpg,https://cdn.shopify.com/s/files/1/0667/0961/8926/files/meta-sq-add-2eeaeb6674f5.jpg?format=pjpg",Bermuda curtinha de compressão para treinar sem calcinha.,vimm_feed
47927642259694,https://cdn.shopify.com/s/files/1/0667/0961/8926/files/meta-sq-9244682584302-46336255197422.jpg?format=pjpg,,Conjunto com top nadador com bolso e alta sustentação.,vimm_feed
47927642292462,https://cdn.shopify.com/s/files/1/0667/0961/8926/files/meta-sq-9244682584302-46336255197422.jpg?format=pjpg,,Conjunto com top nadador com bolso e alta sustentação.,vimm_feed
47927642325230,https://cdn.shopify.com/s/files/1/0667/0961/8926/files/meta-sq-9244682584302-46336255197422.jpg?format=pjpg,,Conjunto com top nadador com bolso e alta sustentação.,vimm_feed
47927642357998,https://cdn.shopify.com/s/files/1/0667/0961/8926/files/meta-sq-9244682584302-46336255197422.jpg?format=pjpg,,Conjunto com top nadador com bolso e alta sustentação.,vimm_feed
47927642390766,https://cdn.shopify.com/s/files/1/0667/0961/8926/files/meta-sq-9244682584302-46336255197422.jpg?format=pjpg,,Conjunto com top nadador com bolso e alta sustentação.,vimm_feed
47927642423534,https://cdn.shopify.com/s/files/1/0667/0961/8926/files/meta-sq-9244682584302-46336255197422.jpg?format=pjpg,,Conjunto com top nadador com bolso e alta sustentação.,vimm_feed
47927642456302,https://cdn.shopify.com/s/files/1/0667/0961/8926/files/meta-sq-9244682584302-46336255197422.jpg?format=pjpg,,Conjunto com top nadador com bolso e alta sustentação.,vimm_feed
47927642489070,https://cdn.shopify.com/s/files/1/0667/0961/8926/files/meta-sq-9244682584302-46336255197422.jpg?format=pjpg,,Conjunto com top nadador com bolso e alta sustentação.,vimm_feed
47927642521838,https://cdn.shopify.com/s/files/1/0667/0961/8926/files/meta-sq-9244682584302-46336255197422.jpg?format=pjpg,,Conjunto com top nadador com bolso e alta sustentação.,vimm_feed
47927642554606,https://cdn.shopify.com/s/files/1/0667/0961/8926/files/meta-sq-9244682584302-46336255197422.jpg?format=pjpg,,Conjunto com top nadador com bolso e alta sustentação.,vimm_feed
47927642587374,https://cdn.shopify.com/s/files/1/0667/0961/8926/files/meta-sq-9244682584302-46336255197422.jpg?format=pjpg,,Conjunto com top nadador com bolso e alta sustentação.,vimm_feed
47927642620142,https://cdn.shopify.com/s/files/1/0667/0961/8926/files/meta-sq-9244682584302-46336255197422.jpg?format=pjpg,,Conjunto com top nadador com bolso e alta sustentação.,vimm_feed
47927642652910,https://cdn.shopify.com/s/files/1/0667/0961/8926/files/meta-sq-9244682584302-46336255197422.jpg?format=pjpg,,Conjunto com top nadador com bolso e alta sustentação.,vimm_feed
47927642685678,https://cdn.shopify.com/s/files/1/0667/0961/8926/files/meta-sq-9244682584302-46336255197422.jpg?format=pjpg,,Conjunto com top nadador com bolso e alta sustentação.,vimm_feed
47927642718446,https://cdn.shopify.com/s/files/1/0667/0961/8926/files/meta-sq-9244682584302-46336255197422.jpg?format=pjpg,,Conjunto com top nadador com bolso e alta sustentação.,vimm_feed
47927642751214,https://cdn.shopify.com/s/files/1/0667/0961/8926/files/meta-sq-9244682584302-46336255197422.jpg?format=pjpg,,Conjunto com top nadador com bolso e alta sustentação.,vimm_feed
47927642783982,https://cdn.shopify.com/s/files/1/0667/0961/8926/files/meta-sq-9244682584302-46336255197422.jpg?format=pjpg,,Conjunto com top nadador com bolso e alta sustentação.,vimm_feed
47927642816750,https://cdn.shopify.com/s/files/1/0667/0961/8926/files/meta-sq-9244682584302-46336255197422.jpg?format=pjpg,,Conjunto com top nadador com bolso e alta sustentação.,vimm_feed
47927642849518,https://cdn.shopify.com/s/files/1/0667/0961/8926/files/meta-sq-9244682584302-46336255197422.jpg?format=pjpg,,Conjunto com top nadador com bolso e alta sustentação.,vimm_feed
47927642882286,https://cdn.shopify.com/s/files/1/0667/0961/8926/files/meta-sq-9244682584302-46336255197422.jpg?format=pjpg,,Conjunto com top nadador com bolso e alta sustentação.,vimm_feed
47927642915054,https://cdn.shopify.com/s/files/1/0667/0961/8926/files/meta-sq-9244682584302-46336255197422.jpg?format=pjpg,,Conjunto com top nadador com bolso e alta sustentação.,vimm_feed
47927642947822,https://cdn.shopify.com/s/files/1/0667/0961/8926/files/meta-sq-9244682584302-46336255197422.jpg?format=pjpg,,Conjunto com top nadador com bolso e alta sustentação.,vimm_feed
47927642980590,https://cdn.shopify.com/s/files/1/0667/0961/8926/files/meta-sq-9244682584302-46336255197422.jpg?format=pjpg,,Conjunto com top nadador com bolso e alta sustentação.,vimm_feed
47927643013358,https://cdn.shopify.com/s/files/1/0667/0961/8926/files/meta-sq-9244682584302-46336255197422.jpg?format=pjpg,,Conjunto com top nadador com bolso e alta sustentação.,vimm_feed
47927643046126,https://cdn.shopify.com/s/files/1/0667/0961/8926/files/meta-sq-9244682584302-46336255197422.jpg?format=pjpg,,Conjunto com top nadador com bolso e alta sustentação.,vimm_feed
47927643078894,https://cdn.shopify.com/s/files/1/0667/0961/8926/files/meta-sq-9244682584302-46336255197422.jpg?format=pjpg,,Conjunto com top nadador com bolso e alta sustentação.,vimm_feed
47927643111662,https://cdn.shopify.com/s/files/1/0667/0961/8926/files/meta-sq-9244682584302-46336255197422.jpg?format=pjpg,,Conjunto com top nadador com bolso e alta sustentação.,vimm_feed
47927643144430,https://cdn.shopify.com/s/files/1/0667/0961/8926/files/meta-sq-9244682584302-46336255197422.jpg?format=pjpg,,Conjunto com top nadador com bolso e alta sustentação.,vimm_feed
47927643177198,https://cdn.shopify.com/s/files/1/0667/0961/8926/files/meta-sq-9244682584302-46336255197422.jpg?format=pjpg,,Conjunto com top nadador com bolso e alta sustentação.,vimm_feed
47927643209966,https://cdn.shopify.com/s/files/1/0667/0961/8926/files/meta-sq-9244682584302-46336255197422.jpg?format=pjpg,,Conjunto com top nadador com bolso e alta sustentação.,vimm_feed
47927643242734,https://cdn.shopify.com/s/files/1/0667/0961/8926/files/meta-sq-9244682584302-46336255197422.jpg?format=pjpg,,Conjunto com top nadador com bolso e alta sustentação.,vimm_feed
47927643275502,https://cdn.shopify.com/s/files/1/0667/0961/8926/files/meta-sq-9244682584302-46336255197422.jpg?format=pjpg,,Conjunto com top nadador com bolso e alta sustentação.,vimm_feed
47927643308270,https://cdn.shopify.com/s/files/1/0667/0961/8926/files/meta-sq-9244682584302-46336255197422.jpg?format=pjpg,,Conjunto com top nadador com bolso e alta sustentação.,vimm_feed
47927643341038,https://cdn.shopify.com/s/files/1/0667/0961/8926/files/meta-sq-9244682584302-46336255197422.jpg?format=pjpg,,Conjunto com top nadador com bolso e alta sustentação.,vimm_feed
47927643373806,https://cdn.shopify.com/s/files/1/0667/0961/8926/files/meta-sq-9244682584302-46336255197422.jpg?format=pjpg,,Conjunto com top nadador com bolso e alta sustentação.,vimm_feed
47929941721326,https://cdn.shopify.com/s/files/1/0667/0961/8926/files/meta-sq-9245962502382-47191335698670.jpg?format=pjpg,"https://cdn.shopify.com/s/files/1/0667/0961/8926/files/meta-sq-add-d4021a789fa5.jpg?format=pjpg,https://cdn.shopify.com/s/files/1/0667/0961/8926/files/meta-sq-add-6f8a47ad00ce.jpg?format=pjpg",Conjunto com top-blusa de 6 bolsos para treino e prova.,vimm_feed
47929941754094,https://cdn.shopify.com/s/files/1/0667/0961/8926/files/meta-sq-9245962502382-47191335698670.jpg?format=pjpg,"https://cdn.shopify.com/s/files/1/0667/0961/8926/files/meta-sq-add-d4021a789fa5.jpg?format=pjpg,https://cdn.shopify.com/s/files/1/0667/0961/8926/files/meta-sq-add-6f8a47ad00ce.jpg?format=pjpg",Conjunto com top-blusa de 6 bolsos para treino e prova.,vimm_feed
47929941786862,https://cdn.shopify.com/s/files/1/0667/0961/8926/files/meta-sq-9245962502382-47191335698670.jpg?format=pjpg,"https://cdn.shopify.com/s/files/1/0667/0961/8926/files/meta-sq-add-d4021a789fa5.jpg?format=pjpg,https://cdn.shopify.com/s/files/1/0667/0961/8926/files/meta-sq-add-6f8a47ad00ce.jpg?format=pjpg",Conjunto com top-blusa de 6 bolsos para treino e prova.,vimm_feed
47929941819630,https://cdn.shopify.com/s/files/1/0667/0961/8926/files/meta-sq-9245962502382-47191335698670.jpg?format=pjpg,"https://cdn.shopify.com/s/files/1/0667/0961/8926/files/meta-sq-add-d4021a789fa5.jpg?format=pjpg,https://cdn.shopify.com/s/files/1/0667/0961/8926/files/meta-sq-add-6f8a47ad00ce.jpg?format=pjpg",Conjunto com top-blusa de 6 bolsos para treino e prova.,vimm_feed
47929941852398,https://cdn.shopify.com/s/files/1/0667/0961/8926/files/meta-sq-9245962502382-47191335698670.jpg?format=pjpg,"https://cdn.shopify.com/s/files/1/0667/0961/8926/files/meta-sq-add-d4021a789fa5.jpg?format=pjpg,https://cdn.shopify.com/s/files/1/0667/0961/8926/files/meta-sq-add-6f8a47ad00ce.jpg?format=pjpg",Conjunto com top-blusa de 6 bolsos para treino e prova.,vimm_feed
47929941885166,https://cdn.shopify.com/s/files/1/0667/0961/8926/files/meta-sq-9245962502382-47191335698670.jpg?format=pjpg,"https://cdn.shopify.com/s/files/1/0667/0961/8926/files/meta-sq-add-d4021a789fa5.jpg?format=pjpg,https://cdn.shopify.com/s/files/1/0667/0961/8926/files/meta-sq-add-6f8a47ad00ce.jpg?format=pjpg",Conjunto com top-blusa de 6 bolsos para treino e prova.,vimm_feed
47929941917934,https://cdn.shopify.com/s/files/1/0667/0961/8926/files/meta-sq-9245962502382-47191335698670.jpg?format=pjpg,"https://cdn.shopify.com/s/files/1/0667/0961/8926/files/meta-sq-add-d4021a789fa5.jpg?format=pjpg,https://cdn.shopify.com/s/files/1/0667/0961/8926/files/meta-sq-add-6f8a47ad00ce.jpg?format=pjpg",Conjunto com top-blusa de 6 bolsos para treino e prova.,vimm_feed
47929941950702,https://cdn.shopify.com/s/files/1/0667/0961/8926/files/meta-sq-9245962502382-47191335698670.jpg?format=pjpg,"https://cdn.shopify.com/s/files/1/0667/0961/8926/files/meta-sq-add-d4021a789fa5.jpg?format=pjpg,https://cdn.shopify.com/s/files/1/0667/0961/8926/files/meta-sq-add-6f8a47ad00ce.jpg?format=pjpg",Conjunto com top-blusa de 6 bolsos para treino e prova.,vimm_feed
47929941983470,https://cdn.shopify.com/s/files/1/0667/0961/8926/files/meta-sq-9245962502382-47191335698670.jpg?format=pjpg,"https://cdn.shopify.com/s/files/1/0667/0961/8926/files/meta-sq-add-d4021a789fa5.jpg?format=pjpg,https://cdn.shopify.com/s/files/1/0667/0961/8926/files/meta-sq-add-6f8a47ad00ce.jpg?format=pjpg",Conjunto com top-blusa de 6 bolsos para treino e prova.,vimm_feed
47929942016238,https://cdn.shopify.com/s/files/1/0667/0961/8926/files/meta-sq-9245962502382-47191335698670.jpg?format=pjpg,"https://cdn.shopify.com/s/files/1/0667/0961/8926/files/meta-sq-add-d4021a789fa5.jpg?format=pjpg,https://cdn.shopify.com/s/files/1/0667/0961/8926/files/meta-sq-add-6f8a47ad00ce.jpg?format=pjpg",Conjunto com top-blusa de 6 bolsos para treino e prova.,vimm_feed
47929942049006,https://cdn.shopify.com/s/files/1/0667/0961/8926/files/meta-sq-9245962502382-47191335698670.jpg?format=pjpg,"https://cdn.shopify.com/s/files/1/0667/0961/8926/files/meta-sq-add-d4021a789fa5.jpg?format=pjpg,https://cdn.shopify.com/s/files/1/0667/0961/8926/files/meta-sq-add-6f8a47ad00ce.jpg?format=pjpg",Conjunto com top-blusa de 6 bolsos para treino e prova.,vimm_feed
47929942081774,https://cdn.shopify.com/s/files/1/0667/0961/8926/files/meta-sq-9245962502382-47191335698670.jpg?format=pjpg,"https://cdn.shopify.com/s/files/1/0667/0961/8926/files/meta-sq-add-d4021a789fa5.jpg?format=pjpg,https://cdn.shopify.com/s/files/1/0667/0961/8926/files/meta-sq-add-6f8a47ad00ce.jpg?format=pjpg",Conjunto com top-blusa de 6 bolsos para treino e prova.,vimm_feed
47929942114542,https://cdn.shopify.com/s/files/1/0667/0961/8926/files/meta-sq-9245962502382-47191335698670.jpg?format=pjpg,"https://cdn.shopify.com/s/files/1/0667/0961/8926/files/meta-sq-add-d4021a789fa5.jpg?format=pjpg,https://cdn.shopify.com/s/files/1/0667/0961/8926/files/meta-sq-add-6f8a47ad00ce.jpg?format=pjpg",Conjunto com top-blusa de 6 bolsos para treino e prova.,vimm_feed
47929942147310,https://cdn.shopify.com/s/files/1/0667/0961/8926/files/meta-sq-9245962502382-47191335698670.jpg?format=pjpg,"https://cdn.shopify.com/s/files/1/0667/0961/8926/files/meta-sq-add-d4021a789fa5.jpg?format=pjpg,https://cdn.shopify.com/s/files/1/0667/0961/8926/files/meta-sq-add-6f8a47ad00ce.jpg?format=pjpg",Conjunto com top-blusa de 6 bolsos para treino e prova.,vimm_feed
47929942180078,https://cdn.shopify.com/s/files/1/0667/0961/8926/files/meta-sq-9245962502382-47191335698670.jpg?format=pjpg,"https://cdn.shopify.com/s/files/1/0667/0961/8926/files/meta-sq-add-d4021a789fa5.jpg?format=pjpg,https://cdn.shopify.com/s/files/1/0667/0961/8926/files/meta-sq-add-6f8a47ad00ce.jpg?format=pjpg",Conjunto com top-blusa de 6 bolsos para treino e prova.,vimm_feed
47929942212846,https://cdn.shopify.com/s/files/1/0667/0961/8926/files/meta-sq-9245962502382-47191335698670.jpg?format=pjpg,"https://cdn.shopify.com/s/files/1/0667/0961/8926/files/meta-sq-add-d4021a789fa5.jpg?format=pjpg,https://cdn.shopify.com/s/files/1/0667/0961/8926/files/meta-sq-add-6f8a47ad00ce.jpg?format=pjpg",Conjunto com top-blusa de 6 bolsos para treino e prova.,vimm_feed
47929942245614,https://cdn.shopify.com/s/files/1/0667/0961/8926/files/meta-sq-9245962502382-47191335698670.jpg?format=pjpg,"https://cdn.shopify.com/s/files/1/0667/0961/8926/files/meta-sq-add-d4021a789fa5.jpg?format=pjpg,https://cdn.shopify.com/s/files/1/0667/0961/8926/files/meta-sq-add-6f8a47ad00ce.jpg?format=pjpg",Conjunto com top-blusa de 6 bolsos para treino e prova.,vimm_feed
47929942278382,https://cdn.shopify.com/s/files/1/0667/0961/8926/files/meta-sq-9245962502382-47191335698670.jpg?format=pjpg,"https://cdn.shopify.com/s/files/1/0667/0961/8926/files/meta-sq-add-d4021a789fa5.jpg?format=pjpg,https://cdn.shopify.com/s/files/1/0667/0961/8926/files/meta-sq-add-6f8a47ad00ce.jpg?format=pjpg",Conjunto com top-blusa de 6 bolsos para treino e prova.,vimm_feed
47929942311150,https://cdn.shopify.com/s/files/1/0667/0961/8926/files/meta-sq-9245962502382-47191335698670.jpg?format=pjpg,"https://cdn.shopify.com/s/files/1/0667/0961/8926/files/meta-sq-add-d4021a789fa5.jpg?format=pjpg,https://cdn.shopify.com/s/files/1/0667/0961/8926/files/meta-sq-add-6f8a47ad00ce.jpg?format=pjpg",Conjunto com top-blusa de 6 bolsos para treino e prova.,vimm_feed
47929942343918,https://cdn.shopify.com/s/files/1/0667/0961/8926/files/meta-sq-9245962502382-47191335698670.jpg?format=pjpg,"https://cdn.shopify.com/s/files/1/0667/0961/8926/files/meta-sq-add-d4021a789fa5.jpg?format=pjpg,https://cdn.shopify.com/s/files/1/0667/0961/8926/files/meta-sq-add-6f8a47ad00ce.jpg?format=pjpg",Conjunto com top-blusa de 6 bolsos para treino e prova.,vimm_feed
47929942376686,https://cdn.shopify.com/s/files/1/0667/0961/8926/files/meta-sq-9245962502382-47191335698670.jpg?format=pjpg,"https://cdn.shopify.com/s/files/1/0667/0961/8926/files/meta-sq-add-d4021a789fa5.jpg?format=pjpg,https://cdn.shopify.com/s/files/1/0667/0961/8926/files/meta-sq-add-6f8a47ad00ce.jpg?format=pjpg",Conjunto com top-blusa de 6 bolsos para treino e prova.,vimm_feed
47929942409454,https://cdn.shopify.com/s/files/1/0667/0961/8926/files/meta-sq-9245962502382-47191335698670.jpg?format=pjpg,"https://cdn.shopify.com/s/files/1/0667/0961/8926/files/meta-sq-add-d4021a789fa5.jpg?format=pjpg,https://cdn.shopify.com/s/files/1/0667/0961/8926/files/meta-sq-add-6f8a47ad00ce.jpg?format=pjpg",Conjunto com top-blusa de 6 bolsos para treino e prova.,vimm_feed
47929942442222,https://cdn.shopify.com/s/files/1/0667/0961/8926/files/meta-sq-9245962502382-47191335698670.jpg?format=pjpg,"https://cdn.shopify.com/s/files/1/0667/0961/8926/files/meta-sq-add-d4021a789fa5.jpg?format=pjpg,https://cdn.shopify.com/s/files/1/0667/0961/8926/files/meta-sq-add-6f8a47ad00ce.jpg?format=pjpg",Conjunto com top-blusa de 6 bolsos para treino e prova.,vimm_feed
47929942474990,https://cdn.shopify.com/s/files/1/0667/0961/8926/files/meta-sq-9245962502382-47191335698670.jpg?format=pjpg,"https://cdn.shopify.com/s/files/1/0667/0961/8926/files/meta-sq-add-d4021a789fa5.jpg?format=pjpg,https://cdn.shopify.com/s/files/1/0667/0961/8926/files/meta-sq-add-6f8a47ad00ce.jpg?format=pjpg",Conjunto com top-blusa de 6 bolsos para treino e prova.,vimm_feed
47929942507758,https://cdn.shopify.com/s/files/1/0667/0961/8926/files/meta-sq-9245962502382-47191335698670.jpg?format=pjpg,"https://cdn.shopify.com/s/files/1/0667/0961/8926/files/meta-sq-add-d4021a789fa5.jpg?format=pjpg,https://cdn.shopify.com/s/files/1/0667/0961/8926/files/meta-sq-add-6f8a47ad00ce.jpg?format=pjpg",Conjunto com top-blusa de 6 bolsos para treino e prova.,vimm_feed
47929942540526,https://cdn.shopify.com/s/files/1/0667/0961/8926/files/meta-sq-9245962502382-47191335698670.jpg?format=pjpg,"https://cdn.shopify.com/s/files/1/0667/0961/8926/files/meta-sq-add-d4021a789fa5.jpg?format=pjpg,https://cdn.shopify.com/s/files/1/0667/0961/8926/files/meta-sq-add-6f8a47ad00ce.jpg?format=pjpg",Conjunto com top-blusa de 6 bolsos para treino e prova.,vimm_feed
47929942573294,https://cdn.shopify.com/s/files/1/0667/0961/8926/files/meta-sq-9245962502382-47191335698670.jpg?format=pjpg,"https://cdn.shopify.com/s/files/1/0667/0961/8926/files/meta-sq-add-d4021a789fa5.jpg?format=pjpg,https://cdn.shopify.com/s/files/1/0667/0961/8926/files/meta-sq-add-6f8a47ad00ce.jpg?format=pjpg",Conjunto com top-blusa de 6 bolsos para treino e prova.,vimm_feed
47929942606062,https://cdn.shopify.com/s/files/1/0667/0961/8926/files/meta-sq-9245962502382-47191335698670.jpg?format=pjpg,"https://cdn.shopify.com/s/files/1/0667/0961/8926/files/meta-sq-add-d4021a789fa5.jpg?format=pjpg,https://cdn.shopify.com/s/files/1/0667/0961/8926/files/meta-sq-add-6f8a47ad00ce.jpg?format=pjpg",Conjunto com top-blusa de 6 bolsos para treino e prova.,vimm_feed
47929932349678,https://cdn.shopify.com/s/files/1/0667/0961/8926/files/meta-sq-9245957619950-46343739408622.jpg?format=pjpg,"https://cdn.shopify.com/s/files/1/0667/0961/8926/files/meta-sq-add-a3a70a7ea32e.jpg?format=pjpg,https://cdn.shopify.com/s/files/1/0667/0961/8926/files/meta-sq-add-8f1148642f95.jpg?format=pjpg",Conjunto com top-blusa de 6 bolsos para treino e prova.,vimm_feed
47929932382446,https://cdn.shopify.com/s/files/1/0667/0961/8926/files/meta-sq-9245957619950-46343739408622.jpg?format=pjpg,"https://cdn.shopify.com/s/files/1/0667/0961/8926/files/meta-sq-add-a3a70a7ea32e.jpg?format=pjpg,https://cdn.shopify.com/s/files/1/0667/0961/8926/files/meta-sq-add-8f1148642f95.jpg?format=pjpg",Conjunto com top-blusa de 6 bolsos para treino e prova.,vimm_feed
47929932415214,https://cdn.shopify.com/s/files/1/0667/0961/8926/files/meta-sq-9245957619950-46343739408622.jpg?format=pjpg,"https://cdn.shopify.com/s/files/1/0667/0961/8926/files/meta-sq-add-a3a70a7ea32e.jpg?format=pjpg,https://cdn.shopify.com/s/files/1/0667/0961/8926/files/meta-sq-add-8f1148642f95.jpg?format=pjpg",Conjunto com top-blusa de 6 bolsos para treino e prova.,vimm_feed
47929932447982,https://cdn.shopify.com/s/files/1/0667/0961/8926/files/meta-sq-9245957619950-46343739408622.jpg?format=pjpg,"https://cdn.shopify.com/s/files/1/0667/0961/8926/files/meta-sq-add-a3a70a7ea32e.jpg?format=pjpg,https://cdn.shopify.com/s/files/1/0667/0961/8926/files/meta-sq-add-8f1148642f95.jpg?format=pjpg",Conjunto com top-blusa de 6 bolsos para treino e prova.,vimm_feed
47929932480750,https://cdn.shopify.com/s/files/1/0667/0961/8926/files/meta-sq-9245957619950-46343739408622.jpg?format=pjpg,"https://cdn.shopify.com/s/files/1/0667/0961/8926/files/meta-sq-add-a3a70a7ea32e.jpg?format=pjpg,https://cdn.shopify.com/s/files/1/0667/0961/8926/files/meta-sq-add-8f1148642f95.jpg?format=pjpg",Conjunto com top-blusa de 6 bolsos para treino e prova.,vimm_feed
47929932513518,https://cdn.shopify.com/s/files/1/0667/0961/8926/files/meta-sq-9245957619950-46343739408622.jpg?format=pjpg,"https://cdn.shopify.com/s/files/1/0667/0961/8926/files/meta-sq-add-a3a70a7ea32e.jpg?format=pjpg,https://cdn.shopify.com/s/files/1/0667/0961/8926/files/meta-sq-add-8f1148642f95.jpg?format=pjpg",Conjunto com top-blusa de 6 bolsos para treino e prova.,vimm_feed
47929932546286,https://cdn.shopify.com/s/files/1/0667/0961/8926/files/meta-sq-9245957619950-46343739408622.jpg?format=pjpg,"https://cdn.shopify.com/s/files/1/0667/0961/8926/files/meta-sq-add-a3a70a7ea32e.jpg?format=pjpg,https://cdn.shopify.com/s/files/1/0667/0961/8926/files/meta-sq-add-8f1148642f95.jpg?format=pjpg",Conjunto com top-blusa de 6 bolsos para treino e prova.,vimm_feed
47929932579054,https://cdn.shopify.com/s/files/1/0667/0961/8926/files/meta-sq-9245957619950-46343739408622.jpg?format=pjpg,"https://cdn.shopify.com/s/files/1/0667/0961/8926/files/meta-sq-add-a3a70a7ea32e.jpg?format=pjpg,https://cdn.shopify.com/s/files/1/0667/0961/8926/files/meta-sq-add-8f1148642f95.jpg?format=pjpg",Conjunto com top-blusa de 6 bolsos para treino e prova.,vimm_feed
47929932611822,https://cdn.shopify.com/s/files/1/0667/0961/8926/files/meta-sq-9245957619950-46343739408622.jpg?format=pjpg,"https://cdn.shopify.com/s/files/1/0667/0961/8926/files/meta-sq-add-a3a70a7ea32e.jpg?format=pjpg,https://cdn.shopify.com/s/files/1/0667/0961/8926/files/meta-sq-add-8f1148642f95.jpg?format=pjpg",Conjunto com top-blusa de 6 bolsos para treino e prova.,vimm_feed
47929932644590,https://cdn.shopify.com/s/files/1/0667/0961/8926/files/meta-sq-9245957619950-46343739408622.jpg?format=pjpg,"https://cdn.shopify.com/s/files/1/0667/0961/8926/files/meta-sq-add-a3a70a7ea32e.jpg?format=pjpg,https://cdn.shopify.com/s/files/1/0667/0961/8926/files/meta-sq-add-8f1148642f95.jpg?format=pjpg",Conjunto com top-blusa de 6 bolsos para treino e prova.,vimm_feed
47929932677358,https://cdn.shopify.com/s/files/1/0667/0961/8926/files/meta-sq-9245957619950-46343739408622.jpg?format=pjpg,"https://cdn.shopify.com/s/files/1/0667/0961/8926/files/meta-sq-add-a3a70a7ea32e.jpg?format=pjpg,https://cdn.shopify.com/s/files/1/0667/0961/8926/files/meta-sq-add-8f1148642f95.jpg?format=pjpg",Conjunto com top-blusa de 6 bolsos para treino e prova.,vimm_feed
47929932710126,https://cdn.shopify.com/s/files/1/0667/0961/8926/files/meta-sq-9245957619950-46343739408622.jpg?format=pjpg,"https://cdn.shopify.com/s/files/1/0667/0961/8926/files/meta-sq-add-a3a70a7ea32e.jpg?format=pjpg,https://cdn.shopify.com/s/files/1/0667/0961/8926/files/meta-sq-add-8f1148642f95.jpg?format=pjpg",Conjunto com top-blusa de 6 bolsos para treino e prova.,vimm_feed
47929932742894,https://cdn.shopify.com/s/files/1/0667/0961/8926/files/meta-sq-9245957619950-46343739408622.jpg?format=pjpg,"https://cdn.shopify.com/s/files/1/0667/0961/8926/files/meta-sq-add-a3a70a7ea32e.jpg?format=pjpg,https://cdn.shopify.com/s/files/1/0667/0961/8926/files/meta-sq-add-8f1148642f95.jpg?format=pjpg",Conjunto com top-blusa de 6 bolsos para treino e prova.,vimm_feed
47929932775662,https://cdn.shopify.com/s/files/1/0667/0961/8926/files/meta-sq-9245957619950-46343739408622.jpg?format=pjpg,"https://cdn.shopify.com/s/files/1/0667/0961/8926/files/meta-sq-add-a3a70a7ea32e.jpg?format=pjpg,https://cdn.shopify.com/s/files/1/0667/0961/8926/files/meta-sq-add-8f1148642f95.jpg?format=pjpg",Conjunto com top-blusa de 6 bolsos para treino e prova.,vimm_feed
47929932808430,https://cdn.shopify.com/s/files/1/0667/0961/8926/files/meta-sq-9245957619950-46343739408622.jpg?format=pjpg,"https://cdn.shopify.com/s/files/1/0667/0961/8926/files/meta-sq-add-a3a70a7ea32e.jpg?format=pjpg,https://cdn.shopify.com/s/files/1/0667/0961/8926/files/meta-sq-add-8f1148642f95.jpg?format=pjpg",Conjunto com top-blusa de 6 bolsos para treino e prova.,vimm_feed
47929932841198,https://cdn.shopify.com/s/files/1/0667/0961/8926/files/meta-sq-9245957619950-46343739408622.jpg?format=pjpg,"https://cdn.shopify.com/s/files/1/0667/0961/8926/files/meta-sq-add-a3a70a7ea32e.jpg?format=pjpg,https://cdn.shopify.com/s/files/1/0667/0961/8926/files/meta-sq-add-8f1148642f95.jpg?format=pjpg",Conjunto com top-blusa de 6 bolsos para treino e prova.,vimm_feed
47929932873966,https://cdn.shopify.com/s/files/1/0667/0961/8926/files/meta-sq-9245957619950-46343739408622.jpg?format=pjpg,"https://cdn.shopify.com/s/files/1/0667/0961/8926/files/meta-sq-add-a3a70a7ea32e.jpg?format=pjpg,https://cdn.shopify.com/s/files/1/0667/0961/8926/files/meta-sq-add-8f1148642f95.jpg?format=pjpg",Conjunto com top-blusa de 6 bolsos para treino e prova.,vimm_feed
47929932906734,https://cdn.shopify.com/s/files/1/0667/0961/8926/files/meta-sq-9245957619950-46343739408622.jpg?format=pjpg,"https://cdn.shopify.com/s/files/1/0667/0961/8926/files/meta-sq-add-a3a70a7ea32e.jpg?format=pjpg,https://cdn.shopify.com/s/files/1/0667/0961/8926/files/meta-sq-add-8f1148642f95.jpg?format=pjpg",Conjunto com top-blusa de 6 bolsos para treino e prova.,vimm_feed
47929932939502,https://cdn.shopify.com/s/files/1/0667/0961/8926/files/meta-sq-9245957619950-46343739408622.jpg?format=pjpg,"https://cdn.shopify.com/s/files/1/0667/0961/8926/files/meta-sq-add-a3a70a7ea32e.jpg?format=pjpg,https://cdn.shopify.com/s/files/1/0667/0961/8926/files/meta-sq-add-8f1148642f95.jpg?format=pjpg",Conjunto com top-blusa de 6 bolsos para treino e prova.,vimm_feed
47929932972270,https://cdn.shopify.com/s/files/1/0667/0961/8926/files/meta-sq-9245957619950-46343739408622.jpg?format=pjpg,"https://cdn.shopify.com/s/files/1/0667/0961/8926/files/meta-sq-add-a3a70a7ea32e.jpg?format=pjpg,https://cdn.shopify.com/s/files/1/0667/0961/8926/files/meta-sq-add-8f1148642f95.jpg?format=pjpg",Conjunto com top-blusa de 6 bolsos para treino e prova.,vimm_feed
47929933005038,https://cdn.shopify.com/s/files/1/0667/0961/8926/files/meta-sq-9245957619950-46343739408622.jpg?format=pjpg,"https://cdn.shopify.com/s/files/1/0667/0961/8926/files/meta-sq-add-a3a70a7ea32e.jpg?format=pjpg,https://cdn.shopify.com/s/files/1/0667/0961/8926/files/meta-sq-add-8f1148642f95.jpg?format=pjpg",Conjunto com top-blusa de 6 bolsos para treino e prova.,vimm_feed
47929933037806,https://cdn.shopify.com/s/files/1/0667/0961/8926/files/meta-sq-9245957619950-46343739408622.jpg?format=pjpg,"https://cdn.shopify.com/s/files/1/0667/0961/8926/files/meta-sq-add-a3a70a7ea32e.jpg?format=pjpg,https://cdn.shopify.com/s/files/1/0667/0961/8926/files/meta-sq-add-8f1148642f95.jpg?format=pjpg",Conjunto com top-blusa de 6 bolsos para treino e prova.,vimm_feed
47929933070574,https://cdn.shopify.com/s/files/1/0667/0961/8926/files/meta-sq-9245957619950-46343739408622.jpg?format=pjpg,"https://cdn.shopify.com/s/files/1/0667/0961/8926/files/meta-sq-add-a3a70a7ea32e.jpg?format=pjpg,https://cdn.shopify.com/s/files/1/0667/0961/8926/files/meta-sq-add-8f1148642f95.jpg?format=pjpg",Conjunto com top-blusa de 6 bolsos para treino e prova.,vimm_feed
47929933103342,https://cdn.shopify.com/s/files/1/0667/0961/8926/files/meta-sq-9245957619950-46343739408622.jpg?format=pjpg,"https://cdn.shopify.com/s/files/1/0667/0961/8926/files/meta-sq-add-a3a70a7ea32e.jpg?format=pjpg,https://cdn.shopify.com/s/files/1/0667/0961/8926/files/meta-sq-add-8f1148642f95.jpg?format=pjpg",Conjunto com top-blusa de 6 bolsos para treino e prova.,vimm_feed
47929933136110,https://cdn.shopify.com/s/files/1/0667/0961/8926/files/meta-sq-9245957619950-46343739408622.jpg?format=pjpg,"https://cdn.shopify.com/s/files/1/0667/0961/8926/files/meta-sq-add-a3a70a7ea32e.jpg?format=pjpg,https://cdn.shopify.com/s/files/1/0667/0961/8926/files/meta-sq-add-8f1148642f95.jpg?format=pjpg",Conjunto com top-blusa de 6 bolsos para treino e prova.,vimm_feed
47929933168878,https://cdn.shopify.com/s/files/1/0667/0961/8926/files/meta-sq-9245957619950-46343739408622.jpg?format=pjpg,"https://cdn.shopify.com/s/files/1/0667/0961/8926/files/meta-sq-add-a3a70a7ea32e.jpg?format=pjpg,https://cdn.shopify.com/s/files/1/0667/0961/8926/files/meta-sq-add-8f1148642f95.jpg?format=pjpg",Conjunto com top-blusa de 6 bolsos para treino e prova.,vimm_feed
47929933201646,https://cdn.shopify.com/s/files/1/0667/0961/8926/files/meta-sq-9245957619950-46343739408622.jpg?format=pjpg,"https://cdn.shopify.com/s/files/1/0667/0961/8926/files/meta-sq-add-a3a70a7ea32e.jpg?format=pjpg,https://cdn.shopify.com/s/files/1/0667/0961/8926/files/meta-sq-add-8f1148642f95.jpg?format=pjpg",Conjunto com top-blusa de 6 bolsos para treino e prova.,vimm_feed
47929933234414,https://cdn.shopify.com/s/files/1/0667/0961/8926/files/meta-sq-9245957619950-46343739408622.jpg?format=pjpg,"https://cdn.shopify.com/s/files/1/0667/0961/8926/files/meta-sq-add-a3a70a7ea32e.jpg?format=pjpg,https://cdn.shopify.com/s/files/1/0667/0961/8926/files/meta-sq-add-8f1148642f95.jpg?format=pjpg",Conjunto com top-blusa de 6 bolsos para treino e prova.,vimm_feed
47929922486510,https://cdn.shopify.com/s/files/1/0667/0961/8926/files/meta-sq-9245952868590-46343716569326.jpg?format=pjpg,"https://cdn.shopify.com/s/files/1/0667/0961/8926/files/meta-sq-add-88a5e57369c8.jpg?format=pjpg,https://cdn.shopify.com/s/files/1/0667/0961/8926/files/meta-sq-add-394f48ec0ae2.jpg?format=pjpg,https://cdn.shopify.com/s/files/1/0667/0961/8926/files/meta-sq-add-b9356e1d4350.jpg?format=pjpg",Conjunto com top nadador com bolso e alta sustentação.,vimm_feed
47929922519278,https://cdn.shopify.com/s/files/1/0667/0961/8926/files/meta-sq-9245952868590-46343716569326.jpg?format=pjpg,"https://cdn.shopify.com/s/files/1/0667/0961/8926/files/meta-sq-add-88a5e57369c8.jpg?format=pjpg,https://cdn.shopify.com/s/files/1/0667/0961/8926/files/meta-sq-add-394f48ec0ae2.jpg?format=pjpg,https://cdn.shopify.com/s/files/1/0667/0961/8926/files/meta-sq-add-b9356e1d4350.jpg?format=pjpg",Conjunto com top nadador com bolso e alta sustentação.,vimm_feed
47929922552046,https://cdn.shopify.com/s/files/1/0667/0961/8926/files/meta-sq-9245952868590-46343716569326.jpg?format=pjpg,"https://cdn.shopify.com/s/files/1/0667/0961/8926/files/meta-sq-add-88a5e57369c8.jpg?format=pjpg,https://cdn.shopify.com/s/files/1/0667/0961/8926/files/meta-sq-add-394f48ec0ae2.jpg?format=pjpg,https://cdn.shopify.com/s/files/1/0667/0961/8926/files/meta-sq-add-b9356e1d4350.jpg?format=pjpg",Conjunto com top nadador com bolso e alta sustentação.,vimm_feed
47929922584814,https://cdn.shopify.com/s/files/1/0667/0961/8926/files/meta-sq-9245952868590-46343716569326.jpg?format=pjpg,"https://cdn.shopify.com/s/files/1/0667/0961/8926/files/meta-sq-add-88a5e57369c8.jpg?format=pjpg,https://cdn.shopify.com/s/files/1/0667/0961/8926/files/meta-sq-add-394f48ec0ae2.jpg?format=pjpg,https://cdn.shopify.com/s/files/1/0667/0961/8926/files/meta-sq-add-b9356e1d4350.jpg?format=pjpg",Conjunto com top nadador com bolso e alta sustentação.,vimm_feed
47929922617582,https://cdn.shopify.com/s/files/1/0667/0961/8926/files/meta-sq-9245952868590-46343716569326.jpg?format=pjpg,"https://cdn.shopify.com/s/files/1/0667/0961/8926/files/meta-sq-add-88a5e57369c8.jpg?format=pjpg,https://cdn.shopify.com/s/files/1/0667/0961/8926/files/meta-sq-add-394f48ec0ae2.jpg?format=pjpg,https://cdn.shopify.com/s/files/1/0667/0961/8926/files/meta-sq-add-b9356e1d4350.jpg?format=pjpg",Conjunto com top nadador com bolso e alta sustentação.,vimm_feed
47929922650350,https://cdn.shopify.com/s/files/1/0667/0961/8926/files/meta-sq-9245952868590-46343716569326.jpg?format=pjpg,"https://cdn.shopify.com/s/files/1/0667/0961/8926/files/meta-sq-add-88a5e57369c8.jpg?format=pjpg,https://cdn.shopify.com/s/files/1/0667/0961/8926/files/meta-sq-add-394f48ec0ae2.jpg?format=pjpg,https://cdn.shopify.com/s/files/1/0667/0961/8926/files/meta-sq-add-b9356e1d4350.jpg?format=pjpg",Conjunto com top nadador com bolso e alta sustentação.,vimm_feed
47929922683118,https://cdn.shopify.com/s/files/1/0667/0961/8926/files/meta-sq-9245952868590-46343716569326.jpg?format=pjpg,"https://cdn.shopify.com/s/files/1/0667/0961/8926/files/meta-sq-add-88a5e57369c8.jpg?format=pjpg,https://cdn.shopify.com/s/files/1/0667/0961/8926/files/meta-sq-add-394f48ec0ae2.jpg?format=pjpg,https://cdn.shopify.com/s/files/1/0667/0961/8926/files/meta-sq-add-b9356e1d4350.jpg?format=pjpg",Conjunto com top nadador com bolso e alta sustentação.,vimm_feed
47929922715886,https://cdn.shopify.com/s/files/1/0667/0961/8926/files/meta-sq-9245952868590-46343716569326.jpg?format=pjpg,"https://cdn.shopify.com/s/files/1/0667/0961/8926/files/meta-sq-add-88a5e57369c8.jpg?format=pjpg,https://cdn.shopify.com/s/files/1/0667/0961/8926/files/meta-sq-add-394f48ec0ae2.jpg?format=pjpg,https://cdn.shopify.com/s/files/1/0667/0961/8926/files/meta-sq-add-b9356e1d4350.jpg?format=pjpg",Conjunto com top nadador com bolso e alta sustentação.,vimm_feed
47929922748654,https://cdn.shopify.com/s/files/1/0667/0961/8926/files/meta-sq-9245952868590-46343716569326.jpg?format=pjpg,"https://cdn.shopify.com/s/files/1/0667/0961/8926/files/meta-sq-add-88a5e57369c8.jpg?format=pjpg,https://cdn.shopify.com/s/files/1/0667/0961/8926/files/meta-sq-add-394f48ec0ae2.jpg?format=pjpg,https://cdn.shopify.com/s/files/1/0667/0961/8926/files/meta-sq-add-b9356e1d4350.jpg?format=pjpg",Conjunto com top nadador com bolso e alta sustentação.,vimm_feed
47929922781422,https://cdn.shopify.com/s/files/1/0667/0961/8926/files/meta-sq-9245952868590-46343716569326.jpg?format=pjpg,"https://cdn.shopify.com/s/files/1/0667/0961/8926/files/meta-sq-add-88a5e57369c8.jpg?format=pjpg,https://cdn.shopify.com/s/files/1/0667/0961/8926/files/meta-sq-add-394f48ec0ae2.jpg?format=pjpg,https://cdn.shopify.com/s/files/1/0667/0961/8926/files/meta-sq-add-b9356e1d4350.jpg?format=pjpg",Conjunto com top nadador com bolso e alta sustentação.,vimm_feed
47929922814190,https://cdn.shopify.com/s/files/1/0667/0961/8926/files/meta-sq-9245952868590-46343716569326.jpg?format=pjpg,"https://cdn.shopify.com/s/files/1/0667/0961/8926/files/meta-sq-add-88a5e57369c8.jpg?format=pjpg,https://cdn.shopify.com/s/files/1/0667/0961/8926/files/meta-sq-add-394f48ec0ae2.jpg?format=pjpg,https://cdn.shopify.com/s/files/1/0667/0961/8926/files/meta-sq-add-b9356e1d4350.jpg?format=pjpg",Conjunto com top nadador com bolso e alta sustentação.,vimm_feed
47929922846958,https://cdn.shopify.com/s/files/1/0667/0961/8926/files/meta-sq-9245952868590-46343716569326.jpg?format=pjpg,"https://cdn.shopify.com/s/files/1/0667/0961/8926/files/meta-sq-add-88a5e57369c8.jpg?format=pjpg,https://cdn.shopify.com/s/files/1/0667/0961/8926/files/meta-sq-add-394f48ec0ae2.jpg?format=pjpg,https://cdn.shopify.com/s/files/1/0667/0961/8926/files/meta-sq-add-b9356e1d4350.jpg?format=pjpg",Conjunto com top nadador com bolso e alta sustentação.,vimm_feed
47929922879726,https://cdn.shopify.com/s/files/1/0667/0961/8926/files/meta-sq-9245952868590-46343716569326.jpg?format=pjpg,"https://cdn.shopify.com/s/files/1/0667/0961/8926/files/meta-sq-add-88a5e57369c8.jpg?format=pjpg,https://cdn.shopify.com/s/files/1/0667/0961/8926/files/meta-sq-add-394f48ec0ae2.jpg?format=pjpg,https://cdn.shopify.com/s/files/1/0667/0961/8926/files/meta-sq-add-b9356e1d4350.jpg?format=pjpg",Conjunto com top nadador com bolso e alta sustentação.,vimm_feed
47929922912494,https://cdn.shopify.com/s/files/1/0667/0961/8926/files/meta-sq-9245952868590-46343716569326.jpg?format=pjpg,"https://cdn.shopify.com/s/files/1/0667/0961/8926/files/meta-sq-add-88a5e57369c8.jpg?format=pjpg,https://cdn.shopify.com/s/files/1/0667/0961/8926/files/meta-sq-add-394f48ec0ae2.jpg?format=pjpg,https://cdn.shopify.com/s/files/1/0667/0961/8926/files/meta-sq-add-b9356e1d4350.jpg?format=pjpg",Conjunto com top nadador com bolso e alta sustentação.,vimm_feed
47929922945262,https://cdn.shopify.com/s/files/1/0667/0961/8926/files/meta-sq-9245952868590-46343716569326.jpg?format=pjpg,"https://cdn.shopify.com/s/files/1/0667/0961/8926/files/meta-sq-add-88a5e57369c8.jpg?format=pjpg,https://cdn.shopify.com/s/files/1/0667/0961/8926/files/meta-sq-add-394f48ec0ae2.jpg?format=pjpg,https://cdn.shopify.com/s/files/1/0667/0961/8926/files/meta-sq-add-b9356e1d4350.jpg?format=pjpg",Conjunto com top nadador com bolso e alta sustentação.,vimm_feed
47929922978030,https://cdn.shopify.com/s/files/1/0667/0961/8926/files/meta-sq-9245952868590-46343716569326.jpg?format=pjpg,"https://cdn.shopify.com/s/files/1/0667/0961/8926/files/meta-sq-add-88a5e57369c8.jpg?format=pjpg,https://cdn.shopify.com/s/files/1/0667/0961/8926/files/meta-sq-add-394f48ec0ae2.jpg?format=pjpg,https://cdn.shopify.com/s/files/1/0667/0961/8926/files/meta-sq-add-b9356e1d4350.jpg?format=pjpg",Conjunto com top nadador com bolso e alta sustentação.,vimm_feed
47929923010798,https://cdn.shopify.com/s/files/1/0667/0961/8926/files/meta-sq-9245952868590-46343716569326.jpg?format=pjpg,"https://cdn.shopify.com/s/files/1/0667/0961/8926/files/meta-sq-add-88a5e57369c8.jpg?format=pjpg,https://cdn.shopify.com/s/files/1/0667/0961/8926/files/meta-sq-add-394f48ec0ae2.jpg?format=pjpg,https://cdn.shopify.com/s/files/1/0667/0961/8926/files/meta-sq-add-b9356e1d4350.jpg?format=pjpg",Conjunto com top nadador com bolso e alta sustentação.,vimm_feed
47929923043566,https://cdn.shopify.com/s/files/1/0667/0961/8926/files/meta-sq-9245952868590-46343716569326.jpg?format=pjpg,"https://cdn.shopify.com/s/files/1/0667/0961/8926/files/meta-sq-add-88a5e57369c8.jpg?format=pjpg,https://cdn.shopify.com/s/files/1/0667/0961/8926/files/meta-sq-add-394f48ec0ae2.jpg?format=pjpg,https://cdn.shopify.com/s/files/1/0667/0961/8926/files/meta-sq-add-b9356e1d4350.jpg?format=pjpg",Conjunto com top nadador com bolso e alta sustentação.,vimm_feed
47929923076334,https://cdn.shopify.com/s/files/1/0667/0961/8926/files/meta-sq-9245952868590-46343716569326.jpg?format=pjpg,"https://cdn.shopify.com/s/files/1/0667/0961/8926/files/meta-sq-add-88a5e57369c8.jpg?format=pjpg,https://cdn.shopify.com/s/files/1/0667/0961/8926/files/meta-sq-add-394f48ec0ae2.jpg?format=pjpg,https://cdn.shopify.com/s/files/1/0667/0961/8926/files/meta-sq-add-b9356e1d4350.jpg?format=pjpg",Conjunto com top nadador com bolso e alta sustentação.,vimm_feed
47929923109102,https://cdn.shopify.com/s/files/1/0667/0961/8926/files/meta-sq-9245952868590-46343716569326.jpg?format=pjpg,"https://cdn.shopify.com/s/files/1/0667/0961/8926/files/meta-sq-add-88a5e57369c8.jpg?format=pjpg,https://cdn.shopify.com/s/files/1/0667/0961/8926/files/meta-sq-add-394f48ec0ae2.jpg?format=pjpg,https://cdn.shopify.com/s/files/1/0667/0961/8926/files/meta-sq-add-b9356e1d4350.jpg?format=pjpg",Conjunto com top nadador com bolso e alta sustentação.,vimm_feed
47929923141870,https://cdn.shopify.com/s/files/1/0667/0961/8926/files/meta-sq-9245952868590-46343716569326.jpg?format=pjpg,"https://cdn.shopify.com/s/files/1/0667/0961/8926/files/meta-sq-add-88a5e57369c8.jpg?format=pjpg,https://cdn.shopify.com/s/files/1/0667/0961/8926/files/meta-sq-add-394f48ec0ae2.jpg?format=pjpg,https://cdn.shopify.com/s/files/1/0667/0961/8926/files/meta-sq-add-b9356e1d4350.jpg?format=pjpg",Conjunto com top nadador com bolso e alta sustentação.,vimm_feed
47929923174638,https://cdn.shopify.com/s/files/1/0667/0961/8926/files/meta-sq-9245952868590-46343716569326.jpg?format=pjpg,"https://cdn.shopify.com/s/files/1/0667/0961/8926/files/meta-sq-add-88a5e57369c8.jpg?format=pjpg,https://cdn.shopify.com/s/files/1/0667/0961/8926/files/meta-sq-add-394f48ec0ae2.jpg?format=pjpg,https://cdn.shopify.com/s/files/1/0667/0961/8926/files/meta-sq-add-b9356e1d4350.jpg?format=pjpg",Conjunto com top nadador com bolso e alta sustentação.,vimm_feed
47929923207406,https://cdn.shopify.com/s/files/1/0667/0961/8926/files/meta-sq-9245952868590-46343716569326.jpg?format=pjpg,"https://cdn.shopify.com/s/files/1/0667/0961/8926/files/meta-sq-add-88a5e57369c8.jpg?format=pjpg,https://cdn.shopify.com/s/files/1/0667/0961/8926/files/meta-sq-add-394f48ec0ae2.jpg?format=pjpg,https://cdn.shopify.com/s/files/1/0667/0961/8926/files/meta-sq-add-b9356e1d4350.jpg?format=pjpg",Conjunto com top nadador com bolso e alta sustentação.,vimm_feed
47929923240174,https://cdn.shopify.com/s/files/1/0667/0961/8926/files/meta-sq-9245952868590-46343716569326.jpg?format=pjpg,"https://cdn.shopify.com/s/files/1/0667/0961/8926/files/meta-sq-add-88a5e57369c8.jpg?format=pjpg,https://cdn.shopify.com/s/files/1/0667/0961/8926/files/meta-sq-add-394f48ec0ae2.jpg?format=pjpg,https://cdn.shopify.com/s/files/1/0667/0961/8926/files/meta-sq-add-b9356e1d4350.jpg?format=pjpg",Conjunto com top nadador com bolso e alta sustentação.,vimm_feed
47929923272942,https://cdn.shopify.com/s/files/1/0667/0961/8926/files/meta-sq-9245952868590-46343716569326.jpg?format=pjpg,"https://cdn.shopify.com/s/files/1/0667/0961/8926/files/meta-sq-add-88a5e57369c8.jpg?format=pjpg,https://cdn.shopify.com/s/files/1/0667/0961/8926/files/meta-sq-add-394f48ec0ae2.jpg?format=pjpg,https://cdn.shopify.com/s/files/1/0667/0961/8926/files/meta-sq-add-b9356e1d4350.jpg?format=pjpg",Conjunto com top nadador com bolso e alta sustentação.,vimm_feed
47929923305710,https://cdn.shopify.com/s/files/1/0667/0961/8926/files/meta-sq-9245952868590-46343716569326.jpg?format=pjpg,"https://cdn.shopify.com/s/files/1/0667/0961/8926/files/meta-sq-add-88a5e57369c8.jpg?format=pjpg,https://cdn.shopify.com/s/files/1/0667/0961/8926/files/meta-sq-add-394f48ec0ae2.jpg?format=pjpg,https://cdn.shopify.com/s/files/1/0667/0961/8926/files/meta-sq-add-b9356e1d4350.jpg?format=pjpg",Conjunto com top nadador com bolso e alta sustentação.,vimm_feed
47929923338478,https://cdn.shopify.com/s/files/1/0667/0961/8926/files/meta-sq-9245952868590-46343716569326.jpg?format=pjpg,"https://cdn.shopify.com/s/files/1/0667/0961/8926/files/meta-sq-add-88a5e57369c8.jpg?format=pjpg,https://cdn.shopify.com/s/files/1/0667/0961/8926/files/meta-sq-add-394f48ec0ae2.jpg?format=pjpg,https://cdn.shopify.com/s/files/1/0667/0961/8926/files/meta-sq-add-b9356e1d4350.jpg?format=pjpg",Conjunto com top nadador com bolso e alta sustentação.,vimm_feed
47929923371246,https://cdn.shopify.com/s/files/1/0667/0961/8926/files/meta-sq-9245952868590-46343716569326.jpg?format=pjpg,"https://cdn.shopify.com/s/files/1/0667/0961/8926/files/meta-sq-add-88a5e57369c8.jpg?format=pjpg,https://cdn.shopify.com/s/files/1/0667/0961/8926/files/meta-sq-add-394f48ec0ae2.jpg?format=pjpg,https://cdn.shopify.com/s/files/1/0667/0961/8926/files/meta-sq-add-b9356e1d4350.jpg?format=pjpg",Conjunto com top nadador com bolso e alta sustentação.,vimm_feed
47929892307182,https://cdn.shopify.com/s/files/1/0667/0961/8926/files/meta-sq-9245937467630-46343693402350.jpg?format=pjpg,"https://cdn.shopify.com/s/files/1/0667/0961/8926/files/meta-sq-add-406d766a87d9.jpg?format=pjpg,https://cdn.shopify.com/s/files/1/0667/0961/8926/files/meta-sq-add-1244014b9cf3.jpg?format=pjpg,https://cdn.shopify.com/s/files/1/0667/0961/8926/files/meta-sq-add-13ac7887bf25.jpg?format=pjpg,https://cdn.shopify.com/s/files/1/0667/0961/8926/files/meta-sq-add-51a302a38dc4.jpg?format=pjpg,https://cdn.shopify.com/s/files/1/0667/0961/8926/files/meta-sq-add-549f0eaf5b37.jpg?format=pjpg",Conjunto com top nadador com bolso e alta sustentação.,vimm_feed
47929892339950,https://cdn.shopify.com/s/files/1/0667/0961/8926/files/meta-sq-9245937467630-46343693402350.jpg?format=pjpg,"https://cdn.shopify.com/s/files/1/0667/0961/8926/files/meta-sq-add-406d766a87d9.jpg?format=pjpg,https://cdn.shopify.com/s/files/1/0667/0961/8926/files/meta-sq-add-1244014b9cf3.jpg?format=pjpg,https://cdn.shopify.com/s/files/1/0667/0961/8926/files/meta-sq-add-13ac7887bf25.jpg?format=pjpg,https://cdn.shopify.com/s/files/1/0667/0961/8926/files/meta-sq-add-51a302a38dc4.jpg?format=pjpg,https://cdn.shopify.com/s/files/1/0667/0961/8926/files/meta-sq-add-549f0eaf5b37.jpg?format=pjpg",Conjunto com top nadador com bolso e alta sustentação.,vimm_feed
47929892372718,https://cdn.shopify.com/s/files/1/0667/0961/8926/files/meta-sq-9245937467630-46343693402350.jpg?format=pjpg,"https://cdn.shopify.com/s/files/1/0667/0961/8926/files/meta-sq-add-406d766a87d9.jpg?format=pjpg,https://cdn.shopify.com/s/files/1/0667/0961/8926/files/meta-sq-add-1244014b9cf3.jpg?format=pjpg,https://cdn.shopify.com/s/files/1/0667/0961/8926/files/meta-sq-add-13ac7887bf25.jpg?format=pjpg,https://cdn.shopify.com/s/files/1/0667/0961/8926/files/meta-sq-add-51a302a38dc4.jpg?format=pjpg,https://cdn.shopify.com/s/files/1/0667/0961/8926/files/meta-sq-add-549f0eaf5b37.jpg?format=pjpg",Conjunto com top nadador com bolso e alta sustentação.,vimm_feed
47929892405486,https://cdn.shopify.com/s/files/1/0667/0961/8926/files/meta-sq-9245937467630-46343693402350.jpg?format=pjpg,"https://cdn.shopify.com/s/files/1/0667/0961/8926/files/meta-sq-add-406d766a87d9.jpg?format=pjpg,https://cdn.shopify.com/s/files/1/0667/0961/8926/files/meta-sq-add-1244014b9cf3.jpg?format=pjpg,https://cdn.shopify.com/s/files/1/0667/0961/8926/files/meta-sq-add-13ac7887bf25.jpg?format=pjpg,https://cdn.shopify.com/s/files/1/0667/0961/8926/files/meta-sq-add-51a302a38dc4.jpg?format=pjpg,https://cdn.shopify.com/s/files/1/0667/0961/8926/files/meta-sq-add-549f0eaf5b37.jpg?format=pjpg",Conjunto com top nadador com bolso e alta sustentação.,vimm_feed
47929892438254,https://cdn.shopify.com/s/files/1/0667/0961/8926/files/meta-sq-9245937467630-46343693402350.jpg?format=pjpg,"https://cdn.shopify.com/s/files/1/0667/0961/8926/files/meta-sq-add-406d766a87d9.jpg?format=pjpg,https://cdn.shopify.com/s/files/1/0667/0961/8926/files/meta-sq-add-1244014b9cf3.jpg?format=pjpg,https://cdn.shopify.com/s/files/1/0667/0961/8926/files/meta-sq-add-13ac7887bf25.jpg?format=pjpg,https://cdn.shopify.com/s/files/1/0667/0961/8926/files/meta-sq-add-51a302a38dc4.jpg?format=pjpg,https://cdn.shopify.com/s/files/1/0667/0961/8926/files/meta-sq-add-549f0eaf5b37.jpg?format=pjpg",Conjunto com top nadador com bolso e alta sustentação.,vimm_feed
47929892471022,https://cdn.shopify.com/s/files/1/0667/0961/8926/files/meta-sq-9245937467630-46343693402350.jpg?format=pjpg,"https://cdn.shopify.com/s/files/1/0667/0961/8926/files/meta-sq-add-406d766a87d9.jpg?format=pjpg,https://cdn.shopify.com/s/files/1/0667/0961/8926/files/meta-sq-add-1244014b9cf3.jpg?format=pjpg,https://cdn.shopify.com/s/files/1/0667/0961/8926/files/meta-sq-add-13ac7887bf25.jpg?format=pjpg,https://cdn.shopify.com/s/files/1/0667/0961/8926/files/meta-sq-add-51a302a38dc4.jpg?format=pjpg,https://cdn.shopify.com/s/files/1/0667/0961/8926/files/meta-sq-add-549f0eaf5b37.jpg?format=pjpg",Conjunto com top nadador com bolso e alta sustentação.,vimm_feed
47929892503790,https://cdn.shopify.com/s/files/1/0667/0961/8926/files/meta-sq-9245937467630-46343693402350.jpg?format=pjpg,"https://cdn.shopify.com/s/files/1/0667/0961/8926/files/meta-sq-add-406d766a87d9.jpg?format=pjpg,https://cdn.shopify.com/s/files/1/0667/0961/8926/files/meta-sq-add-1244014b9cf3.jpg?format=pjpg,https://cdn.shopify.com/s/files/1/0667/0961/8926/files/meta-sq-add-13ac7887bf25.jpg?format=pjpg,https://cdn.shopify.com/s/files/1/0667/0961/8926/files/meta-sq-add-51a302a38dc4.jpg?format=pjpg,https://cdn.shopify.com/s/files/1/0667/0961/8926/files/meta-sq-add-549f0eaf5b37.jpg?format=pjpg",Conjunto com top nadador com bolso e alta sustentação.,vimm_feed
47929892536558,https://cdn.shopify.com/s/files/1/0667/0961/8926/files/meta-sq-9245937467630-46343693402350.jpg?format=pjpg,"https://cdn.shopify.com/s/files/1/0667/0961/8926/files/meta-sq-add-406d766a87d9.jpg?format=pjpg,https://cdn.shopify.com/s/files/1/0667/0961/8926/files/meta-sq-add-1244014b9cf3.jpg?format=pjpg,https://cdn.shopify.com/s/files/1/0667/0961/8926/files/meta-sq-add-13ac7887bf25.jpg?format=pjpg,https://cdn.shopify.com/s/files/1/0667/0961/8926/files/meta-sq-add-51a302a38dc4.jpg?format=pjpg,https://cdn.shopify.com/s/files/1/0667/0961/8926/files/meta-sq-add-549f0eaf5b37.jpg?format=pjpg",Conjunto com top nadador com bolso e alta sustentação.,vimm_feed
47929892569326,https://cdn.shopify.com/s/files/1/0667/0961/8926/files/meta-sq-9245937467630-46343693402350.jpg?format=pjpg,"https://cdn.shopify.com/s/files/1/0667/0961/8926/files/meta-sq-add-406d766a87d9.jpg?format=pjpg,https://cdn.shopify.com/s/files/1/0667/0961/8926/files/meta-sq-add-1244014b9cf3.jpg?format=pjpg,https://cdn.shopify.com/s/files/1/0667/0961/8926/files/meta-sq-add-13ac7887bf25.jpg?format=pjpg,https://cdn.shopify.com/s/files/1/0667/0961/8926/files/meta-sq-add-51a302a38dc4.jpg?format=pjpg,https://cdn.shopify.com/s/files/1/0667/0961/8926/files/meta-sq-add-549f0eaf5b37.jpg?format=pjpg",Conjunto com top nadador com bolso e alta sustentação.,vimm_feed
47929892602094,https://cdn.shopify.com/s/files/1/0667/0961/8926/files/meta-sq-9245937467630-46343693402350.jpg?format=pjpg,"https://cdn.shopify.com/s/files/1/0667/0961/8926/files/meta-sq-add-406d766a87d9.jpg?format=pjpg,https://cdn.shopify.com/s/files/1/0667/0961/8926/files/meta-sq-add-1244014b9cf3.jpg?format=pjpg,https://cdn.shopify.com/s/files/1/0667/0961/8926/files/meta-sq-add-13ac7887bf25.jpg?format=pjpg,https://cdn.shopify.com/s/files/1/0667/0961/8926/files/meta-sq-add-51a302a38dc4.jpg?format=pjpg,https://cdn.shopify.com/s/files/1/0667/0961/8926/files/meta-sq-add-549f0eaf5b37.jpg?format=pjpg",Conjunto com top nadador com bolso e alta sustentação.,vimm_feed
47929892634862,https://cdn.shopify.com/s/files/1/0667/0961/8926/files/meta-sq-9245937467630-46343693402350.jpg?format=pjpg,"https://cdn.shopify.com/s/files/1/0667/0961/8926/files/meta-sq-add-406d766a87d9.jpg?format=pjpg,https://cdn.shopify.com/s/files/1/0667/0961/8926/files/meta-sq-add-1244014b9cf3.jpg?format=pjpg,https://cdn.shopify.com/s/files/1/0667/0961/8926/files/meta-sq-add-13ac7887bf25.jpg?format=pjpg,https://cdn.shopify.com/s/files/1/0667/0961/8926/files/meta-sq-add-51a302a38dc4.jpg?format=pjpg,https://cdn.shopify.com/s/files/1/0667/0961/8926/files/meta-sq-add-549f0eaf5b37.jpg?format=pjpg",Conjunto com top nadador com bolso e alta sustentação.,vimm_feed
47929892667630,https://cdn.shopify.com/s/files/1/0667/0961/8926/files/meta-sq-9245937467630-46343693402350.jpg?format=pjpg,"https://cdn.shopify.com/s/files/1/0667/0961/8926/files/meta-sq-add-406d766a87d9.jpg?format=pjpg,https://cdn.shopify.com/s/files/1/0667/0961/8926/files/meta-sq-add-1244014b9cf3.jpg?format=pjpg,https://cdn.shopify.com/s/files/1/0667/0961/8926/files/meta-sq-add-13ac7887bf25.jpg?format=pjpg,https://cdn.shopify.com/s/files/1/0667/0961/8926/files/meta-sq-add-51a302a38dc4.jpg?format=pjpg,https://cdn.shopify.com/s/files/1/0667/0961/8926/files/meta-sq-add-549f0eaf5b37.jpg?format=pjpg",Conjunto com top nadador com bolso e alta sustentação.,vimm_feed
47929892700398,https://cdn.shopify.com/s/files/1/0667/0961/8926/files/meta-sq-9245937467630-46343693402350.jpg?format=pjpg,"https://cdn.shopify.com/s/files/1/0667/0961/8926/files/meta-sq-add-406d766a87d9.jpg?format=pjpg,https://cdn.shopify.com/s/files/1/0667/0961/8926/files/meta-sq-add-1244014b9cf3.jpg?format=pjpg,https://cdn.shopify.com/s/files/1/0667/0961/8926/files/meta-sq-add-13ac7887bf25.jpg?format=pjpg,https://cdn.shopify.com/s/files/1/0667/0961/8926/files/meta-sq-add-51a302a38dc4.jpg?format=pjpg,https://cdn.shopify.com/s/files/1/0667/0961/8926/files/meta-sq-add-549f0eaf5b37.jpg?format=pjpg",Conjunto com top nadador com bolso e alta sustentação.,vimm_feed
47929892733166,https://cdn.shopify.com/s/files/1/0667/0961/8926/files/meta-sq-9245937467630-46343693402350.jpg?format=pjpg,"https://cdn.shopify.com/s/files/1/0667/0961/8926/files/meta-sq-add-406d766a87d9.jpg?format=pjpg,https://cdn.shopify.com/s/files/1/0667/0961/8926/files/meta-sq-add-1244014b9cf3.jpg?format=pjpg,https://cdn.shopify.com/s/files/1/0667/0961/8926/files/meta-sq-add-13ac7887bf25.jpg?format=pjpg,https://cdn.shopify.com/s/files/1/0667/0961/8926/files/meta-sq-add-51a302a38dc4.jpg?format=pjpg,https://cdn.shopify.com/s/files/1/0667/0961/8926/files/meta-sq-add-549f0eaf5b37.jpg?format=pjpg",Conjunto com top nadador com bolso e alta sustentação.,vimm_feed
47929892765934,https://cdn.shopify.com/s/files/1/0667/0961/8926/files/meta-sq-9245937467630-46343693402350.jpg?format=pjpg,"https://cdn.shopify.com/s/files/1/0667/0961/8926/files/meta-sq-add-406d766a87d9.jpg?format=pjpg,https://cdn.shopify.com/s/files/1/0667/0961/8926/files/meta-sq-add-1244014b9cf3.jpg?format=pjpg,https://cdn.shopify.com/s/files/1/0667/0961/8926/files/meta-sq-add-13ac7887bf25.jpg?format=pjpg,https://cdn.shopify.com/s/files/1/0667/0961/8926/files/meta-sq-add-51a302a38dc4.jpg?format=pjpg,https://cdn.shopify.com/s/files/1/0667/0961/8926/files/meta-sq-add-549f0eaf5b37.jpg?format=pjpg",Conjunto com top nadador com bolso e alta sustentação.,vimm_feed
47929892798702,https://cdn.shopify.com/s/files/1/0667/0961/8926/files/meta-sq-9245937467630-46343693402350.jpg?format=pjpg,"https://cdn.shopify.com/s/files/1/0667/0961/8926/files/meta-sq-add-406d766a87d9.jpg?format=pjpg,https://cdn.shopify.com/s/files/1/0667/0961/8926/files/meta-sq-add-1244014b9cf3.jpg?format=pjpg,https://cdn.shopify.com/s/files/1/0667/0961/8926/files/meta-sq-add-13ac7887bf25.jpg?format=pjpg,https://cdn.shopify.com/s/files/1/0667/0961/8926/files/meta-sq-add-51a302a38dc4.jpg?format=pjpg,https://cdn.shopify.com/s/files/1/0667/0961/8926/files/meta-sq-add-549f0eaf5b37.jpg?format=pjpg",Conjunto com top nadador com bolso e alta sustentação.,vimm_feed
47929892831470,https://cdn.shopify.com/s/files/1/0667/0961/8926/files/meta-sq-9245937467630-46343693402350.jpg?format=pjpg,"https://cdn.shopify.com/s/files/1/0667/0961/8926/files/meta-sq-add-406d766a87d9.jpg?format=pjpg,https://cdn.shopify.com/s/files/1/0667/0961/8926/files/meta-sq-add-1244014b9cf3.jpg?format=pjpg,https://cdn.shopify.com/s/files/1/0667/0961/8926/files/meta-sq-add-13ac7887bf25.jpg?format=pjpg,https://cdn.shopify.com/s/files/1/0667/0961/8926/files/meta-sq-add-51a302a38dc4.jpg?format=pjpg,https://cdn.shopify.com/s/files/1/0667/0961/8926/files/meta-sq-add-549f0eaf5b37.jpg?format=pjpg",Conjunto com top nadador com bolso e alta sustentação.,vimm_feed
47929892864238,https://cdn.shopify.com/s/files/1/0667/0961/8926/files/meta-sq-9245937467630-46343693402350.jpg?format=pjpg,"https://cdn.shopify.com/s/files/1/0667/0961/8926/files/meta-sq-add-406d766a87d9.jpg?format=pjpg,https://cdn.shopify.com/s/files/1/0667/0961/8926/files/meta-sq-add-1244014b9cf3.jpg?format=pjpg,https://cdn.shopify.com/s/files/1/0667/0961/8926/files/meta-sq-add-13ac7887bf25.jpg?format=pjpg,https://cdn.shopify.com/s/files/1/0667/0961/8926/files/meta-sq-add-51a302a38dc4.jpg?format=pjpg,https://cdn.shopify.com/s/files/1/0667/0961/8926/files/meta-sq-add-549f0eaf5b37.jpg?format=pjpg",Conjunto com top nadador com bolso e alta sustentação.,vimm_feed
47929892897006,https://cdn.shopify.com/s/files/1/0667/0961/8926/files/meta-sq-9245937467630-46343693402350.jpg?format=pjpg,"https://cdn.shopify.com/s/files/1/0667/0961/8926/files/meta-sq-add-406d766a87d9.jpg?format=pjpg,https://cdn.shopify.com/s/files/1/0667/0961/8926/files/meta-sq-add-1244014b9cf3.jpg?format=pjpg,https://cdn.shopify.com/s/files/1/0667/0961/8926/files/meta-sq-add-13ac7887bf25.jpg?format=pjpg,https://cdn.shopify.com/s/files/1/0667/0961/8926/files/meta-sq-add-51a302a38dc4.jpg?format=pjpg,https://cdn.shopify.com/s/files/1/0667/0961/8926/files/meta-sq-add-549f0eaf5b37.jpg?format=pjpg",Conjunto com top nadador com bolso e alta sustentação.,vimm_feed
47929892929774,https://cdn.shopify.com/s/files/1/0667/0961/8926/files/meta-sq-9245937467630-46343693402350.jpg?format=pjpg,"https://cdn.shopify.com/s/files/1/0667/0961/8926/files/meta-sq-add-406d766a87d9.jpg?format=pjpg,https://cdn.shopify.com/s/files/1/0667/0961/8926/files/meta-sq-add-1244014b9cf3.jpg?format=pjpg,https://cdn.shopify.com/s/files/1/0667/0961/8926/files/meta-sq-add-13ac7887bf25.jpg?format=pjpg,https://cdn.shopify.com/s/files/1/0667/0961/8926/files/meta-sq-add-51a302a38dc4.jpg?format=pjpg,https://cdn.shopify.com/s/files/1/0667/0961/8926/files/meta-sq-add-549f0eaf5b37.jpg?format=pjpg",Conjunto com top nadador com bolso e alta sustentação.,vimm_feed
47929892962542,https://cdn.shopify.com/s/files/1/0667/0961/8926/files/meta-sq-9245937467630-46343693402350.jpg?format=pjpg,"https://cdn.shopify.com/s/files/1/0667/0961/8926/files/meta-sq-add-406d766a87d9.jpg?format=pjpg,https://cdn.shopify.com/s/files/1/0667/0961/8926/files/meta-sq-add-1244014b9cf3.jpg?format=pjpg,https://cdn.shopify.com/s/files/1/0667/0961/8926/files/meta-sq-add-13ac7887bf25.jpg?format=pjpg,https://cdn.shopify.com/s/files/1/0667/0961/8926/files/meta-sq-add-51a302a38dc4.jpg?format=pjpg,https://cdn.shopify.com/s/files/1/0667/0961/8926/files/meta-sq-add-549f0eaf5b37.jpg?format=pjpg",Conjunto com top nadador com bolso e alta sustentação.,vimm_feed
47929892995310,https://cdn.shopify.com/s/files/1/0667/0961/8926/files/meta-sq-9245937467630-46343693402350.jpg?format=pjpg,"https://cdn.shopify.com/s/files/1/0667/0961/8926/files/meta-sq-add-406d766a87d9.jpg?format=pjpg,https://cdn.shopify.com/s/files/1/0667/0961/8926/files/meta-sq-add-1244014b9cf3.jpg?format=pjpg,https://cdn.shopify.com/s/files/1/0667/0961/8926/files/meta-sq-add-13ac7887bf25.jpg?format=pjpg,https://cdn.shopify.com/s/files/1/0667/0961/8926/files/meta-sq-add-51a302a38dc4.jpg?format=pjpg,https://cdn.shopify.com/s/files/1/0667/0961/8926/files/meta-sq-add-549f0eaf5b37.jpg?format=pjpg",Conjunto com top nadador com bolso e alta sustentação.,vimm_feed
47929893028078,https://cdn.shopify.com/s/files/1/0667/0961/8926/files/meta-sq-9245937467630-46343693402350.jpg?format=pjpg,"https://cdn.shopify.com/s/files/1/0667/0961/8926/files/meta-sq-add-406d766a87d9.jpg?format=pjpg,https://cdn.shopify.com/s/files/1/0667/0961/8926/files/meta-sq-add-1244014b9cf3.jpg?format=pjpg,https://cdn.shopify.com/s/files/1/0667/0961/8926/files/meta-sq-add-13ac7887bf25.jpg?format=pjpg,https://cdn.shopify.com/s/files/1/0667/0961/8926/files/meta-sq-add-51a302a38dc4.jpg?format=pjpg,https://cdn.shopify.com/s/files/1/0667/0961/8926/files/meta-sq-add-549f0eaf5b37.jpg?format=pjpg",Conjunto com top nadador com bolso e alta sustentação.,vimm_feed
47929893060846,https://cdn.shopify.com/s/files/1/0667/0961/8926/files/meta-sq-9245937467630-46343693402350.jpg?format=pjpg,"https://cdn.shopify.com/s/files/1/0667/0961/8926/files/meta-sq-add-406d766a87d9.jpg?format=pjpg,https://cdn.shopify.com/s/files/1/0667/0961/8926/files/meta-sq-add-1244014b9cf3.jpg?format=pjpg,https://cdn.shopify.com/s/files/1/0667/0961/8926/files/meta-sq-add-13ac7887bf25.jpg?format=pjpg,https://cdn.shopify.com/s/files/1/0667/0961/8926/files/meta-sq-add-51a302a38dc4.jpg?format=pjpg,https://cdn.shopify.com/s/files/1/0667/0961/8926/files/meta-sq-add-549f0eaf5b37.jpg?format=pjpg",Conjunto com top nadador com bolso e alta sustentação.,vimm_feed
47929893093614,https://cdn.shopify.com/s/files/1/0667/0961/8926/files/meta-sq-9245937467630-46343693402350.jpg?format=pjpg,"https://cdn.shopify.com/s/files/1/0667/0961/8926/files/meta-sq-add-406d766a87d9.jpg?format=pjpg,https://cdn.shopify.com/s/files/1/0667/0961/8926/files/meta-sq-add-1244014b9cf3.jpg?format=pjpg,https://cdn.shopify.com/s/files/1/0667/0961/8926/files/meta-sq-add-13ac7887bf25.jpg?format=pjpg,https://cdn.shopify.com/s/files/1/0667/0961/8926/files/meta-sq-add-51a302a38dc4.jpg?format=pjpg,https://cdn.shopify.com/s/files/1/0667/0961/8926/files/meta-sq-add-549f0eaf5b37.jpg?format=pjpg",Conjunto com top nadador com bolso e alta sustentação.,vimm_feed
47929893126382,https://cdn.shopify.com/s/files/1/0667/0961/8926/files/meta-sq-9245937467630-46343693402350.jpg?format=pjpg,"https://cdn.shopify.com/s/files/1/0667/0961/8926/files/meta-sq-add-406d766a87d9.jpg?format=pjpg,https://cdn.shopify.com/s/files/1/0667/0961/8926/files/meta-sq-add-1244014b9cf3.jpg?format=pjpg,https://cdn.shopify.com/s/files/1/0667/0961/8926/files/meta-sq-add-13ac7887bf25.jpg?format=pjpg,https://cdn.shopify.com/s/files/1/0667/0961/8926/files/meta-sq-add-51a302a38dc4.jpg?format=pjpg,https://cdn.shopify.com/s/files/1/0667/0961/8926/files/meta-sq-add-549f0eaf5b37.jpg?format=pjpg",Conjunto com top nadador com bolso e alta sustentação.,vimm_feed
47929893159150,https://cdn.shopify.com/s/files/1/0667/0961/8926/files/meta-sq-9245937467630-46343693402350.jpg?format=pjpg,"https://cdn.shopify.com/s/files/1/0667/0961/8926/files/meta-sq-add-406d766a87d9.jpg?format=pjpg,https://cdn.shopify.com/s/files/1/0667/0961/8926/files/meta-sq-add-1244014b9cf3.jpg?format=pjpg,https://cdn.shopify.com/s/files/1/0667/0961/8926/files/meta-sq-add-13ac7887bf25.jpg?format=pjpg,https://cdn.shopify.com/s/files/1/0667/0961/8926/files/meta-sq-add-51a302a38dc4.jpg?format=pjpg,https://cdn.shopify.com/s/files/1/0667/0961/8926/files/meta-sq-add-549f0eaf5b37.jpg?format=pjpg",Conjunto com top nadador com bolso e alta sustentação.,vimm_feed
47929893191918,https://cdn.shopify.com/s/files/1/0667/0961/8926/files/meta-sq-9245937467630-46343693402350.jpg?format=pjpg,"https://cdn.shopify.com/s/files/1/0667/0961/8926/files/meta-sq-add-406d766a87d9.jpg?format=pjpg,https://cdn.shopify.com/s/files/1/0667/0961/8926/files/meta-sq-add-1244014b9cf3.jpg?format=pjpg,https://cdn.shopify.com/s/files/1/0667/0961/8926/files/meta-sq-add-13ac7887bf25.jpg?format=pjpg,https://cdn.shopify.com/s/files/1/0667/0961/8926/files/meta-sq-add-51a302a38dc4.jpg?format=pjpg,https://cdn.shopify.com/s/files/1/0667/0961/8926/files/meta-sq-add-549f0eaf5b37.jpg?format=pjpg",Conjunto com top nadador com bolso e alta sustentação.,vimm_feed
47929853739246,https://cdn.shopify.com/s/files/1/0667/0961/8926/files/meta-sq-9245922754798-47191339466990.jpg?format=pjpg,"https://cdn.shopify.com/s/files/1/0667/0961/8926/files/meta-sq-add-107fa5ea18d0.jpg?format=pjpg,https://cdn.shopify.com/s/files/1/0667/0961/8926/files/meta-sq-add-c21303c1201d.jpg?format=pjpg",Conjunto com top-blusa de alta sustentação e compressão.,vimm_feed
47929853772014,https://cdn.shopify.com/s/files/1/0667/0961/8926/files/meta-sq-9245922754798-47191339466990.jpg?format=pjpg,"https://cdn.shopify.com/s/files/1/0667/0961/8926/files/meta-sq-add-107fa5ea18d0.jpg?format=pjpg,https://cdn.shopify.com/s/files/1/0667/0961/8926/files/meta-sq-add-c21303c1201d.jpg?format=pjpg",Conjunto com top-blusa de alta sustentação e compressão.,vimm_feed
47929853804782,https://cdn.shopify.com/s/files/1/0667/0961/8926/files/meta-sq-9245922754798-47191339466990.jpg?format=pjpg,"https://cdn.shopify.com/s/files/1/0667/0961/8926/files/meta-sq-add-107fa5ea18d0.jpg?format=pjpg,https://cdn.shopify.com/s/files/1/0667/0961/8926/files/meta-sq-add-c21303c1201d.jpg?format=pjpg",Conjunto com top-blusa de alta sustentação e compressão.,vimm_feed
47929853837550,https://cdn.shopify.com/s/files/1/0667/0961/8926/files/meta-sq-9245922754798-47191339466990.jpg?format=pjpg,"https://cdn.shopify.com/s/files/1/0667/0961/8926/files/meta-sq-add-107fa5ea18d0.jpg?format=pjpg,https://cdn.shopify.com/s/files/1/0667/0961/8926/files/meta-sq-add-c21303c1201d.jpg?format=pjpg",Conjunto com top-blusa de alta sustentação e compressão.,vimm_feed
47929853870318,https://cdn.shopify.com/s/files/1/0667/0961/8926/files/meta-sq-9245922754798-47191339466990.jpg?format=pjpg,"https://cdn.shopify.com/s/files/1/0667/0961/8926/files/meta-sq-add-107fa5ea18d0.jpg?format=pjpg,https://cdn.shopify.com/s/files/1/0667/0961/8926/files/meta-sq-add-c21303c1201d.jpg?format=pjpg",Conjunto com top-blusa de alta sustentação e compressão.,vimm_feed
47929853903086,https://cdn.shopify.com/s/files/1/0667/0961/8926/files/meta-sq-9245922754798-47191339466990.jpg?format=pjpg,"https://cdn.shopify.com/s/files/1/0667/0961/8926/files/meta-sq-add-107fa5ea18d0.jpg?format=pjpg,https://cdn.shopify.com/s/files/1/0667/0961/8926/files/meta-sq-add-c21303c1201d.jpg?format=pjpg",Conjunto com top-blusa de alta sustentação e compressão.,vimm_feed
47929853935854,https://cdn.shopify.com/s/files/1/0667/0961/8926/files/meta-sq-9245922754798-47191339466990.jpg?format=pjpg,"https://cdn.shopify.com/s/files/1/0667/0961/8926/files/meta-sq-add-107fa5ea18d0.jpg?format=pjpg,https://cdn.shopify.com/s/files/1/0667/0961/8926/files/meta-sq-add-c21303c1201d.jpg?format=pjpg",Conjunto com top-blusa de alta sustentação e compressão.,vimm_feed
47929853968622,https://cdn.shopify.com/s/files/1/0667/0961/8926/files/meta-sq-9245922754798-47191339466990.jpg?format=pjpg,"https://cdn.shopify.com/s/files/1/0667/0961/8926/files/meta-sq-add-107fa5ea18d0.jpg?format=pjpg,https://cdn.shopify.com/s/files/1/0667/0961/8926/files/meta-sq-add-c21303c1201d.jpg?format=pjpg",Conjunto com top-blusa de alta sustentação e compressão.,vimm_feed
47929854001390,https://cdn.shopify.com/s/files/1/0667/0961/8926/files/meta-sq-9245922754798-47191339466990.jpg?format=pjpg,"https://cdn.shopify.com/s/files/1/0667/0961/8926/files/meta-sq-add-107fa5ea18d0.jpg?format=pjpg,https://cdn.shopify.com/s/files/1/0667/0961/8926/files/meta-sq-add-c21303c1201d.jpg?format=pjpg",Conjunto com top-blusa de alta sustentação e compressão.,vimm_feed
47929854034158,https://cdn.shopify.com/s/files/1/0667/0961/8926/files/meta-sq-9245922754798-47191339466990.jpg?format=pjpg,"https://cdn.shopify.com/s/files/1/0667/0961/8926/files/meta-sq-add-107fa5ea18d0.jpg?format=pjpg,https://cdn.shopify.com/s/files/1/0667/0961/8926/files/meta-sq-add-c21303c1201d.jpg?format=pjpg",Conjunto com top-blusa de alta sustentação e compressão.,vimm_feed
47929854066926,https://cdn.shopify.com/s/files/1/0667/0961/8926/files/meta-sq-9245922754798-47191339466990.jpg?format=pjpg,"https://cdn.shopify.com/s/files/1/0667/0961/8926/files/meta-sq-add-107fa5ea18d0.jpg?format=pjpg,https://cdn.shopify.com/s/files/1/0667/0961/8926/files/meta-sq-add-c21303c1201d.jpg?format=pjpg",Conjunto com top-blusa de alta sustentação e compressão.,vimm_feed
47929854099694,https://cdn.shopify.com/s/files/1/0667/0961/8926/files/meta-sq-9245922754798-47191339466990.jpg?format=pjpg,"https://cdn.shopify.com/s/files/1/0667/0961/8926/files/meta-sq-add-107fa5ea18d0.jpg?format=pjpg,https://cdn.shopify.com/s/files/1/0667/0961/8926/files/meta-sq-add-c21303c1201d.jpg?format=pjpg",Conjunto com top-blusa de alta sustentação e compressão.,vimm_feed
47929854132462,https://cdn.shopify.com/s/files/1/0667/0961/8926/files/meta-sq-9245922754798-47191339466990.jpg?format=pjpg,"https://cdn.shopify.com/s/files/1/0667/0961/8926/files/meta-sq-add-107fa5ea18d0.jpg?format=pjpg,https://cdn.shopify.com/s/files/1/0667/0961/8926/files/meta-sq-add-c21303c1201d.jpg?format=pjpg",Conjunto com top-blusa de alta sustentação e compressão.,vimm_feed
47929854165230,https://cdn.shopify.com/s/files/1/0667/0961/8926/files/meta-sq-9245922754798-47191339466990.jpg?format=pjpg,"https://cdn.shopify.com/s/files/1/0667/0961/8926/files/meta-sq-add-107fa5ea18d0.jpg?format=pjpg,https://cdn.shopify.com/s/files/1/0667/0961/8926/files/meta-sq-add-c21303c1201d.jpg?format=pjpg",Conjunto com top-blusa de alta sustentação e compressão.,vimm_feed
47929854197998,https://cdn.shopify.com/s/files/1/0667/0961/8926/files/meta-sq-9245922754798-47191339466990.jpg?format=pjpg,"https://cdn.shopify.com/s/files/1/0667/0961/8926/files/meta-sq-add-107fa5ea18d0.jpg?format=pjpg,https://cdn.shopify.com/s/files/1/0667/0961/8926/files/meta-sq-add-c21303c1201d.jpg?format=pjpg",Conjunto com top-blusa de alta sustentação e compressão.,vimm_feed
47929854230766,https://cdn.shopify.com/s/files/1/0667/0961/8926/files/meta-sq-9245922754798-47191339466990.jpg?format=pjpg,"https://cdn.shopify.com/s/files/1/0667/0961/8926/files/meta-sq-add-107fa5ea18d0.jpg?format=pjpg,https://cdn.shopify.com/s/files/1/0667/0961/8926/files/meta-sq-add-c21303c1201d.jpg?format=pjpg",Conjunto com top-blusa de alta sustentação e compressão.,vimm_feed
47929854263534,https://cdn.shopify.com/s/files/1/0667/0961/8926/files/meta-sq-9245922754798-47191339466990.jpg?format=pjpg,"https://cdn.shopify.com/s/files/1/0667/0961/8926/files/meta-sq-add-107fa5ea18d0.jpg?format=pjpg,https://cdn.shopify.com/s/files/1/0667/0961/8926/files/meta-sq-add-c21303c1201d.jpg?format=pjpg",Conjunto com top-blusa de alta sustentação e compressão.,vimm_feed
47929854296302,https://cdn.shopify.com/s/files/1/0667/0961/8926/files/meta-sq-9245922754798-47191339466990.jpg?format=pjpg,"https://cdn.shopify.com/s/files/1/0667/0961/8926/files/meta-sq-add-107fa5ea18d0.jpg?format=pjpg,https://cdn.shopify.com/s/files/1/0667/0961/8926/files/meta-sq-add-c21303c1201d.jpg?format=pjpg",Conjunto com top-blusa de alta sustentação e compressão.,vimm_feed
47929854329070,https://cdn.shopify.com/s/files/1/0667/0961/8926/files/meta-sq-9245922754798-47191339466990.jpg?format=pjpg,"https://cdn.shopify.com/s/files/1/0667/0961/8926/files/meta-sq-add-107fa5ea18d0.jpg?format=pjpg,https://cdn.shopify.com/s/files/1/0667/0961/8926/files/meta-sq-add-c21303c1201d.jpg?format=pjpg",Conjunto com top-blusa de alta sustentação e compressão.,vimm_feed
47929854361838,https://cdn.shopify.com/s/files/1/0667/0961/8926/files/meta-sq-9245922754798-47191339466990.jpg?format=pjpg,"https://cdn.shopify.com/s/files/1/0667/0961/8926/files/meta-sq-add-107fa5ea18d0.jpg?format=pjpg,https://cdn.shopify.com/s/files/1/0667/0961/8926/files/meta-sq-add-c21303c1201d.jpg?format=pjpg",Conjunto com top-blusa de alta sustentação e compressão.,vimm_feed
47929854394606,https://cdn.shopify.com/s/files/1/0667/0961/8926/files/meta-sq-9245922754798-47191339466990.jpg?format=pjpg,"https://cdn.shopify.com/s/files/1/0667/0961/8926/files/meta-sq-add-107fa5ea18d0.jpg?format=pjpg,https://cdn.shopify.com/s/files/1/0667/0961/8926/files/meta-sq-add-c21303c1201d.jpg?format=pjpg",Conjunto com top-blusa de alta sustentação e compressão.,vimm_feed
47929854427374,https://cdn.shopify.com/s/files/1/0667/0961/8926/files/meta-sq-9245922754798-47191339466990.jpg?format=pjpg,"https://cdn.shopify.com/s/files/1/0667/0961/8926/files/meta-sq-add-107fa5ea18d0.jpg?format=pjpg,https://cdn.shopify.com/s/files/1/0667/0961/8926/files/meta-sq-add-c21303c1201d.jpg?format=pjpg",Conjunto com top-blusa de alta sustentação e compressão.,vimm_feed
47929854460142,https://cdn.shopify.com/s/files/1/0667/0961/8926/files/meta-sq-9245922754798-47191339466990.jpg?format=pjpg,"https://cdn.shopify.com/s/files/1/0667/0961/8926/files/meta-sq-add-107fa5ea18d0.jpg?format=pjpg,https://cdn.shopify.com/s/files/1/0667/0961/8926/files/meta-sq-add-c21303c1201d.jpg?format=pjpg",Conjunto com top-blusa de alta sustentação e compressão.,vimm_feed
47929854492910,https://cdn.shopify.com/s/files/1/0667/0961/8926/files/meta-sq-9245922754798-47191339466990.jpg?format=pjpg,"https://cdn.shopify.com/s/files/1/0667/0961/8926/files/meta-sq-add-107fa5ea18d0.jpg?format=pjpg,https://cdn.shopify.com/s/files/1/0667/0961/8926/files/meta-sq-add-c21303c1201d.jpg?format=pjpg",Conjunto com top-blusa de alta sustentação e compressão.,vimm_feed
47929854525678,https://cdn.shopify.com/s/files/1/0667/0961/8926/files/meta-sq-9245922754798-47191339466990.jpg?format=pjpg,"https://cdn.shopify.com/s/files/1/0667/0961/8926/files/meta-sq-add-107fa5ea18d0.jpg?format=pjpg,https://cdn.shopify.com/s/files/1/0667/0961/8926/files/meta-sq-add-c21303c1201d.jpg?format=pjpg",Conjunto com top-blusa de alta sustentação e compressão.,vimm_feed
47929854558446,https://cdn.shopify.com/s/files/1/0667/0961/8926/files/meta-sq-9245922754798-47191339466990.jpg?format=pjpg,"https://cdn.shopify.com/s/files/1/0667/0961/8926/files/meta-sq-add-107fa5ea18d0.jpg?format=pjpg,https://cdn.shopify.com/s/files/1/0667/0961/8926/files/meta-sq-add-c21303c1201d.jpg?format=pjpg",Conjunto com top-blusa de alta sustentação e compressão.,vimm_feed
47929854591214,https://cdn.shopify.com/s/files/1/0667/0961/8926/files/meta-sq-9245922754798-47191339466990.jpg?format=pjpg,"https://cdn.shopify.com/s/files/1/0667/0961/8926/files/meta-sq-add-107fa5ea18d0.jpg?format=pjpg,https://cdn.shopify.com/s/files/1/0667/0961/8926/files/meta-sq-add-c21303c1201d.jpg?format=pjpg",Conjunto com top-blusa de alta sustentação e compressão.,vimm_feed
47929854623982,https://cdn.shopify.com/s/files/1/0667/0961/8926/files/meta-sq-9245922754798-47191339466990.jpg?format=pjpg,"https://cdn.shopify.com/s/files/1/0667/0961/8926/files/meta-sq-add-107fa5ea18d0.jpg?format=pjpg,https://cdn.shopify.com/s/files/1/0667/0961/8926/files/meta-sq-add-c21303c1201d.jpg?format=pjpg",Conjunto com top-blusa de alta sustentação e compressão.,vimm_feed
47929825919214,https://cdn.shopify.com/s/files/1/0667/0961/8926/files/meta-sq-9245916791022-46343596998894.jpg?format=pjpg,"https://cdn.shopify.com/s/files/1/0667/0961/8926/files/meta-sq-add-10d315382c16.jpg?format=pjpg,https://cdn.shopify.com/s/files/1/0667/0961/8926/files/meta-sq-add-c79eb90d0214.jpg?format=pjpg,https://cdn.shopify.com/s/files/1/0667/0961/8926/files/meta-sq-add-a500648d916f.jpg?format=pjpg,https://cdn.shopify.com/s/files/1/0667/0961/8926/files/meta-sq-add-c8aa373bc3db.jpg?format=pjpg,https://cdn.shopify.com/s/files/1/0667/0961/8926/files/meta-sq-add-d507da53dc8c.jpg?format=pjpg,https://cdn.shopify.com/s/files/1/0667/0961/8926/files/meta-sq-add-e396f0cd7e83.jpg?format=pjpg",Conjunto com top-blusa de alta sustentação e compressão.,vimm_feed
47929825951982,https://cdn.shopify.com/s/files/1/0667/0961/8926/files/meta-sq-9245916791022-46343596998894.jpg?format=pjpg,"https://cdn.shopify.com/s/files/1/0667/0961/8926/files/meta-sq-add-10d315382c16.jpg?format=pjpg,https://cdn.shopify.com/s/files/1/0667/0961/8926/files/meta-sq-add-c79eb90d0214.jpg?format=pjpg,https://cdn.shopify.com/s/files/1/0667/0961/8926/files/meta-sq-add-a500648d916f.jpg?format=pjpg,https://cdn.shopify.com/s/files/1/0667/0961/8926/files/meta-sq-add-c8aa373bc3db.jpg?format=pjpg,https://cdn.shopify.com/s/files/1/0667/0961/8926/files/meta-sq-add-d507da53dc8c.jpg?format=pjpg,https://cdn.shopify.com/s/files/1/0667/0961/8926/files/meta-sq-add-e396f0cd7e83.jpg?format=pjpg",Conjunto com top-blusa de alta sustentação e compressão.,vimm_feed
47929825984750,https://cdn.shopify.com/s/files/1/0667/0961/8926/files/meta-sq-9245916791022-46343596998894.jpg?format=pjpg,"https://cdn.shopify.com/s/files/1/0667/0961/8926/files/meta-sq-add-10d315382c16.jpg?format=pjpg,https://cdn.shopify.com/s/files/1/0667/0961/8926/files/meta-sq-add-c79eb90d0214.jpg?format=pjpg,https://cdn.shopify.com/s/files/1/0667/0961/8926/files/meta-sq-add-a500648d916f.jpg?format=pjpg,https://cdn.shopify.com/s/files/1/0667/0961/8926/files/meta-sq-add-c8aa373bc3db.jpg?format=pjpg,https://cdn.shopify.com/s/files/1/0667/0961/8926/files/meta-sq-add-d507da53dc8c.jpg?format=pjpg,https://cdn.shopify.com/s/files/1/0667/0961/8926/files/meta-sq-add-e396f0cd7e83.jpg?format=pjpg",Conjunto com top-blusa de alta sustentação e compressão.,vimm_feed
47929826017518,https://cdn.shopify.com/s/files/1/0667/0961/8926/files/meta-sq-9245916791022-46343596998894.jpg?format=pjpg,"https://cdn.shopify.com/s/files/1/0667/0961/8926/files/meta-sq-add-10d315382c16.jpg?format=pjpg,https://cdn.shopify.com/s/files/1/0667/0961/8926/files/meta-sq-add-c79eb90d0214.jpg?format=pjpg,https://cdn.shopify.com/s/files/1/0667/0961/8926/files/meta-sq-add-a500648d916f.jpg?format=pjpg,https://cdn.shopify.com/s/files/1/0667/0961/8926/files/meta-sq-add-c8aa373bc3db.jpg?format=pjpg,https://cdn.shopify.com/s/files/1/0667/0961/8926/files/meta-sq-add-d507da53dc8c.jpg?format=pjpg,https://cdn.shopify.com/s/files/1/0667/0961/8926/files/meta-sq-add-e396f0cd7e83.jpg?format=pjpg",Conjunto com top-blusa de alta sustentação e compressão.,vimm_feed
47929826050286,https://cdn.shopify.com/s/files/1/0667/0961/8926/files/meta-sq-9245916791022-46343596998894.jpg?format=pjpg,"https://cdn.shopify.com/s/files/1/0667/0961/8926/files/meta-sq-add-10d315382c16.jpg?format=pjpg,https://cdn.shopify.com/s/files/1/0667/0961/8926/files/meta-sq-add-c79eb90d0214.jpg?format=pjpg,https://cdn.shopify.com/s/files/1/0667/0961/8926/files/meta-sq-add-a500648d916f.jpg?format=pjpg,https://cdn.shopify.com/s/files/1/0667/0961/8926/files/meta-sq-add-c8aa373bc3db.jpg?format=pjpg,https://cdn.shopify.com/s/files/1/0667/0961/8926/files/meta-sq-add-d507da53dc8c.jpg?format=pjpg,https://cdn.shopify.com/s/files/1/0667/0961/8926/files/meta-sq-add-e396f0cd7e83.jpg?format=pjpg",Conjunto com top-blusa de alta sustentação e compressão.,vimm_feed
47929826083054,https://cdn.shopify.com/s/files/1/0667/0961/8926/files/meta-sq-9245916791022-46343596998894.jpg?format=pjpg,"https://cdn.shopify.com/s/files/1/0667/0961/8926/files/meta-sq-add-10d315382c16.jpg?format=pjpg,https://cdn.shopify.com/s/files/1/0667/0961/8926/files/meta-sq-add-c79eb90d0214.jpg?format=pjpg,https://cdn.shopify.com/s/files/1/0667/0961/8926/files/meta-sq-add-a500648d916f.jpg?format=pjpg,https://cdn.shopify.com/s/files/1/0667/0961/8926/files/meta-sq-add-c8aa373bc3db.jpg?format=pjpg,https://cdn.shopify.com/s/files/1/0667/0961/8926/files/meta-sq-add-d507da53dc8c.jpg?format=pjpg,https://cdn.shopify.com/s/files/1/0667/0961/8926/files/meta-sq-add-e396f0cd7e83.jpg?format=pjpg",Conjunto com top-blusa de alta sustentação e compressão.,vimm_feed
47929826115822,https://cdn.shopify.com/s/files/1/0667/0961/8926/files/meta-sq-9245916791022-46343596998894.jpg?format=pjpg,"https://cdn.shopify.com/s/files/1/0667/0961/8926/files/meta-sq-add-10d315382c16.jpg?format=pjpg,https://cdn.shopify.com/s/files/1/0667/0961/8926/files/meta-sq-add-c79eb90d0214.jpg?format=pjpg,https://cdn.shopify.com/s/files/1/0667/0961/8926/files/meta-sq-add-a500648d916f.jpg?format=pjpg,https://cdn.shopify.com/s/files/1/0667/0961/8926/files/meta-sq-add-c8aa373bc3db.jpg?format=pjpg,https://cdn.shopify.com/s/files/1/0667/0961/8926/files/meta-sq-add-d507da53dc8c.jpg?format=pjpg,https://cdn.shopify.com/s/files/1/0667/0961/8926/files/meta-sq-add-e396f0cd7e83.jpg?format=pjpg",Conjunto com top-blusa de alta sustentação e compressão.,vimm_feed
47929826148590,https://cdn.shopify.com/s/files/1/0667/0961/8926/files/meta-sq-9245916791022-46343596998894.jpg?format=pjpg,"https://cdn.shopify.com/s/files/1/0667/0961/8926/files/meta-sq-add-10d315382c16.jpg?format=pjpg,https://cdn.shopify.com/s/files/1/0667/0961/8926/files/meta-sq-add-c79eb90d0214.jpg?format=pjpg,https://cdn.shopify.com/s/files/1/0667/0961/8926/files/meta-sq-add-a500648d916f.jpg?format=pjpg,https://cdn.shopify.com/s/files/1/0667/0961/8926/files/meta-sq-add-c8aa373bc3db.jpg?format=pjpg,https://cdn.shopify.com/s/files/1/0667/0961/8926/files/meta-sq-add-d507da53dc8c.jpg?format=pjpg,https://cdn.shopify.com/s/files/1/0667/0961/8926/files/meta-sq-add-e396f0cd7e83.jpg?format=pjpg",Conjunto com top-blusa de alta sustentação e compressão.,vimm_feed
47929826181358,https://cdn.shopify.com/s/files/1/0667/0961/8926/files/meta-sq-9245916791022-46343596998894.jpg?format=pjpg,"https://cdn.shopify.com/s/files/1/0667/0961/8926/files/meta-sq-add-10d315382c16.jpg?format=pjpg,https://cdn.shopify.com/s/files/1/0667/0961/8926/files/meta-sq-add-c79eb90d0214.jpg?format=pjpg,https://cdn.shopify.com/s/files/1/0667/0961/8926/files/meta-sq-add-a500648d916f.jpg?format=pjpg,https://cdn.shopify.com/s/files/1/0667/0961/8926/files/meta-sq-add-c8aa373bc3db.jpg?format=pjpg,https://cdn.shopify.com/s/files/1/0667/0961/8926/files/meta-sq-add-d507da53dc8c.jpg?format=pjpg,https://cdn.shopify.com/s/files/1/0667/0961/8926/files/meta-sq-add-e396f0cd7e83.jpg?format=pjpg",Conjunto com top-blusa de alta sustentação e compressão.,vimm_feed
47929826214126,https://cdn.shopify.com/s/files/1/0667/0961/8926/files/meta-sq-9245916791022-46343596998894.jpg?format=pjpg,"https://cdn.shopify.com/s/files/1/0667/0961/8926/files/meta-sq-add-10d315382c16.jpg?format=pjpg,https://cdn.shopify.com/s/files/1/0667/0961/8926/files/meta-sq-add-c79eb90d0214.jpg?format=pjpg,https://cdn.shopify.com/s/files/1/0667/0961/8926/files/meta-sq-add-a500648d916f.jpg?format=pjpg,https://cdn.shopify.com/s/files/1/0667/0961/8926/files/meta-sq-add-c8aa373bc3db.jpg?format=pjpg,https://cdn.shopify.com/s/files/1/0667/0961/8926/files/meta-sq-add-d507da53dc8c.jpg?format=pjpg,https://cdn.shopify.com/s/files/1/0667/0961/8926/files/meta-sq-add-e396f0cd7e83.jpg?format=pjpg",Conjunto com top-blusa de alta sustentação e compressão.,vimm_feed
47929826246894,https://cdn.shopify.com/s/files/1/0667/0961/8926/files/meta-sq-9245916791022-46343596998894.jpg?format=pjpg,"https://cdn.shopify.com/s/files/1/0667/0961/8926/files/meta-sq-add-10d315382c16.jpg?format=pjpg,https://cdn.shopify.com/s/files/1/0667/0961/8926/files/meta-sq-add-c79eb90d0214.jpg?format=pjpg,https://cdn.shopify.com/s/files/1/0667/0961/8926/files/meta-sq-add-a500648d916f.jpg?format=pjpg,https://cdn.shopify.com/s/files/1/0667/0961/8926/files/meta-sq-add-c8aa373bc3db.jpg?format=pjpg,https://cdn.shopify.com/s/files/1/0667/0961/8926/files/meta-sq-add-d507da53dc8c.jpg?format=pjpg,https://cdn.shopify.com/s/files/1/0667/0961/8926/files/meta-sq-add-e396f0cd7e83.jpg?format=pjpg",Conjunto com top-blusa de alta sustentação e compressão.,vimm_feed
47929826279662,https://cdn.shopify.com/s/files/1/0667/0961/8926/files/meta-sq-9245916791022-46343596998894.jpg?format=pjpg,"https://cdn.shopify.com/s/files/1/0667/0961/8926/files/meta-sq-add-10d315382c16.jpg?format=pjpg,https://cdn.shopify.com/s/files/1/0667/0961/8926/files/meta-sq-add-c79eb90d0214.jpg?format=pjpg,https://cdn.shopify.com/s/files/1/0667/0961/8926/files/meta-sq-add-a500648d916f.jpg?format=pjpg,https://cdn.shopify.com/s/files/1/0667/0961/8926/files/meta-sq-add-c8aa373bc3db.jpg?format=pjpg,https://cdn.shopify.com/s/files/1/0667/0961/8926/files/meta-sq-add-d507da53dc8c.jpg?format=pjpg,https://cdn.shopify.com/s/files/1/0667/0961/8926/files/meta-sq-add-e396f0cd7e83.jpg?format=pjpg",Conjunto com top-blusa de alta sustentação e compressão.,vimm_feed
47929826312430,https://cdn.shopify.com/s/files/1/0667/0961/8926/files/meta-sq-9245916791022-46343596998894.jpg?format=pjpg,"https://cdn.shopify.com/s/files/1/0667/0961/8926/files/meta-sq-add-10d315382c16.jpg?format=pjpg,https://cdn.shopify.com/s/files/1/0667/0961/8926/files/meta-sq-add-c79eb90d0214.jpg?format=pjpg,https://cdn.shopify.com/s/files/1/0667/0961/8926/files/meta-sq-add-a500648d916f.jpg?format=pjpg,https://cdn.shopify.com/s/files/1/0667/0961/8926/files/meta-sq-add-c8aa373bc3db.jpg?format=pjpg,https://cdn.shopify.com/s/files/1/0667/0961/8926/files/meta-sq-add-d507da53dc8c.jpg?format=pjpg,https://cdn.shopify.com/s/files/1/0667/0961/8926/files/meta-sq-add-e396f0cd7e83.jpg?format=pjpg",Conjunto com top-blusa de alta sustentação e compressão.,vimm_feed
47929826345198,https://cdn.shopify.com/s/files/1/0667/0961/8926/files/meta-sq-9245916791022-46343596998894.jpg?format=pjpg,"https://cdn.shopify.com/s/files/1/0667/0961/8926/files/meta-sq-add-10d315382c16.jpg?format=pjpg,https://cdn.shopify.com/s/files/1/0667/0961/8926/files/meta-sq-add-c79eb90d0214.jpg?format=pjpg,https://cdn.shopify.com/s/files/1/0667/0961/8926/files/meta-sq-add-a500648d916f.jpg?format=pjpg,https://cdn.shopify.com/s/files/1/0667/0961/8926/files/meta-sq-add-c8aa373bc3db.jpg?format=pjpg,https://cdn.shopify.com/s/files/1/0667/0961/8926/files/meta-sq-add-d507da53dc8c.jpg?format=pjpg,https://cdn.shopify.com/s/files/1/0667/0961/8926/files/meta-sq-add-e396f0cd7e83.jpg?format=pjpg",Conjunto com top-blusa de alta sustentação e compressão.,vimm_feed
47929826377966,https://cdn.shopify.com/s/files/1/0667/0961/8926/files/meta-sq-9245916791022-46343596998894.jpg?format=pjpg,"https://cdn.shopify.com/s/files/1/0667/0961/8926/files/meta-sq-add-10d315382c16.jpg?format=pjpg,https://cdn.shopify.com/s/files/1/0667/0961/8926/files/meta-sq-add-c79eb90d0214.jpg?format=pjpg,https://cdn.shopify.com/s/files/1/0667/0961/8926/files/meta-sq-add-a500648d916f.jpg?format=pjpg,https://cdn.shopify.com/s/files/1/0667/0961/8926/files/meta-sq-add-c8aa373bc3db.jpg?format=pjpg,https://cdn.shopify.com/s/files/1/0667/0961/8926/files/meta-sq-add-d507da53dc8c.jpg?format=pjpg,https://cdn.shopify.com/s/files/1/0667/0961/8926/files/meta-sq-add-e396f0cd7e83.jpg?format=pjpg",Conjunto com top-blusa de alta sustentação e compressão.,vimm_feed
47929826410734,https://cdn.shopify.com/s/files/1/0667/0961/8926/files/meta-sq-9245916791022-46343596998894.jpg?format=pjpg,"https://cdn.shopify.com/s/files/1/0667/0961/8926/files/meta-sq-add-10d315382c16.jpg?format=pjpg,https://cdn.shopify.com/s/files/1/0667/0961/8926/files/meta-sq-add-c79eb90d0214.jpg?format=pjpg,https://cdn.shopify.com/s/files/1/0667/0961/8926/files/meta-sq-add-a500648d916f.jpg?format=pjpg,https://cdn.shopify.com/s/files/1/0667/0961/8926/files/meta-sq-add-c8aa373bc3db.jpg?format=pjpg,https://cdn.shopify.com/s/files/1/0667/0961/8926/files/meta-sq-add-d507da53dc8c.jpg?format=pjpg,https://cdn.shopify.com/s/files/1/0667/0961/8926/files/meta-sq-add-e396f0cd7e83.jpg?format=pjpg",Conjunto com top-blusa de alta sustentação e compressão.,vimm_feed
47929826443502,https://cdn.shopify.com/s/files/1/0667/0961/8926/files/meta-sq-9245916791022-46343596998894.jpg?format=pjpg,"https://cdn.shopify.com/s/files/1/0667/0961/8926/files/meta-sq-add-10d315382c16.jpg?format=pjpg,https://cdn.shopify.com/s/files/1/0667/0961/8926/files/meta-sq-add-c79eb90d0214.jpg?format=pjpg,https://cdn.shopify.com/s/files/1/0667/0961/8926/files/meta-sq-add-a500648d916f.jpg?format=pjpg,https://cdn.shopify.com/s/files/1/0667/0961/8926/files/meta-sq-add-c8aa373bc3db.jpg?format=pjpg,https://cdn.shopify.com/s/files/1/0667/0961/8926/files/meta-sq-add-d507da53dc8c.jpg?format=pjpg,https://cdn.shopify.com/s/files/1/0667/0961/8926/files/meta-sq-add-e396f0cd7e83.jpg?format=pjpg",Conjunto com top-blusa de alta sustentação e compressão.,vimm_feed
47929826476270,https://cdn.shopify.com/s/files/1/0667/0961/8926/files/meta-sq-9245916791022-46343596998894.jpg?format=pjpg,"https://cdn.shopify.com/s/files/1/0667/0961/8926/files/meta-sq-add-10d315382c16.jpg?format=pjpg,https://cdn.shopify.com/s/files/1/0667/0961/8926/files/meta-sq-add-c79eb90d0214.jpg?format=pjpg,https://cdn.shopify.com/s/files/1/0667/0961/8926/files/meta-sq-add-a500648d916f.jpg?format=pjpg,https://cdn.shopify.com/s/files/1/0667/0961/8926/files/meta-sq-add-c8aa373bc3db.jpg?format=pjpg,https://cdn.shopify.com/s/files/1/0667/0961/8926/files/meta-sq-add-d507da53dc8c.jpg?format=pjpg,https://cdn.shopify.com/s/files/1/0667/0961/8926/files/meta-sq-add-e396f0cd7e83.jpg?format=pjpg",Conjunto com top-blusa de alta sustentação e compressão.,vimm_feed
47929826509038,https://cdn.shopify.com/s/files/1/0667/0961/8926/files/meta-sq-9245916791022-46343596998894.jpg?format=pjpg,"https://cdn.shopify.com/s/files/1/0667/0961/8926/files/meta-sq-add-10d315382c16.jpg?format=pjpg,https://cdn.shopify.com/s/files/1/0667/0961/8926/files/meta-sq-add-c79eb90d0214.jpg?format=pjpg,https://cdn.shopify.com/s/files/1/0667/0961/8926/files/meta-sq-add-a500648d916f.jpg?format=pjpg,https://cdn.shopify.com/s/files/1/0667/0961/8926/files/meta-sq-add-c8aa373bc3db.jpg?format=pjpg,https://cdn.shopify.com/s/files/1/0667/0961/8926/files/meta-sq-add-d507da53dc8c.jpg?format=pjpg,https://cdn.shopify.com/s/files/1/0667/0961/8926/files/meta-sq-add-e396f0cd7e83.jpg?format=pjpg",Conjunto com top-blusa de alta sustentação e compressão.,vimm_feed
47929826541806,https://cdn.shopify.com/s/files/1/0667/0961/8926/files/meta-sq-9245916791022-46343596998894.jpg?format=pjpg,"https://cdn.shopify.com/s/files/1/0667/0961/8926/files/meta-sq-add-10d315382c16.jpg?format=pjpg,https://cdn.shopify.com/s/files/1/0667/0961/8926/files/meta-sq-add-c79eb90d0214.jpg?format=pjpg,https://cdn.shopify.com/s/files/1/0667/0961/8926/files/meta-sq-add-a500648d916f.jpg?format=pjpg,https://cdn.shopify.com/s/files/1/0667/0961/8926/files/meta-sq-add-c8aa373bc3db.jpg?format=pjpg,https://cdn.shopify.com/s/files/1/0667/0961/8926/files/meta-sq-add-d507da53dc8c.jpg?format=pjpg,https://cdn.shopify.com/s/files/1/0667/0961/8926/files/meta-sq-add-e396f0cd7e83.jpg?format=pjpg",Conjunto com top-blusa de alta sustentação e compressão.,vimm_feed
47929826574574,https://cdn.shopify.com/s/files/1/0667/0961/8926/files/meta-sq-9245916791022-46343596998894.jpg?format=pjpg,"https://cdn.shopify.com/s/files/1/0667/0961/8926/files/meta-sq-add-10d315382c16.jpg?format=pjpg,https://cdn.shopify.com/s/files/1/0667/0961/8926/files/meta-sq-add-c79eb90d0214.jpg?format=pjpg,https://cdn.shopify.com/s/files/1/0667/0961/8926/files/meta-sq-add-a500648d916f.jpg?format=pjpg,https://cdn.shopify.com/s/files/1/0667/0961/8926/files/meta-sq-add-c8aa373bc3db.jpg?format=pjpg,https://cdn.shopify.com/s/files/1/0667/0961/8926/files/meta-sq-add-d507da53dc8c.jpg?format=pjpg,https://cdn.shopify.com/s/files/1/0667/0961/8926/files/meta-sq-add-e396f0cd7e83.jpg?format=pjpg",Conjunto com top-blusa de alta sustentação e compressão.,vimm_feed
47929826607342,https://cdn.shopify.com/s/files/1/0667/0961/8926/files/meta-sq-9245916791022-46343596998894.jpg?format=pjpg,"https://cdn.shopify.com/s/files/1/0667/0961/8926/files/meta-sq-add-10d315382c16.jpg?format=pjpg,https://cdn.shopify.com/s/files/1/0667/0961/8926/files/meta-sq-add-c79eb90d0214.jpg?format=pjpg,https://cdn.shopify.com/s/files/1/0667/0961/8926/files/meta-sq-add-a500648d916f.jpg?format=pjpg,https://cdn.shopify.com/s/files/1/0667/0961/8926/files/meta-sq-add-c8aa373bc3db.jpg?format=pjpg,https://cdn.shopify.com/s/files/1/0667/0961/8926/files/meta-sq-add-d507da53dc8c.jpg?format=pjpg,https://cdn.shopify.com/s/files/1/0667/0961/8926/files/meta-sq-add-e396f0cd7e83.jpg?format=pjpg",Conjunto com top-blusa de alta sustentação e compressão.,vimm_feed
47929826640110,https://cdn.shopify.com/s/files/1/0667/0961/8926/files/meta-sq-9245916791022-46343596998894.jpg?format=pjpg,"https://cdn.shopify.com/s/files/1/0667/0961/8926/files/meta-sq-add-10d315382c16.jpg?format=pjpg,https://cdn.shopify.com/s/files/1/0667/0961/8926/files/meta-sq-add-c79eb90d0214.jpg?format=pjpg,https://cdn.shopify.com/s/files/1/0667/0961/8926/files/meta-sq-add-a500648d916f.jpg?format=pjpg,https://cdn.shopify.com/s/files/1/0667/0961/8926/files/meta-sq-add-c8aa373bc3db.jpg?format=pjpg,https://cdn.shopify.com/s/files/1/0667/0961/8926/files/meta-sq-add-d507da53dc8c.jpg?format=pjpg,https://cdn.shopify.com/s/files/1/0667/0961/8926/files/meta-sq-add-e396f0cd7e83.jpg?format=pjpg",Conjunto com top-blusa de alta sustentação e compressão.,vimm_feed
47929826672878,https://cdn.shopify.com/s/files/1/0667/0961/8926/files/meta-sq-9245916791022-46343596998894.jpg?format=pjpg,"https://cdn.shopify.com/s/files/1/0667/0961/8926/files/meta-sq-add-10d315382c16.jpg?format=pjpg,https://cdn.shopify.com/s/files/1/0667/0961/8926/files/meta-sq-add-c79eb90d0214.jpg?format=pjpg,https://cdn.shopify.com/s/files/1/0667/0961/8926/files/meta-sq-add-a500648d916f.jpg?format=pjpg,https://cdn.shopify.com/s/files/1/0667/0961/8926/files/meta-sq-add-c8aa373bc3db.jpg?format=pjpg,https://cdn.shopify.com/s/files/1/0667/0961/8926/files/meta-sq-add-d507da53dc8c.jpg?format=pjpg,https://cdn.shopify.com/s/files/1/0667/0961/8926/files/meta-sq-add-e396f0cd7e83.jpg?format=pjpg",Conjunto com top-blusa de alta sustentação e compressão.,vimm_feed
47929826705646,https://cdn.shopify.com/s/files/1/0667/0961/8926/files/meta-sq-9245916791022-46343596998894.jpg?format=pjpg,"https://cdn.shopify.com/s/files/1/0667/0961/8926/files/meta-sq-add-10d315382c16.jpg?format=pjpg,https://cdn.shopify.com/s/files/1/0667/0961/8926/files/meta-sq-add-c79eb90d0214.jpg?format=pjpg,https://cdn.shopify.com/s/files/1/0667/0961/8926/files/meta-sq-add-a500648d916f.jpg?format=pjpg,https://cdn.shopify.com/s/files/1/0667/0961/8926/files/meta-sq-add-c8aa373bc3db.jpg?format=pjpg,https://cdn.shopify.com/s/files/1/0667/0961/8926/files/meta-sq-add-d507da53dc8c.jpg?format=pjpg,https://cdn.shopify.com/s/files/1/0667/0961/8926/files/meta-sq-add-e396f0cd7e83.jpg?format=pjpg",Conjunto com top-blusa de alta sustentação e compressão.,vimm_feed
47929826738414,https://cdn.shopify.com/s/files/1/0667/0961/8926/files/meta-sq-9245916791022-46343596998894.jpg?format=pjpg,"https://cdn.shopify.com/s/files/1/0667/0961/8926/files/meta-sq-add-10d315382c16.jpg?format=pjpg,https://cdn.shopify.com/s/files/1/0667/0961/8926/files/meta-sq-add-c79eb90d0214.jpg?format=pjpg,https://cdn.shopify.com/s/files/1/0667/0961/8926/files/meta-sq-add-a500648d916f.jpg?format=pjpg,https://cdn.shopify.com/s/files/1/0667/0961/8926/files/meta-sq-add-c8aa373bc3db.jpg?format=pjpg,https://cdn.shopify.com/s/files/1/0667/0961/8926/files/meta-sq-add-d507da53dc8c.jpg?format=pjpg,https://cdn.shopify.com/s/files/1/0667/0961/8926/files/meta-sq-add-e396f0cd7e83.jpg?format=pjpg",Conjunto com top-blusa de alta sustentação e compressão.,vimm_feed
47929826771182,https://cdn.shopify.com/s/files/1/0667/0961/8926/files/meta-sq-9245916791022-46343596998894.jpg?format=pjpg,"https://cdn.shopify.com/s/files/1/0667/0961/8926/files/meta-sq-add-10d315382c16.jpg?format=pjpg,https://cdn.shopify.com/s/files/1/0667/0961/8926/files/meta-sq-add-c79eb90d0214.jpg?format=pjpg,https://cdn.shopify.com/s/files/1/0667/0961/8926/files/meta-sq-add-a500648d916f.jpg?format=pjpg,https://cdn.shopify.com/s/files/1/0667/0961/8926/files/meta-sq-add-c8aa373bc3db.jpg?format=pjpg,https://cdn.shopify.com/s/files/1/0667/0961/8926/files/meta-sq-add-d507da53dc8c.jpg?format=pjpg,https://cdn.shopify.com/s/files/1/0667/0961/8926/files/meta-sq-add-e396f0cd7e83.jpg?format=pjpg",Conjunto com top-blusa de alta sustentação e compressão.,vimm_feed
47929826803950,https://cdn.shopify.com/s/files/1/0667/0961/8926/files/meta-sq-9245916791022-46343596998894.jpg?format=pjpg,"https://cdn.shopify.com/s/files/1/0667/0961/8926/files/meta-sq-add-10d315382c16.jpg?format=pjpg,https://cdn.shopify.com/s/files/1/0667/0961/8926/files/meta-sq-add-c79eb90d0214.jpg?format=pjpg,https://cdn.shopify.com/s/files/1/0667/0961/8926/files/meta-sq-add-a500648d916f.jpg?format=pjpg,https://cdn.shopify.com/s/files/1/0667/0961/8926/files/meta-sq-add-c8aa373bc3db.jpg?format=pjpg,https://cdn.shopify.com/s/files/1/0667/0961/8926/files/meta-sq-add-d507da53dc8c.jpg?format=pjpg,https://cdn.shopify.com/s/files/1/0667/0961/8926/files/meta-sq-add-e396f0cd7e83.jpg?format=pjpg",Conjunto com top-blusa de alta sustentação e compressão.,vimm_feed
47902145773806,https://cdn.shopify.com/s/files/1/0667/0961/8926/files/meta-sq-9235903283438-46334224302318.jpg?format=pjpg,https://cdn.shopify.com/s/files/1/0667/0961/8926/files/meta-sq-add-a3a70a7ea32e.jpg?format=pjpg,Top-blusa com 6 bolsos nas costas e alta sustentação.,vimm_feed
47902145806574,https://cdn.shopify.com/s/files/1/0667/0961/8926/files/meta-sq-9235903283438-46334224302318.jpg?format=pjpg,https://cdn.shopify.com/s/files/1/0667/0961/8926/files/meta-sq-add-a3a70a7ea32e.jpg?format=pjpg,Top-blusa com 6 bolsos nas costas e alta sustentação.,vimm_feed
47902145839342,https://cdn.shopify.com/s/files/1/0667/0961/8926/files/meta-sq-9235903283438-46334224302318.jpg?format=pjpg,https://cdn.shopify.com/s/files/1/0667/0961/8926/files/meta-sq-add-a3a70a7ea32e.jpg?format=pjpg,Top-blusa com 6 bolsos nas costas e alta sustentação.,vimm_feed
47902145872110,https://cdn.shopify.com/s/files/1/0667/0961/8926/files/meta-sq-9235903283438-46334224302318.jpg?format=pjpg,https://cdn.shopify.com/s/files/1/0667/0961/8926/files/meta-sq-add-a3a70a7ea32e.jpg?format=pjpg,Top-blusa com 6 bolsos nas costas e alta sustentação.,vimm_feed
47902145904878,https://cdn.shopify.com/s/files/1/0667/0961/8926/files/meta-sq-9235903283438-46334224302318.jpg?format=pjpg,https://cdn.shopify.com/s/files/1/0667/0961/8926/files/meta-sq-add-a3a70a7ea32e.jpg?format=pjpg,Top-blusa com 6 bolsos nas costas e alta sustentação.,vimm_feed
47927561748718,https://cdn.shopify.com/s/files/1/0667/0961/8926/files/meta-sq-9244621209838-46334351900910.jpg?format=pjpg,"https://cdn.shopify.com/s/files/1/0667/0961/8926/files/meta-sq-add-e0aa3419c7f5.jpg?format=pjpg,https://cdn.shopify.com/s/files/1/0667/0961/8926/files/meta-sq-add-2a4b44c862a9.jpg?format=pjpg,https://cdn.shopify.com/s/files/1/0667/0961/8926/files/meta-sq-add-932a7dfb48a9.jpg?format=pjpg",Conjunto com top-blusa de 6 bolsos para treino e prova.,vimm_feed
47927562043630,https://cdn.shopify.com/s/files/1/0667/0961/8926/files/meta-sq-9244621209838-46334351900910.jpg?format=pjpg,"https://cdn.shopify.com/s/files/1/0667/0961/8926/files/meta-sq-add-e0aa3419c7f5.jpg?format=pjpg,https://cdn.shopify.com/s/files/1/0667/0961/8926/files/meta-sq-add-2a4b44c862a9.jpg?format=pjpg,https://cdn.shopify.com/s/files/1/0667/0961/8926/files/meta-sq-add-932a7dfb48a9.jpg?format=pjpg",Conjunto com top-blusa de 6 bolsos para treino e prova.,vimm_feed
47927562076398,https://cdn.shopify.com/s/files/1/0667/0961/8926/files/meta-sq-9244621209838-46334351900910.jpg?format=pjpg,"https://cdn.shopify.com/s/files/1/0667/0961/8926/files/meta-sq-add-e0aa3419c7f5.jpg?format=pjpg,https://cdn.shopify.com/s/files/1/0667/0961/8926/files/meta-sq-add-2a4b44c862a9.jpg?format=pjpg,https://cdn.shopify.com/s/files/1/0667/0961/8926/files/meta-sq-add-932a7dfb48a9.jpg?format=pjpg",Conjunto com top-blusa de 6 bolsos para treino e prova.,vimm_feed
47927562109166,https://cdn.shopify.com/s/files/1/0667/0961/8926/files/meta-sq-9244621209838-46334351900910.jpg?format=pjpg,"https://cdn.shopify.com/s/files/1/0667/0961/8926/files/meta-sq-add-e0aa3419c7f5.jpg?format=pjpg,https://cdn.shopify.com/s/files/1/0667/0961/8926/files/meta-sq-add-2a4b44c862a9.jpg?format=pjpg,https://cdn.shopify.com/s/files/1/0667/0961/8926/files/meta-sq-add-932a7dfb48a9.jpg?format=pjpg",Conjunto com top-blusa de 6 bolsos para treino e prova.,vimm_feed
47927562141934,https://cdn.shopify.com/s/files/1/0667/0961/8926/files/meta-sq-9244621209838-46334351900910.jpg?format=pjpg,"https://cdn.shopify.com/s/files/1/0667/0961/8926/files/meta-sq-add-e0aa3419c7f5.jpg?format=pjpg,https://cdn.shopify.com/s/files/1/0667/0961/8926/files/meta-sq-add-2a4b44c862a9.jpg?format=pjpg,https://cdn.shopify.com/s/files/1/0667/0961/8926/files/meta-sq-add-932a7dfb48a9.jpg?format=pjpg",Conjunto com top-blusa de 6 bolsos para treino e prova.,vimm_feed
47927562174702,https://cdn.shopify.com/s/files/1/0667/0961/8926/files/meta-sq-9244621209838-46334351900910.jpg?format=pjpg,"https://cdn.shopify.com/s/files/1/0667/0961/8926/files/meta-sq-add-e0aa3419c7f5.jpg?format=pjpg,https://cdn.shopify.com/s/files/1/0667/0961/8926/files/meta-sq-add-2a4b44c862a9.jpg?format=pjpg,https://cdn.shopify.com/s/files/1/0667/0961/8926/files/meta-sq-add-932a7dfb48a9.jpg?format=pjpg",Conjunto com top-blusa de 6 bolsos para treino e prova.,vimm_feed
47927561781486,https://cdn.shopify.com/s/files/1/0667/0961/8926/files/meta-sq-9244621209838-46334351900910.jpg?format=pjpg,"https://cdn.shopify.com/s/files/1/0667/0961/8926/files/meta-sq-add-e0aa3419c7f5.jpg?format=pjpg,https://cdn.shopify.com/s/files/1/0667/0961/8926/files/meta-sq-add-2a4b44c862a9.jpg?format=pjpg,https://cdn.shopify.com/s/files/1/0667/0961/8926/files/meta-sq-add-932a7dfb48a9.jpg?format=pjpg",Conjunto com top-blusa de 6 bolsos para treino e prova.,vimm_feed
47927562207470,https://cdn.shopify.com/s/files/1/0667/0961/8926/files/meta-sq-9244621209838-46334351900910.jpg?format=pjpg,"https://cdn.shopify.com/s/files/1/0667/0961/8926/files/meta-sq-add-e0aa3419c7f5.jpg?format=pjpg,https://cdn.shopify.com/s/files/1/0667/0961/8926/files/meta-sq-add-2a4b44c862a9.jpg?format=pjpg,https://cdn.shopify.com/s/files/1/0667/0961/8926/files/meta-sq-add-932a7dfb48a9.jpg?format=pjpg",Conjunto com top-blusa de 6 bolsos para treino e prova.,vimm_feed
47927562240238,https://cdn.shopify.com/s/files/1/0667/0961/8926/files/meta-sq-9244621209838-46334351900910.jpg?format=pjpg,"https://cdn.shopify.com/s/files/1/0667/0961/8926/files/meta-sq-add-e0aa3419c7f5.jpg?format=pjpg,https://cdn.shopify.com/s/files/1/0667/0961/8926/files/meta-sq-add-2a4b44c862a9.jpg?format=pjpg,https://cdn.shopify.com/s/files/1/0667/0961/8926/files/meta-sq-add-932a7dfb48a9.jpg?format=pjpg",Conjunto com top-blusa de 6 bolsos para treino e prova.,vimm_feed
47927562273006,https://cdn.shopify.com/s/files/1/0667/0961/8926/files/meta-sq-9244621209838-46334351900910.jpg?format=pjpg,"https://cdn.shopify.com/s/files/1/0667/0961/8926/files/meta-sq-add-e0aa3419c7f5.jpg?format=pjpg,https://cdn.shopify.com/s/files/1/0667/0961/8926/files/meta-sq-add-2a4b44c862a9.jpg?format=pjpg,https://cdn.shopify.com/s/files/1/0667/0961/8926/files/meta-sq-add-932a7dfb48a9.jpg?format=pjpg",Conjunto com top-blusa de 6 bolsos para treino e prova.,vimm_feed
47927562305774,https://cdn.shopify.com/s/files/1/0667/0961/8926/files/meta-sq-9244621209838-46334351900910.jpg?format=pjpg,"https://cdn.shopify.com/s/files/1/0667/0961/8926/files/meta-sq-add-e0aa3419c7f5.jpg?format=pjpg,https://cdn.shopify.com/s/files/1/0667/0961/8926/files/meta-sq-add-2a4b44c862a9.jpg?format=pjpg,https://cdn.shopify.com/s/files/1/0667/0961/8926/files/meta-sq-add-932a7dfb48a9.jpg?format=pjpg",Conjunto com top-blusa de 6 bolsos para treino e prova.,vimm_feed
47927562338542,https://cdn.shopify.com/s/files/1/0667/0961/8926/files/meta-sq-9244621209838-46334351900910.jpg?format=pjpg,"https://cdn.shopify.com/s/files/1/0667/0961/8926/files/meta-sq-add-e0aa3419c7f5.jpg?format=pjpg,https://cdn.shopify.com/s/files/1/0667/0961/8926/files/meta-sq-add-2a4b44c862a9.jpg?format=pjpg,https://cdn.shopify.com/s/files/1/0667/0961/8926/files/meta-sq-add-932a7dfb48a9.jpg?format=pjpg",Conjunto com top-blusa de 6 bolsos para treino e prova.,vimm_feed
47927561814254,https://cdn.shopify.com/s/files/1/0667/0961/8926/files/meta-sq-9244621209838-46334351900910.jpg?format=pjpg,"https://cdn.shopify.com/s/files/1/0667/0961/8926/files/meta-sq-add-e0aa3419c7f5.jpg?format=pjpg,https://cdn.shopify.com/s/files/1/0667/0961/8926/files/meta-sq-add-2a4b44c862a9.jpg?format=pjpg,https://cdn.shopify.com/s/files/1/0667/0961/8926/files/meta-sq-add-932a7dfb48a9.jpg?format=pjpg",Conjunto com top-blusa de 6 bolsos para treino e prova.,vimm_feed
47927562371310,https://cdn.shopify.com/s/files/1/0667/0961/8926/files/meta-sq-9244621209838-46334351900910.jpg?format=pjpg,"https://cdn.shopify.com/s/files/1/0667/0961/8926/files/meta-sq-add-e0aa3419c7f5.jpg?format=pjpg,https://cdn.shopify.com/s/files/1/0667/0961/8926/files/meta-sq-add-2a4b44c862a9.jpg?format=pjpg,https://cdn.shopify.com/s/files/1/0667/0961/8926/files/meta-sq-add-932a7dfb48a9.jpg?format=pjpg",Conjunto com top-blusa de 6 bolsos para treino e prova.,vimm_feed
47927562404078,https://cdn.shopify.com/s/files/1/0667/0961/8926/files/meta-sq-9244621209838-46334351900910.jpg?format=pjpg,"https://cdn.shopify.com/s/files/1/0667/0961/8926/files/meta-sq-add-e0aa3419c7f5.jpg?format=pjpg,https://cdn.shopify.com/s/files/1/0667/0961/8926/files/meta-sq-add-2a4b44c862a9.jpg?format=pjpg,https://cdn.shopify.com/s/files/1/0667/0961/8926/files/meta-sq-add-932a7dfb48a9.jpg?format=pjpg",Conjunto com top-blusa de 6 bolsos para treino e prova.,vimm_feed
47927562436846,https://cdn.shopify.com/s/files/1/0667/0961/8926/files/meta-sq-9244621209838-46334351900910.jpg?format=pjpg,"https://cdn.shopify.com/s/files/1/0667/0961/8926/files/meta-sq-add-e0aa3419c7f5.jpg?format=pjpg,https://cdn.shopify.com/s/files/1/0667/0961/8926/files/meta-sq-add-2a4b44c862a9.jpg?format=pjpg,https://cdn.shopify.com/s/files/1/0667/0961/8926/files/meta-sq-add-932a7dfb48a9.jpg?format=pjpg",Conjunto com top-blusa de 6 bolsos para treino e prova.,vimm_feed
47927562469614,https://cdn.shopify.com/s/files/1/0667/0961/8926/files/meta-sq-9244621209838-46334351900910.jpg?format=pjpg,"https://cdn.shopify.com/s/files/1/0667/0961/8926/files/meta-sq-add-e0aa3419c7f5.jpg?format=pjpg,https://cdn.shopify.com/s/files/1/0667/0961/8926/files/meta-sq-add-2a4b44c862a9.jpg?format=pjpg,https://cdn.shopify.com/s/files/1/0667/0961/8926/files/meta-sq-add-932a7dfb48a9.jpg?format=pjpg",Conjunto com top-blusa de 6 bolsos para treino e prova.,vimm_feed
47927562502382,https://cdn.shopify.com/s/files/1/0667/0961/8926/files/meta-sq-9244621209838-46334351900910.jpg?format=pjpg,"https://cdn.shopify.com/s/files/1/0667/0961/8926/files/meta-sq-add-e0aa3419c7f5.jpg?format=pjpg,https://cdn.shopify.com/s/files/1/0667/0961/8926/files/meta-sq-add-2a4b44c862a9.jpg?format=pjpg,https://cdn.shopify.com/s/files/1/0667/0961/8926/files/meta-sq-add-932a7dfb48a9.jpg?format=pjpg",Conjunto com top-blusa de 6 bolsos para treino e prova.,vimm_feed
47927561847022,https://cdn.shopify.com/s/files/1/0667/0961/8926/files/meta-sq-9244621209838-46334351900910.jpg?format=pjpg,"https://cdn.shopify.com/s/files/1/0667/0961/8926/files/meta-sq-add-e0aa3419c7f5.jpg?format=pjpg,https://cdn.shopify.com/s/files/1/0667/0961/8926/files/meta-sq-add-2a4b44c862a9.jpg?format=pjpg,https://cdn.shopify.com/s/files/1/0667/0961/8926/files/meta-sq-add-932a7dfb48a9.jpg?format=pjpg",Conjunto com top-blusa de 6 bolsos para treino e prova.,vimm_feed
47927562535150,https://cdn.shopify.com/s/files/1/0667/0961/8926/files/meta-sq-9244621209838-46334351900910.jpg?format=pjpg,"https://cdn.shopify.com/s/files/1/0667/0961/8926/files/meta-sq-add-e0aa3419c7f5.jpg?format=pjpg,https://cdn.shopify.com/s/files/1/0667/0961/8926/files/meta-sq-add-2a4b44c862a9.jpg?format=pjpg,https://cdn.shopify.com/s/files/1/0667/0961/8926/files/meta-sq-add-932a7dfb48a9.jpg?format=pjpg",Conjunto com top-blusa de 6 bolsos para treino e prova.,vimm_feed
47927562567918,https://cdn.shopify.com/s/files/1/0667/0961/8926/files/meta-sq-9244621209838-46334351900910.jpg?format=pjpg,"https://cdn.shopify.com/s/files/1/0667/0961/8926/files/meta-sq-add-e0aa3419c7f5.jpg?format=pjpg,https://cdn.shopify.com/s/files/1/0667/0961/8926/files/meta-sq-add-2a4b44c862a9.jpg?format=pjpg,https://cdn.shopify.com/s/files/1/0667/0961/8926/files/meta-sq-add-932a7dfb48a9.jpg?format=pjpg",Conjunto com top-blusa de 6 bolsos para treino e prova.,vimm_feed
47927562600686,https://cdn.shopify.com/s/files/1/0667/0961/8926/files/meta-sq-9244621209838-46334351900910.jpg?format=pjpg,"https://cdn.shopify.com/s/files/1/0667/0961/8926/files/meta-sq-add-e0aa3419c7f5.jpg?format=pjpg,https://cdn.shopify.com/s/files/1/0667/0961/8926/files/meta-sq-add-2a4b44c862a9.jpg?format=pjpg,https://cdn.shopify.com/s/files/1/0667/0961/8926/files/meta-sq-add-932a7dfb48a9.jpg?format=pjpg",Conjunto com top-blusa de 6 bolsos para treino e prova.,vimm_feed
47927562633454,https://cdn.shopify.com/s/files/1/0667/0961/8926/files/meta-sq-9244621209838-46334351900910.jpg?format=pjpg,"https://cdn.shopify.com/s/files/1/0667/0961/8926/files/meta-sq-add-e0aa3419c7f5.jpg?format=pjpg,https://cdn.shopify.com/s/files/1/0667/0961/8926/files/meta-sq-add-2a4b44c862a9.jpg?format=pjpg,https://cdn.shopify.com/s/files/1/0667/0961/8926/files/meta-sq-add-932a7dfb48a9.jpg?format=pjpg",Conjunto com top-blusa de 6 bolsos para treino e prova.,vimm_feed
47927562666222,https://cdn.shopify.com/s/files/1/0667/0961/8926/files/meta-sq-9244621209838-46334351900910.jpg?format=pjpg,"https://cdn.shopify.com/s/files/1/0667/0961/8926/files/meta-sq-add-e0aa3419c7f5.jpg?format=pjpg,https://cdn.shopify.com/s/files/1/0667/0961/8926/files/meta-sq-add-2a4b44c862a9.jpg?format=pjpg,https://cdn.shopify.com/s/files/1/0667/0961/8926/files/meta-sq-add-932a7dfb48a9.jpg?format=pjpg",Conjunto com top-blusa de 6 bolsos para treino e prova.,vimm_feed
47927552114926,https://cdn.shopify.com/s/files/1/0667/0961/8926/files/meta-sq-9244620390638-46351199600878.jpg?format=pjpg,"https://cdn.shopify.com/s/files/1/0667/0961/8926/files/meta-sq-add-12d6867cbf89.jpg?format=pjpg,https://cdn.shopify.com/s/files/1/0667/0961/8926/files/meta-sq-add-4e99abac0bbb.jpg?format=pjpg,https://cdn.shopify.com/s/files/1/0667/0961/8926/files/meta-sq-add-065ba2f35bcc.jpg?format=pjpg",Conjunto com top-blusa de 6 bolsos para treino e prova.,vimm_feed
47927552147694,https://cdn.shopify.com/s/files/1/0667/0961/8926/files/meta-sq-9244620390638-46351199600878.jpg?format=pjpg,"https://cdn.shopify.com/s/files/1/0667/0961/8926/files/meta-sq-add-12d6867cbf89.jpg?format=pjpg,https://cdn.shopify.com/s/files/1/0667/0961/8926/files/meta-sq-add-4e99abac0bbb.jpg?format=pjpg,https://cdn.shopify.com/s/files/1/0667/0961/8926/files/meta-sq-add-065ba2f35bcc.jpg?format=pjpg",Conjunto com top-blusa de 6 bolsos para treino e prova.,vimm_feed
47927552180462,https://cdn.shopify.com/s/files/1/0667/0961/8926/files/meta-sq-9244620390638-46351199600878.jpg?format=pjpg,"https://cdn.shopify.com/s/files/1/0667/0961/8926/files/meta-sq-add-12d6867cbf89.jpg?format=pjpg,https://cdn.shopify.com/s/files/1/0667/0961/8926/files/meta-sq-add-4e99abac0bbb.jpg?format=pjpg,https://cdn.shopify.com/s/files/1/0667/0961/8926/files/meta-sq-add-065ba2f35bcc.jpg?format=pjpg",Conjunto com top-blusa de 6 bolsos para treino e prova.,vimm_feed
47927552213230,https://cdn.shopify.com/s/files/1/0667/0961/8926/files/meta-sq-9244620390638-46351199600878.jpg?format=pjpg,"https://cdn.shopify.com/s/files/1/0667/0961/8926/files/meta-sq-add-12d6867cbf89.jpg?format=pjpg,https://cdn.shopify.com/s/files/1/0667/0961/8926/files/meta-sq-add-4e99abac0bbb.jpg?format=pjpg,https://cdn.shopify.com/s/files/1/0667/0961/8926/files/meta-sq-add-065ba2f35bcc.jpg?format=pjpg",Conjunto com top-blusa de 6 bolsos para treino e prova.,vimm_feed
47927552245998,https://cdn.shopify.com/s/files/1/0667/0961/8926/files/meta-sq-9244620390638-46351199600878.jpg?format=pjpg,"https://cdn.shopify.com/s/files/1/0667/0961/8926/files/meta-sq-add-12d6867cbf89.jpg?format=pjpg,https://cdn.shopify.com/s/files/1/0667/0961/8926/files/meta-sq-add-4e99abac0bbb.jpg?format=pjpg,https://cdn.shopify.com/s/files/1/0667/0961/8926/files/meta-sq-add-065ba2f35bcc.jpg?format=pjpg",Conjunto com top-blusa de 6 bolsos para treino e prova.,vimm_feed
47927552278766,https://cdn.shopify.com/s/files/1/0667/0961/8926/files/meta-sq-9244620390638-46351199600878.jpg?format=pjpg,"https://cdn.shopify.com/s/files/1/0667/0961/8926/files/meta-sq-add-12d6867cbf89.jpg?format=pjpg,https://cdn.shopify.com/s/files/1/0667/0961/8926/files/meta-sq-add-4e99abac0bbb.jpg?format=pjpg,https://cdn.shopify.com/s/files/1/0667/0961/8926/files/meta-sq-add-065ba2f35bcc.jpg?format=pjpg",Conjunto com top-blusa de 6 bolsos para treino e prova.,vimm_feed
47927552311534,https://cdn.shopify.com/s/files/1/0667/0961/8926/files/meta-sq-9244620390638-46351199600878.jpg?format=pjpg,"https://cdn.shopify.com/s/files/1/0667/0961/8926/files/meta-sq-add-12d6867cbf89.jpg?format=pjpg,https://cdn.shopify.com/s/files/1/0667/0961/8926/files/meta-sq-add-4e99abac0bbb.jpg?format=pjpg,https://cdn.shopify.com/s/files/1/0667/0961/8926/files/meta-sq-add-065ba2f35bcc.jpg?format=pjpg",Conjunto com top-blusa de 6 bolsos para treino e prova.,vimm_feed
47927552344302,https://cdn.shopify.com/s/files/1/0667/0961/8926/files/meta-sq-9244620390638-46351199600878.jpg?format=pjpg,"https://cdn.shopify.com/s/files/1/0667/0961/8926/files/meta-sq-add-12d6867cbf89.jpg?format=pjpg,https://cdn.shopify.com/s/files/1/0667/0961/8926/files/meta-sq-add-4e99abac0bbb.jpg?format=pjpg,https://cdn.shopify.com/s/files/1/0667/0961/8926/files/meta-sq-add-065ba2f35bcc.jpg?format=pjpg",Conjunto com top-blusa de 6 bolsos para treino e prova.,vimm_feed
47927552377070,https://cdn.shopify.com/s/files/1/0667/0961/8926/files/meta-sq-9244620390638-46351199600878.jpg?format=pjpg,"https://cdn.shopify.com/s/files/1/0667/0961/8926/files/meta-sq-add-12d6867cbf89.jpg?format=pjpg,https://cdn.shopify.com/s/files/1/0667/0961/8926/files/meta-sq-add-4e99abac0bbb.jpg?format=pjpg,https://cdn.shopify.com/s/files/1/0667/0961/8926/files/meta-sq-add-065ba2f35bcc.jpg?format=pjpg",Conjunto com top-blusa de 6 bolsos para treino e prova.,vimm_feed
47927552409838,https://cdn.shopify.com/s/files/1/0667/0961/8926/files/meta-sq-9244620390638-46351199600878.jpg?format=pjpg,"https://cdn.shopify.com/s/files/1/0667/0961/8926/files/meta-sq-add-12d6867cbf89.jpg?format=pjpg,https://cdn.shopify.com/s/files/1/0667/0961/8926/files/meta-sq-add-4e99abac0bbb.jpg?format=pjpg,https://cdn.shopify.com/s/files/1/0667/0961/8926/files/meta-sq-add-065ba2f35bcc.jpg?format=pjpg",Conjunto com top-blusa de 6 bolsos para treino e prova.,vimm_feed
47927552442606,https://cdn.shopify.com/s/files/1/0667/0961/8926/files/meta-sq-9244620390638-46351199600878.jpg?format=pjpg,"https://cdn.shopify.com/s/files/1/0667/0961/8926/files/meta-sq-add-12d6867cbf89.jpg?format=pjpg,https://cdn.shopify.com/s/files/1/0667/0961/8926/files/meta-sq-add-4e99abac0bbb.jpg?format=pjpg,https://cdn.shopify.com/s/files/1/0667/0961/8926/files/meta-sq-add-065ba2f35bcc.jpg?format=pjpg",Conjunto com top-blusa de 6 bolsos para treino e prova.,vimm_feed
47927552475374,https://cdn.shopify.com/s/files/1/0667/0961/8926/files/meta-sq-9244620390638-46351199600878.jpg?format=pjpg,"https://cdn.shopify.com/s/files/1/0667/0961/8926/files/meta-sq-add-12d6867cbf89.jpg?format=pjpg,https://cdn.shopify.com/s/files/1/0667/0961/8926/files/meta-sq-add-4e99abac0bbb.jpg?format=pjpg,https://cdn.shopify.com/s/files/1/0667/0961/8926/files/meta-sq-add-065ba2f35bcc.jpg?format=pjpg",Conjunto com top-blusa de 6 bolsos para treino e prova.,vimm_feed
47927552508142,https://cdn.shopify.com/s/files/1/0667/0961/8926/files/meta-sq-9244620390638-46351199600878.jpg?format=pjpg,"https://cdn.shopify.com/s/files/1/0667/0961/8926/files/meta-sq-add-12d6867cbf89.jpg?format=pjpg,https://cdn.shopify.com/s/files/1/0667/0961/8926/files/meta-sq-add-4e99abac0bbb.jpg?format=pjpg,https://cdn.shopify.com/s/files/1/0667/0961/8926/files/meta-sq-add-065ba2f35bcc.jpg?format=pjpg",Conjunto com top-blusa de 6 bolsos para treino e prova.,vimm_feed
47927552540910,https://cdn.shopify.com/s/files/1/0667/0961/8926/files/meta-sq-9244620390638-46351199600878.jpg?format=pjpg,"https://cdn.shopify.com/s/files/1/0667/0961/8926/files/meta-sq-add-12d6867cbf89.jpg?format=pjpg,https://cdn.shopify.com/s/files/1/0667/0961/8926/files/meta-sq-add-4e99abac0bbb.jpg?format=pjpg,https://cdn.shopify.com/s/files/1/0667/0961/8926/files/meta-sq-add-065ba2f35bcc.jpg?format=pjpg",Conjunto com top-blusa de 6 bolsos para treino e prova.,vimm_feed
47927552573678,https://cdn.shopify.com/s/files/1/0667/0961/8926/files/meta-sq-9244620390638-46351199600878.jpg?format=pjpg,"https://cdn.shopify.com/s/files/1/0667/0961/8926/files/meta-sq-add-12d6867cbf89.jpg?format=pjpg,https://cdn.shopify.com/s/files/1/0667/0961/8926/files/meta-sq-add-4e99abac0bbb.jpg?format=pjpg,https://cdn.shopify.com/s/files/1/0667/0961/8926/files/meta-sq-add-065ba2f35bcc.jpg?format=pjpg",Conjunto com top-blusa de 6 bolsos para treino e prova.,vimm_feed
47927552606446,https://cdn.shopify.com/s/files/1/0667/0961/8926/files/meta-sq-9244620390638-46351199600878.jpg?format=pjpg,"https://cdn.shopify.com/s/files/1/0667/0961/8926/files/meta-sq-add-12d6867cbf89.jpg?format=pjpg,https://cdn.shopify.com/s/files/1/0667/0961/8926/files/meta-sq-add-4e99abac0bbb.jpg?format=pjpg,https://cdn.shopify.com/s/files/1/0667/0961/8926/files/meta-sq-add-065ba2f35bcc.jpg?format=pjpg",Conjunto com top-blusa de 6 bolsos para treino e prova.,vimm_feed
47927552639214,https://cdn.shopify.com/s/files/1/0667/0961/8926/files/meta-sq-9244620390638-46351199600878.jpg?format=pjpg,"https://cdn.shopify.com/s/files/1/0667/0961/8926/files/meta-sq-add-12d6867cbf89.jpg?format=pjpg,https://cdn.shopify.com/s/files/1/0667/0961/8926/files/meta-sq-add-4e99abac0bbb.jpg?format=pjpg,https://cdn.shopify.com/s/files/1/0667/0961/8926/files/meta-sq-add-065ba2f35bcc.jpg?format=pjpg",Conjunto com top-blusa de 6 bolsos para treino e prova.,vimm_feed
47927552671982,https://cdn.shopify.com/s/files/1/0667/0961/8926/files/meta-sq-9244620390638-46351199600878.jpg?format=pjpg,"https://cdn.shopify.com/s/files/1/0667/0961/8926/files/meta-sq-add-12d6867cbf89.jpg?format=pjpg,https://cdn.shopify.com/s/files/1/0667/0961/8926/files/meta-sq-add-4e99abac0bbb.jpg?format=pjpg,https://cdn.shopify.com/s/files/1/0667/0961/8926/files/meta-sq-add-065ba2f35bcc.jpg?format=pjpg",Conjunto com top-blusa de 6 bolsos para treino e prova.,vimm_feed
47927552704750,https://cdn.shopify.com/s/files/1/0667/0961/8926/files/meta-sq-9244620390638-46351199600878.jpg?format=pjpg,"https://cdn.shopify.com/s/files/1/0667/0961/8926/files/meta-sq-add-12d6867cbf89.jpg?format=pjpg,https://cdn.shopify.com/s/files/1/0667/0961/8926/files/meta-sq-add-4e99abac0bbb.jpg?format=pjpg,https://cdn.shopify.com/s/files/1/0667/0961/8926/files/meta-sq-add-065ba2f35bcc.jpg?format=pjpg",Conjunto com top-blusa de 6 bolsos para treino e prova.,vimm_feed
47927552737518,https://cdn.shopify.com/s/files/1/0667/0961/8926/files/meta-sq-9244620390638-46351199600878.jpg?format=pjpg,"https://cdn.shopify.com/s/files/1/0667/0961/8926/files/meta-sq-add-12d6867cbf89.jpg?format=pjpg,https://cdn.shopify.com/s/files/1/0667/0961/8926/files/meta-sq-add-4e99abac0bbb.jpg?format=pjpg,https://cdn.shopify.com/s/files/1/0667/0961/8926/files/meta-sq-add-065ba2f35bcc.jpg?format=pjpg",Conjunto com top-blusa de 6 bolsos para treino e prova.,vimm_feed
47927552770286,https://cdn.shopify.com/s/files/1/0667/0961/8926/files/meta-sq-9244620390638-46351199600878.jpg?format=pjpg,"https://cdn.shopify.com/s/files/1/0667/0961/8926/files/meta-sq-add-12d6867cbf89.jpg?format=pjpg,https://cdn.shopify.com/s/files/1/0667/0961/8926/files/meta-sq-add-4e99abac0bbb.jpg?format=pjpg,https://cdn.shopify.com/s/files/1/0667/0961/8926/files/meta-sq-add-065ba2f35bcc.jpg?format=pjpg",Conjunto com top-blusa de 6 bolsos para treino e prova.,vimm_feed
47927552803054,https://cdn.shopify.com/s/files/1/0667/0961/8926/files/meta-sq-9244620390638-46351199600878.jpg?format=pjpg,"https://cdn.shopify.com/s/files/1/0667/0961/8926/files/meta-sq-add-12d6867cbf89.jpg?format=pjpg,https://cdn.shopify.com/s/files/1/0667/0961/8926/files/meta-sq-add-4e99abac0bbb.jpg?format=pjpg,https://cdn.shopify.com/s/files/1/0667/0961/8926/files/meta-sq-add-065ba2f35bcc.jpg?format=pjpg",Conjunto com top-blusa de 6 bolsos para treino e prova.,vimm_feed
47927552835822,https://cdn.shopify.com/s/files/1/0667/0961/8926/files/meta-sq-9244620390638-46351199600878.jpg?format=pjpg,"https://cdn.shopify.com/s/files/1/0667/0961/8926/files/meta-sq-add-12d6867cbf89.jpg?format=pjpg,https://cdn.shopify.com/s/files/1/0667/0961/8926/files/meta-sq-add-4e99abac0bbb.jpg?format=pjpg,https://cdn.shopify.com/s/files/1/0667/0961/8926/files/meta-sq-add-065ba2f35bcc.jpg?format=pjpg",Conjunto com top-blusa de 6 bolsos para treino e prova.,vimm_feed
47927552868590,https://cdn.shopify.com/s/files/1/0667/0961/8926/files/meta-sq-9244620390638-46351199600878.jpg?format=pjpg,"https://cdn.shopify.com/s/files/1/0667/0961/8926/files/meta-sq-add-12d6867cbf89.jpg?format=pjpg,https://cdn.shopify.com/s/files/1/0667/0961/8926/files/meta-sq-add-4e99abac0bbb.jpg?format=pjpg,https://cdn.shopify.com/s/files/1/0667/0961/8926/files/meta-sq-add-065ba2f35bcc.jpg?format=pjpg",Conjunto com top-blusa de 6 bolsos para treino e prova.,vimm_feed
47927552901358,https://cdn.shopify.com/s/files/1/0667/0961/8926/files/meta-sq-9244620390638-46351199600878.jpg?format=pjpg,"https://cdn.shopify.com/s/files/1/0667/0961/8926/files/meta-sq-add-12d6867cbf89.jpg?format=pjpg,https://cdn.shopify.com/s/files/1/0667/0961/8926/files/meta-sq-add-4e99abac0bbb.jpg?format=pjpg,https://cdn.shopify.com/s/files/1/0667/0961/8926/files/meta-sq-add-065ba2f35bcc.jpg?format=pjpg",Conjunto com top-blusa de 6 bolsos para treino e prova.,vimm_feed
47927552934126,https://cdn.shopify.com/s/files/1/0667/0961/8926/files/meta-sq-9244620390638-46351199600878.jpg?format=pjpg,"https://cdn.shopify.com/s/files/1/0667/0961/8926/files/meta-sq-add-12d6867cbf89.jpg?format=pjpg,https://cdn.shopify.com/s/files/1/0667/0961/8926/files/meta-sq-add-4e99abac0bbb.jpg?format=pjpg,https://cdn.shopify.com/s/files/1/0667/0961/8926/files/meta-sq-add-065ba2f35bcc.jpg?format=pjpg",Conjunto com top-blusa de 6 bolsos para treino e prova.,vimm_feed
47927552966894,https://cdn.shopify.com/s/files/1/0667/0961/8926/files/meta-sq-9244620390638-46351199600878.jpg?format=pjpg,"https://cdn.shopify.com/s/files/1/0667/0961/8926/files/meta-sq-add-12d6867cbf89.jpg?format=pjpg,https://cdn.shopify.com/s/files/1/0667/0961/8926/files/meta-sq-add-4e99abac0bbb.jpg?format=pjpg,https://cdn.shopify.com/s/files/1/0667/0961/8926/files/meta-sq-add-065ba2f35bcc.jpg?format=pjpg",Conjunto com top-blusa de 6 bolsos para treino e prova.,vimm_feed
47927552999662,https://cdn.shopify.com/s/files/1/0667/0961/8926/files/meta-sq-9244620390638-46351199600878.jpg?format=pjpg,"https://cdn.shopify.com/s/files/1/0667/0961/8926/files/meta-sq-add-12d6867cbf89.jpg?format=pjpg,https://cdn.shopify.com/s/files/1/0667/0961/8926/files/meta-sq-add-4e99abac0bbb.jpg?format=pjpg,https://cdn.shopify.com/s/files/1/0667/0961/8926/files/meta-sq-add-065ba2f35bcc.jpg?format=pjpg",Conjunto com top-blusa de 6 bolsos para treino e prova.,vimm_feed
47927553032430,https://cdn.shopify.com/s/files/1/0667/0961/8926/files/meta-sq-9244620390638-46351199600878.jpg?format=pjpg,"https://cdn.shopify.com/s/files/1/0667/0961/8926/files/meta-sq-add-12d6867cbf89.jpg?format=pjpg,https://cdn.shopify.com/s/files/1/0667/0961/8926/files/meta-sq-add-4e99abac0bbb.jpg?format=pjpg,https://cdn.shopify.com/s/files/1/0667/0961/8926/files/meta-sq-add-065ba2f35bcc.jpg?format=pjpg",Conjunto com top-blusa de 6 bolsos para treino e prova.,vimm_feed
47927553065198,https://cdn.shopify.com/s/files/1/0667/0961/8926/files/meta-sq-9244620390638-46351199600878.jpg?format=pjpg,"https://cdn.shopify.com/s/files/1/0667/0961/8926/files/meta-sq-add-12d6867cbf89.jpg?format=pjpg,https://cdn.shopify.com/s/files/1/0667/0961/8926/files/meta-sq-add-4e99abac0bbb.jpg?format=pjpg,https://cdn.shopify.com/s/files/1/0667/0961/8926/files/meta-sq-add-065ba2f35bcc.jpg?format=pjpg",Conjunto com top-blusa de 6 bolsos para treino e prova.,vimm_feed
47927553097966,https://cdn.shopify.com/s/files/1/0667/0961/8926/files/meta-sq-9244620390638-46351199600878.jpg?format=pjpg,"https://cdn.shopify.com/s/files/1/0667/0961/8926/files/meta-sq-add-12d6867cbf89.jpg?format=pjpg,https://cdn.shopify.com/s/files/1/0667/0961/8926/files/meta-sq-add-4e99abac0bbb.jpg?format=pjpg,https://cdn.shopify.com/s/files/1/0667/0961/8926/files/meta-sq-add-065ba2f35bcc.jpg?format=pjpg",Conjunto com top-blusa de 6 bolsos para treino e prova.,vimm_feed
47927553130734,https://cdn.shopify.com/s/files/1/0667/0961/8926/files/meta-sq-9244620390638-46351199600878.jpg?format=pjpg,"https://cdn.shopify.com/s/files/1/0667/0961/8926/files/meta-sq-add-12d6867cbf89.jpg?format=pjpg,https://cdn.shopify.com/s/files/1/0667/0961/8926/files/meta-sq-add-4e99abac0bbb.jpg?format=pjpg,https://cdn.shopify.com/s/files/1/0667/0961/8926/files/meta-sq-add-065ba2f35bcc.jpg?format=pjpg",Conjunto com top-blusa de 6 bolsos para treino e prova.,vimm_feed
47927553163502,https://cdn.shopify.com/s/files/1/0667/0961/8926/files/meta-sq-9244620390638-46351199600878.jpg?format=pjpg,"https://cdn.shopify.com/s/files/1/0667/0961/8926/files/meta-sq-add-12d6867cbf89.jpg?format=pjpg,https://cdn.shopify.com/s/files/1/0667/0961/8926/files/meta-sq-add-4e99abac0bbb.jpg?format=pjpg,https://cdn.shopify.com/s/files/1/0667/0961/8926/files/meta-sq-add-065ba2f35bcc.jpg?format=pjpg",Conjunto com top-blusa de 6 bolsos para treino e prova.,vimm_feed
47927553196270,https://cdn.shopify.com/s/files/1/0667/0961/8926/files/meta-sq-9244620390638-46351199600878.jpg?format=pjpg,"https://cdn.shopify.com/s/files/1/0667/0961/8926/files/meta-sq-add-12d6867cbf89.jpg?format=pjpg,https://cdn.shopify.com/s/files/1/0667/0961/8926/files/meta-sq-add-4e99abac0bbb.jpg?format=pjpg,https://cdn.shopify.com/s/files/1/0667/0961/8926/files/meta-sq-add-065ba2f35bcc.jpg?format=pjpg",Conjunto com top-blusa de 6 bolsos para treino e prova.,vimm_feed
47927553229038,https://cdn.shopify.com/s/files/1/0667/0961/8926/files/meta-sq-9244620390638-46351199600878.jpg?format=pjpg,"https://cdn.shopify.com/s/files/1/0667/0961/8926/files/meta-sq-add-12d6867cbf89.jpg?format=pjpg,https://cdn.shopify.com/s/files/1/0667/0961/8926/files/meta-sq-add-4e99abac0bbb.jpg?format=pjpg,https://cdn.shopify.com/s/files/1/0667/0961/8926/files/meta-sq-add-065ba2f35bcc.jpg?format=pjpg",Conjunto com top-blusa de 6 bolsos para treino e prova.,vimm_feed
47927540875502,https://cdn.shopify.com/s/files/1/0667/0961/8926/files/meta-sq-9244617867502-47191339729134.jpg?format=pjpg,"https://cdn.shopify.com/s/files/1/0667/0961/8926/files/meta-sq-add-fa1f31d9a3f8.jpg?format=pjpg,https://cdn.shopify.com/s/files/1/0667/0961/8926/files/meta-sq-add-8e93b5d03d2b.jpg?format=pjpg,https://cdn.shopify.com/s/files/1/0667/0961/8926/files/meta-sq-add-53efcb93c74f.jpg?format=pjpg",Conjunto com top-blusa de 6 bolsos para treino e prova.,vimm_feed
47927540908270,https://cdn.shopify.com/s/files/1/0667/0961/8926/files/meta-sq-9244617867502-47191339729134.jpg?format=pjpg,"https://cdn.shopify.com/s/files/1/0667/0961/8926/files/meta-sq-add-fa1f31d9a3f8.jpg?format=pjpg,https://cdn.shopify.com/s/files/1/0667/0961/8926/files/meta-sq-add-8e93b5d03d2b.jpg?format=pjpg,https://cdn.shopify.com/s/files/1/0667/0961/8926/files/meta-sq-add-53efcb93c74f.jpg?format=pjpg",Conjunto com top-blusa de 6 bolsos para treino e prova.,vimm_feed
47927540941038,https://cdn.shopify.com/s/files/1/0667/0961/8926/files/meta-sq-9244617867502-47191339729134.jpg?format=pjpg,"https://cdn.shopify.com/s/files/1/0667/0961/8926/files/meta-sq-add-fa1f31d9a3f8.jpg?format=pjpg,https://cdn.shopify.com/s/files/1/0667/0961/8926/files/meta-sq-add-8e93b5d03d2b.jpg?format=pjpg,https://cdn.shopify.com/s/files/1/0667/0961/8926/files/meta-sq-add-53efcb93c74f.jpg?format=pjpg",Conjunto com top-blusa de 6 bolsos para treino e prova.,vimm_feed
47927540973806,https://cdn.shopify.com/s/files/1/0667/0961/8926/files/meta-sq-9244617867502-47191339729134.jpg?format=pjpg,"https://cdn.shopify.com/s/files/1/0667/0961/8926/files/meta-sq-add-fa1f31d9a3f8.jpg?format=pjpg,https://cdn.shopify.com/s/files/1/0667/0961/8926/files/meta-sq-add-8e93b5d03d2b.jpg?format=pjpg,https://cdn.shopify.com/s/files/1/0667/0961/8926/files/meta-sq-add-53efcb93c74f.jpg?format=pjpg",Conjunto com top-blusa de 6 bolsos para treino e prova.,vimm_feed
47927541006574,https://cdn.shopify.com/s/files/1/0667/0961/8926/files/meta-sq-9244617867502-47191339729134.jpg?format=pjpg,"https://cdn.shopify.com/s/files/1/0667/0961/8926/files/meta-sq-add-fa1f31d9a3f8.jpg?format=pjpg,https://cdn.shopify.com/s/files/1/0667/0961/8926/files/meta-sq-add-8e93b5d03d2b.jpg?format=pjpg,https://cdn.shopify.com/s/files/1/0667/0961/8926/files/meta-sq-add-53efcb93c74f.jpg?format=pjpg",Conjunto com top-blusa de 6 bolsos para treino e prova.,vimm_feed
47927541039342,https://cdn.shopify.com/s/files/1/0667/0961/8926/files/meta-sq-9244617867502-47191339729134.jpg?format=pjpg,"https://cdn.shopify.com/s/files/1/0667/0961/8926/files/meta-sq-add-fa1f31d9a3f8.jpg?format=pjpg,https://cdn.shopify.com/s/files/1/0667/0961/8926/files/meta-sq-add-8e93b5d03d2b.jpg?format=pjpg,https://cdn.shopify.com/s/files/1/0667/0961/8926/files/meta-sq-add-53efcb93c74f.jpg?format=pjpg",Conjunto com top-blusa de 6 bolsos para treino e prova.,vimm_feed
47927541072110,https://cdn.shopify.com/s/files/1/0667/0961/8926/files/meta-sq-9244617867502-47191339729134.jpg?format=pjpg,"https://cdn.shopify.com/s/files/1/0667/0961/8926/files/meta-sq-add-fa1f31d9a3f8.jpg?format=pjpg,https://cdn.shopify.com/s/files/1/0667/0961/8926/files/meta-sq-add-8e93b5d03d2b.jpg?format=pjpg,https://cdn.shopify.com/s/files/1/0667/0961/8926/files/meta-sq-add-53efcb93c74f.jpg?format=pjpg",Conjunto com top-blusa de 6 bolsos para treino e prova.,vimm_feed
47927541104878,https://cdn.shopify.com/s/files/1/0667/0961/8926/files/meta-sq-9244617867502-47191339729134.jpg?format=pjpg,"https://cdn.shopify.com/s/files/1/0667/0961/8926/files/meta-sq-add-fa1f31d9a3f8.jpg?format=pjpg,https://cdn.shopify.com/s/files/1/0667/0961/8926/files/meta-sq-add-8e93b5d03d2b.jpg?format=pjpg,https://cdn.shopify.com/s/files/1/0667/0961/8926/files/meta-sq-add-53efcb93c74f.jpg?format=pjpg",Conjunto com top-blusa de 6 bolsos para treino e prova.,vimm_feed
47927541137646,https://cdn.shopify.com/s/files/1/0667/0961/8926/files/meta-sq-9244617867502-47191339729134.jpg?format=pjpg,"https://cdn.shopify.com/s/files/1/0667/0961/8926/files/meta-sq-add-fa1f31d9a3f8.jpg?format=pjpg,https://cdn.shopify.com/s/files/1/0667/0961/8926/files/meta-sq-add-8e93b5d03d2b.jpg?format=pjpg,https://cdn.shopify.com/s/files/1/0667/0961/8926/files/meta-sq-add-53efcb93c74f.jpg?format=pjpg",Conjunto com top-blusa de 6 bolsos para treino e prova.,vimm_feed
47927541170414,https://cdn.shopify.com/s/files/1/0667/0961/8926/files/meta-sq-9244617867502-47191339729134.jpg?format=pjpg,"https://cdn.shopify.com/s/files/1/0667/0961/8926/files/meta-sq-add-fa1f31d9a3f8.jpg?format=pjpg,https://cdn.shopify.com/s/files/1/0667/0961/8926/files/meta-sq-add-8e93b5d03d2b.jpg?format=pjpg,https://cdn.shopify.com/s/files/1/0667/0961/8926/files/meta-sq-add-53efcb93c74f.jpg?format=pjpg",Conjunto com top-blusa de 6 bolsos para treino e prova.,vimm_feed
47927541203182,https://cdn.shopify.com/s/files/1/0667/0961/8926/files/meta-sq-9244617867502-47191339729134.jpg?format=pjpg,"https://cdn.shopify.com/s/files/1/0667/0961/8926/files/meta-sq-add-fa1f31d9a3f8.jpg?format=pjpg,https://cdn.shopify.com/s/files/1/0667/0961/8926/files/meta-sq-add-8e93b5d03d2b.jpg?format=pjpg,https://cdn.shopify.com/s/files/1/0667/0961/8926/files/meta-sq-add-53efcb93c74f.jpg?format=pjpg",Conjunto com top-blusa de 6 bolsos para treino e prova.,vimm_feed
47927541235950,https://cdn.shopify.com/s/files/1/0667/0961/8926/files/meta-sq-9244617867502-47191339729134.jpg?format=pjpg,"https://cdn.shopify.com/s/files/1/0667/0961/8926/files/meta-sq-add-fa1f31d9a3f8.jpg?format=pjpg,https://cdn.shopify.com/s/files/1/0667/0961/8926/files/meta-sq-add-8e93b5d03d2b.jpg?format=pjpg,https://cdn.shopify.com/s/files/1/0667/0961/8926/files/meta-sq-add-53efcb93c74f.jpg?format=pjpg",Conjunto com top-blusa de 6 bolsos para treino e prova.,vimm_feed
47927541268718,https://cdn.shopify.com/s/files/1/0667/0961/8926/files/meta-sq-9244617867502-47191339729134.jpg?format=pjpg,"https://cdn.shopify.com/s/files/1/0667/0961/8926/files/meta-sq-add-fa1f31d9a3f8.jpg?format=pjpg,https://cdn.shopify.com/s/files/1/0667/0961/8926/files/meta-sq-add-8e93b5d03d2b.jpg?format=pjpg,https://cdn.shopify.com/s/files/1/0667/0961/8926/files/meta-sq-add-53efcb93c74f.jpg?format=pjpg",Conjunto com top-blusa de 6 bolsos para treino e prova.,vimm_feed
47927541301486,https://cdn.shopify.com/s/files/1/0667/0961/8926/files/meta-sq-9244617867502-47191339729134.jpg?format=pjpg,"https://cdn.shopify.com/s/files/1/0667/0961/8926/files/meta-sq-add-fa1f31d9a3f8.jpg?format=pjpg,https://cdn.shopify.com/s/files/1/0667/0961/8926/files/meta-sq-add-8e93b5d03d2b.jpg?format=pjpg,https://cdn.shopify.com/s/files/1/0667/0961/8926/files/meta-sq-add-53efcb93c74f.jpg?format=pjpg",Conjunto com top-blusa de 6 bolsos para treino e prova.,vimm_feed
47927541334254,https://cdn.shopify.com/s/files/1/0667/0961/8926/files/meta-sq-9244617867502-47191339729134.jpg?format=pjpg,"https://cdn.shopify.com/s/files/1/0667/0961/8926/files/meta-sq-add-fa1f31d9a3f8.jpg?format=pjpg,https://cdn.shopify.com/s/files/1/0667/0961/8926/files/meta-sq-add-8e93b5d03d2b.jpg?format=pjpg,https://cdn.shopify.com/s/files/1/0667/0961/8926/files/meta-sq-add-53efcb93c74f.jpg?format=pjpg",Conjunto com top-blusa de 6 bolsos para treino e prova.,vimm_feed
47927541367022,https://cdn.shopify.com/s/files/1/0667/0961/8926/files/meta-sq-9244617867502-47191339729134.jpg?format=pjpg,"https://cdn.shopify.com/s/files/1/0667/0961/8926/files/meta-sq-add-fa1f31d9a3f8.jpg?format=pjpg,https://cdn.shopify.com/s/files/1/0667/0961/8926/files/meta-sq-add-8e93b5d03d2b.jpg?format=pjpg,https://cdn.shopify.com/s/files/1/0667/0961/8926/files/meta-sq-add-53efcb93c74f.jpg?format=pjpg",Conjunto com top-blusa de 6 bolsos para treino e prova.,vimm_feed
47927541399790,https://cdn.shopify.com/s/files/1/0667/0961/8926/files/meta-sq-9244617867502-47191339729134.jpg?format=pjpg,"https://cdn.shopify.com/s/files/1/0667/0961/8926/files/meta-sq-add-fa1f31d9a3f8.jpg?format=pjpg,https://cdn.shopify.com/s/files/1/0667/0961/8926/files/meta-sq-add-8e93b5d03d2b.jpg?format=pjpg,https://cdn.shopify.com/s/files/1/0667/0961/8926/files/meta-sq-add-53efcb93c74f.jpg?format=pjpg",Conjunto com top-blusa de 6 bolsos para treino e prova.,vimm_feed
47927541432558,https://cdn.shopify.com/s/files/1/0667/0961/8926/files/meta-sq-9244617867502-47191339729134.jpg?format=pjpg,"https://cdn.shopify.com/s/files/1/0667/0961/8926/files/meta-sq-add-fa1f31d9a3f8.jpg?format=pjpg,https://cdn.shopify.com/s/files/1/0667/0961/8926/files/meta-sq-add-8e93b5d03d2b.jpg?format=pjpg,https://cdn.shopify.com/s/files/1/0667/0961/8926/files/meta-sq-add-53efcb93c74f.jpg?format=pjpg",Conjunto com top-blusa de 6 bolsos para treino e prova.,vimm_feed
47927541465326,https://cdn.shopify.com/s/files/1/0667/0961/8926/files/meta-sq-9244617867502-47191339729134.jpg?format=pjpg,"https://cdn.shopify.com/s/files/1/0667/0961/8926/files/meta-sq-add-fa1f31d9a3f8.jpg?format=pjpg,https://cdn.shopify.com/s/files/1/0667/0961/8926/files/meta-sq-add-8e93b5d03d2b.jpg?format=pjpg,https://cdn.shopify.com/s/files/1/0667/0961/8926/files/meta-sq-add-53efcb93c74f.jpg?format=pjpg",Conjunto com top-blusa de 6 bolsos para treino e prova.,vimm_feed
47927541498094,https://cdn.shopify.com/s/files/1/0667/0961/8926/files/meta-sq-9244617867502-47191339729134.jpg?format=pjpg,"https://cdn.shopify.com/s/files/1/0667/0961/8926/files/meta-sq-add-fa1f31d9a3f8.jpg?format=pjpg,https://cdn.shopify.com/s/files/1/0667/0961/8926/files/meta-sq-add-8e93b5d03d2b.jpg?format=pjpg,https://cdn.shopify.com/s/files/1/0667/0961/8926/files/meta-sq-add-53efcb93c74f.jpg?format=pjpg",Conjunto com top-blusa de 6 bolsos para treino e prova.,vimm_feed
47927541530862,https://cdn.shopify.com/s/files/1/0667/0961/8926/files/meta-sq-9244617867502-47191339729134.jpg?format=pjpg,"https://cdn.shopify.com/s/files/1/0667/0961/8926/files/meta-sq-add-fa1f31d9a3f8.jpg?format=pjpg,https://cdn.shopify.com/s/files/1/0667/0961/8926/files/meta-sq-add-8e93b5d03d2b.jpg?format=pjpg,https://cdn.shopify.com/s/files/1/0667/0961/8926/files/meta-sq-add-53efcb93c74f.jpg?format=pjpg",Conjunto com top-blusa de 6 bolsos para treino e prova.,vimm_feed
47927541563630,https://cdn.shopify.com/s/files/1/0667/0961/8926/files/meta-sq-9244617867502-47191339729134.jpg?format=pjpg,"https://cdn.shopify.com/s/files/1/0667/0961/8926/files/meta-sq-add-fa1f31d9a3f8.jpg?format=pjpg,https://cdn.shopify.com/s/files/1/0667/0961/8926/files/meta-sq-add-8e93b5d03d2b.jpg?format=pjpg,https://cdn.shopify.com/s/files/1/0667/0961/8926/files/meta-sq-add-53efcb93c74f.jpg?format=pjpg",Conjunto com top-blusa de 6 bolsos para treino e prova.,vimm_feed
47927541596398,https://cdn.shopify.com/s/files/1/0667/0961/8926/files/meta-sq-9244617867502-47191339729134.jpg?format=pjpg,"https://cdn.shopify.com/s/files/1/0667/0961/8926/files/meta-sq-add-fa1f31d9a3f8.jpg?format=pjpg,https://cdn.shopify.com/s/files/1/0667/0961/8926/files/meta-sq-add-8e93b5d03d2b.jpg?format=pjpg,https://cdn.shopify.com/s/files/1/0667/0961/8926/files/meta-sq-add-53efcb93c74f.jpg?format=pjpg",Conjunto com top-blusa de 6 bolsos para treino e prova.,vimm_feed
47927541629166,https://cdn.shopify.com/s/files/1/0667/0961/8926/files/meta-sq-9244617867502-47191339729134.jpg?format=pjpg,"https://cdn.shopify.com/s/files/1/0667/0961/8926/files/meta-sq-add-fa1f31d9a3f8.jpg?format=pjpg,https://cdn.shopify.com/s/files/1/0667/0961/8926/files/meta-sq-add-8e93b5d03d2b.jpg?format=pjpg,https://cdn.shopify.com/s/files/1/0667/0961/8926/files/meta-sq-add-53efcb93c74f.jpg?format=pjpg",Conjunto com top-blusa de 6 bolsos para treino e prova.,vimm_feed
47927541661934,https://cdn.shopify.com/s/files/1/0667/0961/8926/files/meta-sq-9244617867502-47191339729134.jpg?format=pjpg,"https://cdn.shopify.com/s/files/1/0667/0961/8926/files/meta-sq-add-fa1f31d9a3f8.jpg?format=pjpg,https://cdn.shopify.com/s/files/1/0667/0961/8926/files/meta-sq-add-8e93b5d03d2b.jpg?format=pjpg,https://cdn.shopify.com/s/files/1/0667/0961/8926/files/meta-sq-add-53efcb93c74f.jpg?format=pjpg",Conjunto com top-blusa de 6 bolsos para treino e prova.,vimm_feed
47927541694702,https://cdn.shopify.com/s/files/1/0667/0961/8926/files/meta-sq-9244617867502-47191339729134.jpg?format=pjpg,"https://cdn.shopify.com/s/files/1/0667/0961/8926/files/meta-sq-add-fa1f31d9a3f8.jpg?format=pjpg,https://cdn.shopify.com/s/files/1/0667/0961/8926/files/meta-sq-add-8e93b5d03d2b.jpg?format=pjpg,https://cdn.shopify.com/s/files/1/0667/0961/8926/files/meta-sq-add-53efcb93c74f.jpg?format=pjpg",Conjunto com top-blusa de 6 bolsos para treino e prova.,vimm_feed
47927541727470,https://cdn.shopify.com/s/files/1/0667/0961/8926/files/meta-sq-9244617867502-47191339729134.jpg?format=pjpg,"https://cdn.shopify.com/s/files/1/0667/0961/8926/files/meta-sq-add-fa1f31d9a3f8.jpg?format=pjpg,https://cdn.shopify.com/s/files/1/0667/0961/8926/files/meta-sq-add-8e93b5d03d2b.jpg?format=pjpg,https://cdn.shopify.com/s/files/1/0667/0961/8926/files/meta-sq-add-53efcb93c74f.jpg?format=pjpg",Conjunto com top-blusa de 6 bolsos para treino e prova.,vimm_feed
47927541760238,https://cdn.shopify.com/s/files/1/0667/0961/8926/files/meta-sq-9244617867502-47191339729134.jpg?format=pjpg,"https://cdn.shopify.com/s/files/1/0667/0961/8926/files/meta-sq-add-fa1f31d9a3f8.jpg?format=pjpg,https://cdn.shopify.com/s/files/1/0667/0961/8926/files/meta-sq-add-8e93b5d03d2b.jpg?format=pjpg,https://cdn.shopify.com/s/files/1/0667/0961/8926/files/meta-sq-add-53efcb93c74f.jpg?format=pjpg",Conjunto com top-blusa de 6 bolsos para treino e prova.,vimm_feed
47927541793006,https://cdn.shopify.com/s/files/1/0667/0961/8926/files/meta-sq-9244617867502-47191339729134.jpg?format=pjpg,"https://cdn.shopify.com/s/files/1/0667/0961/8926/files/meta-sq-add-fa1f31d9a3f8.jpg?format=pjpg,https://cdn.shopify.com/s/files/1/0667/0961/8926/files/meta-sq-add-8e93b5d03d2b.jpg?format=pjpg,https://cdn.shopify.com/s/files/1/0667/0961/8926/files/meta-sq-add-53efcb93c74f.jpg?format=pjpg",Conjunto com top-blusa de 6 bolsos para treino e prova.,vimm_feed
47927541825774,https://cdn.shopify.com/s/files/1/0667/0961/8926/files/meta-sq-9244617867502-47191339729134.jpg?format=pjpg,"https://cdn.shopify.com/s/files/1/0667/0961/8926/files/meta-sq-add-fa1f31d9a3f8.jpg?format=pjpg,https://cdn.shopify.com/s/files/1/0667/0961/8926/files/meta-sq-add-8e93b5d03d2b.jpg?format=pjpg,https://cdn.shopify.com/s/files/1/0667/0961/8926/files/meta-sq-add-53efcb93c74f.jpg?format=pjpg",Conjunto com top-blusa de 6 bolsos para treino e prova.,vimm_feed
47927541858542,https://cdn.shopify.com/s/files/1/0667/0961/8926/files/meta-sq-9244617867502-47191339729134.jpg?format=pjpg,"https://cdn.shopify.com/s/files/1/0667/0961/8926/files/meta-sq-add-fa1f31d9a3f8.jpg?format=pjpg,https://cdn.shopify.com/s/files/1/0667/0961/8926/files/meta-sq-add-8e93b5d03d2b.jpg?format=pjpg,https://cdn.shopify.com/s/files/1/0667/0961/8926/files/meta-sq-add-53efcb93c74f.jpg?format=pjpg",Conjunto com top-blusa de 6 bolsos para treino e prova.,vimm_feed
47927541891310,https://cdn.shopify.com/s/files/1/0667/0961/8926/files/meta-sq-9244617867502-47191339729134.jpg?format=pjpg,"https://cdn.shopify.com/s/files/1/0667/0961/8926/files/meta-sq-add-fa1f31d9a3f8.jpg?format=pjpg,https://cdn.shopify.com/s/files/1/0667/0961/8926/files/meta-sq-add-8e93b5d03d2b.jpg?format=pjpg,https://cdn.shopify.com/s/files/1/0667/0961/8926/files/meta-sq-add-53efcb93c74f.jpg?format=pjpg",Conjunto com top-blusa de 6 bolsos para treino e prova.,vimm_feed
47927541924078,https://cdn.shopify.com/s/files/1/0667/0961/8926/files/meta-sq-9244617867502-47191339729134.jpg?format=pjpg,"https://cdn.shopify.com/s/files/1/0667/0961/8926/files/meta-sq-add-fa1f31d9a3f8.jpg?format=pjpg,https://cdn.shopify.com/s/files/1/0667/0961/8926/files/meta-sq-add-8e93b5d03d2b.jpg?format=pjpg,https://cdn.shopify.com/s/files/1/0667/0961/8926/files/meta-sq-add-53efcb93c74f.jpg?format=pjpg",Conjunto com top-blusa de 6 bolsos para treino e prova.,vimm_feed
47927541956846,https://cdn.shopify.com/s/files/1/0667/0961/8926/files/meta-sq-9244617867502-47191339729134.jpg?format=pjpg,"https://cdn.shopify.com/s/files/1/0667/0961/8926/files/meta-sq-add-fa1f31d9a3f8.jpg?format=pjpg,https://cdn.shopify.com/s/files/1/0667/0961/8926/files/meta-sq-add-8e93b5d03d2b.jpg?format=pjpg,https://cdn.shopify.com/s/files/1/0667/0961/8926/files/meta-sq-add-53efcb93c74f.jpg?format=pjpg",Conjunto com top-blusa de 6 bolsos para treino e prova.,vimm_feed
47927541989614,https://cdn.shopify.com/s/files/1/0667/0961/8926/files/meta-sq-9244617867502-47191339729134.jpg?format=pjpg,"https://cdn.shopify.com/s/files/1/0667/0961/8926/files/meta-sq-add-fa1f31d9a3f8.jpg?format=pjpg,https://cdn.shopify.com/s/files/1/0667/0961/8926/files/meta-sq-add-8e93b5d03d2b.jpg?format=pjpg,https://cdn.shopify.com/s/files/1/0667/0961/8926/files/meta-sq-add-53efcb93c74f.jpg?format=pjpg",Conjunto com top-blusa de 6 bolsos para treino e prova.,vimm_feed
47927528390894,https://cdn.shopify.com/s/files/1/0667/0961/8926/files/meta-sq-9244616392942-46335775998190.jpg?format=pjpg,"https://cdn.shopify.com/s/files/1/0667/0961/8926/files/meta-sq-add-c1caed6fb7d9.jpg?format=pjpg,https://cdn.shopify.com/s/files/1/0667/0961/8926/files/meta-sq-add-004e2046d89d.jpg?format=pjpg",Conjunto com top-blusa de 6 bolsos para treino e prova.,vimm_feed
47927528423662,https://cdn.shopify.com/s/files/1/0667/0961/8926/files/meta-sq-9244616392942-46335775998190.jpg?format=pjpg,"https://cdn.shopify.com/s/files/1/0667/0961/8926/files/meta-sq-add-c1caed6fb7d9.jpg?format=pjpg,https://cdn.shopify.com/s/files/1/0667/0961/8926/files/meta-sq-add-004e2046d89d.jpg?format=pjpg",Conjunto com top-blusa de 6 bolsos para treino e prova.,vimm_feed
47927528456430,https://cdn.shopify.com/s/files/1/0667/0961/8926/files/meta-sq-9244616392942-46335775998190.jpg?format=pjpg,"https://cdn.shopify.com/s/files/1/0667/0961/8926/files/meta-sq-add-c1caed6fb7d9.jpg?format=pjpg,https://cdn.shopify.com/s/files/1/0667/0961/8926/files/meta-sq-add-004e2046d89d.jpg?format=pjpg",Conjunto com top-blusa de 6 bolsos para treino e prova.,vimm_feed
47927528489198,https://cdn.shopify.com/s/files/1/0667/0961/8926/files/meta-sq-9244616392942-46335775998190.jpg?format=pjpg,"https://cdn.shopify.com/s/files/1/0667/0961/8926/files/meta-sq-add-c1caed6fb7d9.jpg?format=pjpg,https://cdn.shopify.com/s/files/1/0667/0961/8926/files/meta-sq-add-004e2046d89d.jpg?format=pjpg",Conjunto com top-blusa de 6 bolsos para treino e prova.,vimm_feed
47927528521966,https://cdn.shopify.com/s/files/1/0667/0961/8926/files/meta-sq-9244616392942-46335775998190.jpg?format=pjpg,"https://cdn.shopify.com/s/files/1/0667/0961/8926/files/meta-sq-add-c1caed6fb7d9.jpg?format=pjpg,https://cdn.shopify.com/s/files/1/0667/0961/8926/files/meta-sq-add-004e2046d89d.jpg?format=pjpg",Conjunto com top-blusa de 6 bolsos para treino e prova.,vimm_feed
47927528554734,https://cdn.shopify.com/s/files/1/0667/0961/8926/files/meta-sq-9244616392942-46335775998190.jpg?format=pjpg,"https://cdn.shopify.com/s/files/1/0667/0961/8926/files/meta-sq-add-c1caed6fb7d9.jpg?format=pjpg,https://cdn.shopify.com/s/files/1/0667/0961/8926/files/meta-sq-add-004e2046d89d.jpg?format=pjpg",Conjunto com top-blusa de 6 bolsos para treino e prova.,vimm_feed
47927528587502,https://cdn.shopify.com/s/files/1/0667/0961/8926/files/meta-sq-9244616392942-46335775998190.jpg?format=pjpg,"https://cdn.shopify.com/s/files/1/0667/0961/8926/files/meta-sq-add-c1caed6fb7d9.jpg?format=pjpg,https://cdn.shopify.com/s/files/1/0667/0961/8926/files/meta-sq-add-004e2046d89d.jpg?format=pjpg",Conjunto com top-blusa de 6 bolsos para treino e prova.,vimm_feed
47927528620270,https://cdn.shopify.com/s/files/1/0667/0961/8926/files/meta-sq-9244616392942-46335775998190.jpg?format=pjpg,"https://cdn.shopify.com/s/files/1/0667/0961/8926/files/meta-sq-add-c1caed6fb7d9.jpg?format=pjpg,https://cdn.shopify.com/s/files/1/0667/0961/8926/files/meta-sq-add-004e2046d89d.jpg?format=pjpg",Conjunto com top-blusa de 6 bolsos para treino e prova.,vimm_feed
47927528653038,https://cdn.shopify.com/s/files/1/0667/0961/8926/files/meta-sq-9244616392942-46335775998190.jpg?format=pjpg,"https://cdn.shopify.com/s/files/1/0667/0961/8926/files/meta-sq-add-c1caed6fb7d9.jpg?format=pjpg,https://cdn.shopify.com/s/files/1/0667/0961/8926/files/meta-sq-add-004e2046d89d.jpg?format=pjpg",Conjunto com top-blusa de 6 bolsos para treino e prova.,vimm_feed
47927528685806,https://cdn.shopify.com/s/files/1/0667/0961/8926/files/meta-sq-9244616392942-46335775998190.jpg?format=pjpg,"https://cdn.shopify.com/s/files/1/0667/0961/8926/files/meta-sq-add-c1caed6fb7d9.jpg?format=pjpg,https://cdn.shopify.com/s/files/1/0667/0961/8926/files/meta-sq-add-004e2046d89d.jpg?format=pjpg",Conjunto com top-blusa de 6 bolsos para treino e prova.,vimm_feed
47927528718574,https://cdn.shopify.com/s/files/1/0667/0961/8926/files/meta-sq-9244616392942-46335775998190.jpg?format=pjpg,"https://cdn.shopify.com/s/files/1/0667/0961/8926/files/meta-sq-add-c1caed6fb7d9.jpg?format=pjpg,https://cdn.shopify.com/s/files/1/0667/0961/8926/files/meta-sq-add-004e2046d89d.jpg?format=pjpg",Conjunto com top-blusa de 6 bolsos para treino e prova.,vimm_feed
47927528751342,https://cdn.shopify.com/s/files/1/0667/0961/8926/files/meta-sq-9244616392942-46335775998190.jpg?format=pjpg,"https://cdn.shopify.com/s/files/1/0667/0961/8926/files/meta-sq-add-c1caed6fb7d9.jpg?format=pjpg,https://cdn.shopify.com/s/files/1/0667/0961/8926/files/meta-sq-add-004e2046d89d.jpg?format=pjpg",Conjunto com top-blusa de 6 bolsos para treino e prova.,vimm_feed
47927528784110,https://cdn.shopify.com/s/files/1/0667/0961/8926/files/meta-sq-9244616392942-46335775998190.jpg?format=pjpg,"https://cdn.shopify.com/s/files/1/0667/0961/8926/files/meta-sq-add-c1caed6fb7d9.jpg?format=pjpg,https://cdn.shopify.com/s/files/1/0667/0961/8926/files/meta-sq-add-004e2046d89d.jpg?format=pjpg",Conjunto com top-blusa de 6 bolsos para treino e prova.,vimm_feed
47927528816878,https://cdn.shopify.com/s/files/1/0667/0961/8926/files/meta-sq-9244616392942-46335775998190.jpg?format=pjpg,"https://cdn.shopify.com/s/files/1/0667/0961/8926/files/meta-sq-add-c1caed6fb7d9.jpg?format=pjpg,https://cdn.shopify.com/s/files/1/0667/0961/8926/files/meta-sq-add-004e2046d89d.jpg?format=pjpg",Conjunto com top-blusa de 6 bolsos para treino e prova.,vimm_feed
47927528849646,https://cdn.shopify.com/s/files/1/0667/0961/8926/files/meta-sq-9244616392942-46335775998190.jpg?format=pjpg,"https://cdn.shopify.com/s/files/1/0667/0961/8926/files/meta-sq-add-c1caed6fb7d9.jpg?format=pjpg,https://cdn.shopify.com/s/files/1/0667/0961/8926/files/meta-sq-add-004e2046d89d.jpg?format=pjpg",Conjunto com top-blusa de 6 bolsos para treino e prova.,vimm_feed
47927528882414,https://cdn.shopify.com/s/files/1/0667/0961/8926/files/meta-sq-9244616392942-46335775998190.jpg?format=pjpg,"https://cdn.shopify.com/s/files/1/0667/0961/8926/files/meta-sq-add-c1caed6fb7d9.jpg?format=pjpg,https://cdn.shopify.com/s/files/1/0667/0961/8926/files/meta-sq-add-004e2046d89d.jpg?format=pjpg",Conjunto com top-blusa de 6 bolsos para treino e prova.,vimm_feed
47927528915182,https://cdn.shopify.com/s/files/1/0667/0961/8926/files/meta-sq-9244616392942-46335775998190.jpg?format=pjpg,"https://cdn.shopify.com/s/files/1/0667/0961/8926/files/meta-sq-add-c1caed6fb7d9.jpg?format=pjpg,https://cdn.shopify.com/s/files/1/0667/0961/8926/files/meta-sq-add-004e2046d89d.jpg?format=pjpg",Conjunto com top-blusa de 6 bolsos para treino e prova.,vimm_feed
47927528947950,https://cdn.shopify.com/s/files/1/0667/0961/8926/files/meta-sq-9244616392942-46335775998190.jpg?format=pjpg,"https://cdn.shopify.com/s/files/1/0667/0961/8926/files/meta-sq-add-c1caed6fb7d9.jpg?format=pjpg,https://cdn.shopify.com/s/files/1/0667/0961/8926/files/meta-sq-add-004e2046d89d.jpg?format=pjpg",Conjunto com top-blusa de 6 bolsos para treino e prova.,vimm_feed
47927528980718,https://cdn.shopify.com/s/files/1/0667/0961/8926/files/meta-sq-9244616392942-46335775998190.jpg?format=pjpg,"https://cdn.shopify.com/s/files/1/0667/0961/8926/files/meta-sq-add-c1caed6fb7d9.jpg?format=pjpg,https://cdn.shopify.com/s/files/1/0667/0961/8926/files/meta-sq-add-004e2046d89d.jpg?format=pjpg",Conjunto com top-blusa de 6 bolsos para treino e prova.,vimm_feed
47927529013486,https://cdn.shopify.com/s/files/1/0667/0961/8926/files/meta-sq-9244616392942-46335775998190.jpg?format=pjpg,"https://cdn.shopify.com/s/files/1/0667/0961/8926/files/meta-sq-add-c1caed6fb7d9.jpg?format=pjpg,https://cdn.shopify.com/s/files/1/0667/0961/8926/files/meta-sq-add-004e2046d89d.jpg?format=pjpg",Conjunto com top-blusa de 6 bolsos para treino e prova.,vimm_feed
47927529046254,https://cdn.shopify.com/s/files/1/0667/0961/8926/files/meta-sq-9244616392942-46335775998190.jpg?format=pjpg,"https://cdn.shopify.com/s/files/1/0667/0961/8926/files/meta-sq-add-c1caed6fb7d9.jpg?format=pjpg,https://cdn.shopify.com/s/files/1/0667/0961/8926/files/meta-sq-add-004e2046d89d.jpg?format=pjpg",Conjunto com top-blusa de 6 bolsos para treino e prova.,vimm_feed
47927529079022,https://cdn.shopify.com/s/files/1/0667/0961/8926/files/meta-sq-9244616392942-46335775998190.jpg?format=pjpg,"https://cdn.shopify.com/s/files/1/0667/0961/8926/files/meta-sq-add-c1caed6fb7d9.jpg?format=pjpg,https://cdn.shopify.com/s/files/1/0667/0961/8926/files/meta-sq-add-004e2046d89d.jpg?format=pjpg",Conjunto com top-blusa de 6 bolsos para treino e prova.,vimm_feed
47927529111790,https://cdn.shopify.com/s/files/1/0667/0961/8926/files/meta-sq-9244616392942-46335775998190.jpg?format=pjpg,"https://cdn.shopify.com/s/files/1/0667/0961/8926/files/meta-sq-add-c1caed6fb7d9.jpg?format=pjpg,https://cdn.shopify.com/s/files/1/0667/0961/8926/files/meta-sq-add-004e2046d89d.jpg?format=pjpg",Conjunto com top-blusa de 6 bolsos para treino e prova.,vimm_feed
47927529144558,https://cdn.shopify.com/s/files/1/0667/0961/8926/files/meta-sq-9244616392942-46335775998190.jpg?format=pjpg,"https://cdn.shopify.com/s/files/1/0667/0961/8926/files/meta-sq-add-c1caed6fb7d9.jpg?format=pjpg,https://cdn.shopify.com/s/files/1/0667/0961/8926/files/meta-sq-add-004e2046d89d.jpg?format=pjpg",Conjunto com top-blusa de 6 bolsos para treino e prova.,vimm_feed
47927529177326,https://cdn.shopify.com/s/files/1/0667/0961/8926/files/meta-sq-9244616392942-46335775998190.jpg?format=pjpg,"https://cdn.shopify.com/s/files/1/0667/0961/8926/files/meta-sq-add-c1caed6fb7d9.jpg?format=pjpg,https://cdn.shopify.com/s/files/1/0667/0961/8926/files/meta-sq-add-004e2046d89d.jpg?format=pjpg",Conjunto com top-blusa de 6 bolsos para treino e prova.,vimm_feed
47927529210094,https://cdn.shopify.com/s/files/1/0667/0961/8926/files/meta-sq-9244616392942-46335775998190.jpg?format=pjpg,"https://cdn.shopify.com/s/files/1/0667/0961/8926/files/meta-sq-add-c1caed6fb7d9.jpg?format=pjpg,https://cdn.shopify.com/s/files/1/0667/0961/8926/files/meta-sq-add-004e2046d89d.jpg?format=pjpg",Conjunto com top-blusa de 6 bolsos para treino e prova.,vimm_feed
47927529242862,https://cdn.shopify.com/s/files/1/0667/0961/8926/files/meta-sq-9244616392942-46335775998190.jpg?format=pjpg,"https://cdn.shopify.com/s/files/1/0667/0961/8926/files/meta-sq-add-c1caed6fb7d9.jpg?format=pjpg,https://cdn.shopify.com/s/files/1/0667/0961/8926/files/meta-sq-add-004e2046d89d.jpg?format=pjpg",Conjunto com top-blusa de 6 bolsos para treino e prova.,vimm_feed
47927529275630,https://cdn.shopify.com/s/files/1/0667/0961/8926/files/meta-sq-9244616392942-46335775998190.jpg?format=pjpg,"https://cdn.shopify.com/s/files/1/0667/0961/8926/files/meta-sq-add-c1caed6fb7d9.jpg?format=pjpg,https://cdn.shopify.com/s/files/1/0667/0961/8926/files/meta-sq-add-004e2046d89d.jpg?format=pjpg",Conjunto com top-blusa de 6 bolsos para treino e prova.,vimm_feed
47927574528238,https://cdn.shopify.com/s/files/1/0667/0961/8926/files/meta-sq-9244623569134-46351197602030.jpg?format=pjpg,"https://cdn.shopify.com/s/files/1/0667/0961/8926/files/meta-sq-add-c7815fcf9fdb.jpg?format=pjpg,https://cdn.shopify.com/s/files/1/0667/0961/8926/files/meta-sq-add-733b60757164.jpg?format=pjpg",Conjunto com top nadador com bolso e alta sustentação.,vimm_feed
47927606542574,https://cdn.shopify.com/s/files/1/0667/0961/8926/files/meta-sq-9244623569134-46351197602030.jpg?format=pjpg,"https://cdn.shopify.com/s/files/1/0667/0961/8926/files/meta-sq-add-c7815fcf9fdb.jpg?format=pjpg,https://cdn.shopify.com/s/files/1/0667/0961/8926/files/meta-sq-add-733b60757164.jpg?format=pjpg",Conjunto com top nadador com bolso e alta sustentação.,vimm_feed
47927606575342,https://cdn.shopify.com/s/files/1/0667/0961/8926/files/meta-sq-9244623569134-46351197602030.jpg?format=pjpg,"https://cdn.shopify.com/s/files/1/0667/0961/8926/files/meta-sq-add-c7815fcf9fdb.jpg?format=pjpg,https://cdn.shopify.com/s/files/1/0667/0961/8926/files/meta-sq-add-733b60757164.jpg?format=pjpg",Conjunto com top nadador com bolso e alta sustentação.,vimm_feed
47927606608110,https://cdn.shopify.com/s/files/1/0667/0961/8926/files/meta-sq-9244623569134-46351197602030.jpg?format=pjpg,"https://cdn.shopify.com/s/files/1/0667/0961/8926/files/meta-sq-add-c7815fcf9fdb.jpg?format=pjpg,https://cdn.shopify.com/s/files/1/0667/0961/8926/files/meta-sq-add-733b60757164.jpg?format=pjpg",Conjunto com top nadador com bolso e alta sustentação.,vimm_feed
47927606640878,https://cdn.shopify.com/s/files/1/0667/0961/8926/files/meta-sq-9244623569134-46351197602030.jpg?format=pjpg,"https://cdn.shopify.com/s/files/1/0667/0961/8926/files/meta-sq-add-c7815fcf9fdb.jpg?format=pjpg,https://cdn.shopify.com/s/files/1/0667/0961/8926/files/meta-sq-add-733b60757164.jpg?format=pjpg",Conjunto com top nadador com bolso e alta sustentação.,vimm_feed
47927606673646,https://cdn.shopify.com/s/files/1/0667/0961/8926/files/meta-sq-9244623569134-46351197602030.jpg?format=pjpg,"https://cdn.shopify.com/s/files/1/0667/0961/8926/files/meta-sq-add-c7815fcf9fdb.jpg?format=pjpg,https://cdn.shopify.com/s/files/1/0667/0961/8926/files/meta-sq-add-733b60757164.jpg?format=pjpg",Conjunto com top nadador com bolso e alta sustentação.,vimm_feed
47927574561006,https://cdn.shopify.com/s/files/1/0667/0961/8926/files/meta-sq-9244623569134-46351197602030.jpg?format=pjpg,"https://cdn.shopify.com/s/files/1/0667/0961/8926/files/meta-sq-add-c7815fcf9fdb.jpg?format=pjpg,https://cdn.shopify.com/s/files/1/0667/0961/8926/files/meta-sq-add-733b60757164.jpg?format=pjpg",Conjunto com top nadador com bolso e alta sustentação.,vimm_feed
47927606706414,https://cdn.shopify.com/s/files/1/0667/0961/8926/files/meta-sq-9244623569134-46351197602030.jpg?format=pjpg,"https://cdn.shopify.com/s/files/1/0667/0961/8926/files/meta-sq-add-c7815fcf9fdb.jpg?format=pjpg,https://cdn.shopify.com/s/files/1/0667/0961/8926/files/meta-sq-add-733b60757164.jpg?format=pjpg",Conjunto com top nadador com bolso e alta sustentação.,vimm_feed
47927606739182,https://cdn.shopify.com/s/files/1/0667/0961/8926/files/meta-sq-9244623569134-46351197602030.jpg?format=pjpg,"https://cdn.shopify.com/s/files/1/0667/0961/8926/files/meta-sq-add-c7815fcf9fdb.jpg?format=pjpg,https://cdn.shopify.com/s/files/1/0667/0961/8926/files/meta-sq-add-733b60757164.jpg?format=pjpg",Conjunto com top nadador com bolso e alta sustentação.,vimm_feed
47927606771950,https://cdn.shopify.com/s/files/1/0667/0961/8926/files/meta-sq-9244623569134-46351197602030.jpg?format=pjpg,"https://cdn.shopify.com/s/files/1/0667/0961/8926/files/meta-sq-add-c7815fcf9fdb.jpg?format=pjpg,https://cdn.shopify.com/s/files/1/0667/0961/8926/files/meta-sq-add-733b60757164.jpg?format=pjpg",Conjunto com top nadador com bolso e alta sustentação.,vimm_feed
47927606804718,https://cdn.shopify.com/s/files/1/0667/0961/8926/files/meta-sq-9244623569134-46351197602030.jpg?format=pjpg,"https://cdn.shopify.com/s/files/1/0667/0961/8926/files/meta-sq-add-c7815fcf9fdb.jpg?format=pjpg,https://cdn.shopify.com/s/files/1/0667/0961/8926/files/meta-sq-add-733b60757164.jpg?format=pjpg",Conjunto com top nadador com bolso e alta sustentação.,vimm_feed
47927606837486,https://cdn.shopify.com/s/files/1/0667/0961/8926/files/meta-sq-9244623569134-46351197602030.jpg?format=pjpg,"https://cdn.shopify.com/s/files/1/0667/0961/8926/files/meta-sq-add-c7815fcf9fdb.jpg?format=pjpg,https://cdn.shopify.com/s/files/1/0667/0961/8926/files/meta-sq-add-733b60757164.jpg?format=pjpg",Conjunto com top nadador com bolso e alta sustentação.,vimm_feed
47927574593774,https://cdn.shopify.com/s/files/1/0667/0961/8926/files/meta-sq-9244623569134-46351197602030.jpg?format=pjpg,"https://cdn.shopify.com/s/files/1/0667/0961/8926/files/meta-sq-add-c7815fcf9fdb.jpg?format=pjpg,https://cdn.shopify.com/s/files/1/0667/0961/8926/files/meta-sq-add-733b60757164.jpg?format=pjpg",Conjunto com top nadador com bolso e alta sustentação.,vimm_feed
47927606870254,https://cdn.shopify.com/s/files/1/0667/0961/8926/files/meta-sq-9244623569134-46351197602030.jpg?format=pjpg,"https://cdn.shopify.com/s/files/1/0667/0961/8926/files/meta-sq-add-c7815fcf9fdb.jpg?format=pjpg,https://cdn.shopify.com/s/files/1/0667/0961/8926/files/meta-sq-add-733b60757164.jpg?format=pjpg",Conjunto com top nadador com bolso e alta sustentação.,vimm_feed
47927606903022,https://cdn.shopify.com/s/files/1/0667/0961/8926/files/meta-sq-9244623569134-46351197602030.jpg?format=pjpg,"https://cdn.shopify.com/s/files/1/0667/0961/8926/files/meta-sq-add-c7815fcf9fdb.jpg?format=pjpg,https://cdn.shopify.com/s/files/1/0667/0961/8926/files/meta-sq-add-733b60757164.jpg?format=pjpg",Conjunto com top nadador com bolso e alta sustentação.,vimm_feed
47927606935790,https://cdn.shopify.com/s/files/1/0667/0961/8926/files/meta-sq-9244623569134-46351197602030.jpg?format=pjpg,"https://cdn.shopify.com/s/files/1/0667/0961/8926/files/meta-sq-add-c7815fcf9fdb.jpg?format=pjpg,https://cdn.shopify.com/s/files/1/0667/0961/8926/files/meta-sq-add-733b60757164.jpg?format=pjpg",Conjunto com top nadador com bolso e alta sustentação.,vimm_feed
47927606968558,https://cdn.shopify.com/s/files/1/0667/0961/8926/files/meta-sq-9244623569134-46351197602030.jpg?format=pjpg,"https://cdn.shopify.com/s/files/1/0667/0961/8926/files/meta-sq-add-c7815fcf9fdb.jpg?format=pjpg,https://cdn.shopify.com/s/files/1/0667/0961/8926/files/meta-sq-add-733b60757164.jpg?format=pjpg",Conjunto com top nadador com bolso e alta sustentação.,vimm_feed
47927607001326,https://cdn.shopify.com/s/files/1/0667/0961/8926/files/meta-sq-9244623569134-46351197602030.jpg?format=pjpg,"https://cdn.shopify.com/s/files/1/0667/0961/8926/files/meta-sq-add-c7815fcf9fdb.jpg?format=pjpg,https://cdn.shopify.com/s/files/1/0667/0961/8926/files/meta-sq-add-733b60757164.jpg?format=pjpg",Conjunto com top nadador com bolso e alta sustentação.,vimm_feed
47927574626542,https://cdn.shopify.com/s/files/1/0667/0961/8926/files/meta-sq-9244623569134-46351197602030.jpg?format=pjpg,"https://cdn.shopify.com/s/files/1/0667/0961/8926/files/meta-sq-add-c7815fcf9fdb.jpg?format=pjpg,https://cdn.shopify.com/s/files/1/0667/0961/8926/files/meta-sq-add-733b60757164.jpg?format=pjpg",Conjunto com top nadador com bolso e alta sustentação.,vimm_feed
47927607034094,https://cdn.shopify.com/s/files/1/0667/0961/8926/files/meta-sq-9244623569134-46351197602030.jpg?format=pjpg,"https://cdn.shopify.com/s/files/1/0667/0961/8926/files/meta-sq-add-c7815fcf9fdb.jpg?format=pjpg,https://cdn.shopify.com/s/files/1/0667/0961/8926/files/meta-sq-add-733b60757164.jpg?format=pjpg",Conjunto com top nadador com bolso e alta sustentação.,vimm_feed
47927607066862,https://cdn.shopify.com/s/files/1/0667/0961/8926/files/meta-sq-9244623569134-46351197602030.jpg?format=pjpg,"https://cdn.shopify.com/s/files/1/0667/0961/8926/files/meta-sq-add-c7815fcf9fdb.jpg?format=pjpg,https://cdn.shopify.com/s/files/1/0667/0961/8926/files/meta-sq-add-733b60757164.jpg?format=pjpg",Conjunto com top nadador com bolso e alta sustentação.,vimm_feed
47927607099630,https://cdn.shopify.com/s/files/1/0667/0961/8926/files/meta-sq-9244623569134-46351197602030.jpg?format=pjpg,"https://cdn.shopify.com/s/files/1/0667/0961/8926/files/meta-sq-add-c7815fcf9fdb.jpg?format=pjpg,https://cdn.shopify.com/s/files/1/0667/0961/8926/files/meta-sq-add-733b60757164.jpg?format=pjpg",Conjunto com top nadador com bolso e alta sustentação.,vimm_feed
47927607132398,https://cdn.shopify.com/s/files/1/0667/0961/8926/files/meta-sq-9244623569134-46351197602030.jpg?format=pjpg,"https://cdn.shopify.com/s/files/1/0667/0961/8926/files/meta-sq-add-c7815fcf9fdb.jpg?format=pjpg,https://cdn.shopify.com/s/files/1/0667/0961/8926/files/meta-sq-add-733b60757164.jpg?format=pjpg",Conjunto com top nadador com bolso e alta sustentação.,vimm_feed
47927607165166,https://cdn.shopify.com/s/files/1/0667/0961/8926/files/meta-sq-9244623569134-46351197602030.jpg?format=pjpg,"https://cdn.shopify.com/s/files/1/0667/0961/8926/files/meta-sq-add-c7815fcf9fdb.jpg?format=pjpg,https://cdn.shopify.com/s/files/1/0667/0961/8926/files/meta-sq-add-733b60757164.jpg?format=pjpg",Conjunto com top nadador com bolso e alta sustentação.,vimm_feed
47927574659310,https://cdn.shopify.com/s/files/1/0667/0961/8926/files/meta-sq-9244623569134-46351197602030.jpg?format=pjpg,"https://cdn.shopify.com/s/files/1/0667/0961/8926/files/meta-sq-add-c7815fcf9fdb.jpg?format=pjpg,https://cdn.shopify.com/s/files/1/0667/0961/8926/files/meta-sq-add-733b60757164.jpg?format=pjpg",Conjunto com top nadador com bolso e alta sustentação.,vimm_feed
47927607197934,https://cdn.shopify.com/s/files/1/0667/0961/8926/files/meta-sq-9244623569134-46351197602030.jpg?format=pjpg,"https://cdn.shopify.com/s/files/1/0667/0961/8926/files/meta-sq-add-c7815fcf9fdb.jpg?format=pjpg,https://cdn.shopify.com/s/files/1/0667/0961/8926/files/meta-sq-add-733b60757164.jpg?format=pjpg",Conjunto com top nadador com bolso e alta sustentação.,vimm_feed
47927607230702,https://cdn.shopify.com/s/files/1/0667/0961/8926/files/meta-sq-9244623569134-46351197602030.jpg?format=pjpg,"https://cdn.shopify.com/s/files/1/0667/0961/8926/files/meta-sq-add-c7815fcf9fdb.jpg?format=pjpg,https://cdn.shopify.com/s/files/1/0667/0961/8926/files/meta-sq-add-733b60757164.jpg?format=pjpg",Conjunto com top nadador com bolso e alta sustentação.,vimm_feed
47927607263470,https://cdn.shopify.com/s/files/1/0667/0961/8926/files/meta-sq-9244623569134-46351197602030.jpg?format=pjpg,"https://cdn.shopify.com/s/files/1/0667/0961/8926/files/meta-sq-add-c7815fcf9fdb.jpg?format=pjpg,https://cdn.shopify.com/s/files/1/0667/0961/8926/files/meta-sq-add-733b60757164.jpg?format=pjpg",Conjunto com top nadador com bolso e alta sustentação.,vimm_feed
47927607296238,https://cdn.shopify.com/s/files/1/0667/0961/8926/files/meta-sq-9244623569134-46351197602030.jpg?format=pjpg,"https://cdn.shopify.com/s/files/1/0667/0961/8926/files/meta-sq-add-c7815fcf9fdb.jpg?format=pjpg,https://cdn.shopify.com/s/files/1/0667/0961/8926/files/meta-sq-add-733b60757164.jpg?format=pjpg",Conjunto com top nadador com bolso e alta sustentação.,vimm_feed
47927607329006,https://cdn.shopify.com/s/files/1/0667/0961/8926/files/meta-sq-9244623569134-46351197602030.jpg?format=pjpg,"https://cdn.shopify.com/s/files/1/0667/0961/8926/files/meta-sq-add-c7815fcf9fdb.jpg?format=pjpg,https://cdn.shopify.com/s/files/1/0667/0961/8926/files/meta-sq-add-733b60757164.jpg?format=pjpg",Conjunto com top nadador com bolso e alta sustentação.,vimm_feed
47927637901550,https://cdn.shopify.com/s/files/1/0667/0961/8926/files/meta-sq-9244680749294-46335807258862.jpg?format=pjpg,"https://cdn.shopify.com/s/files/1/0667/0961/8926/files/meta-sq-add-1481d831d3fd.jpg?format=pjpg,https://cdn.shopify.com/s/files/1/0667/0961/8926/files/meta-sq-add-6dd882099f0f.jpg?format=pjpg,https://cdn.shopify.com/s/files/1/0667/0961/8926/files/meta-sq-add-2b5e23ec372c.jpg?format=pjpg",Conjunto com top nadador com bolso e alta sustentação.,vimm_feed
47927637934318,https://cdn.shopify.com/s/files/1/0667/0961/8926/files/meta-sq-9244680749294-46335807258862.jpg?format=pjpg,"https://cdn.shopify.com/s/files/1/0667/0961/8926/files/meta-sq-add-1481d831d3fd.jpg?format=pjpg,https://cdn.shopify.com/s/files/1/0667/0961/8926/files/meta-sq-add-6dd882099f0f.jpg?format=pjpg,https://cdn.shopify.com/s/files/1/0667/0961/8926/files/meta-sq-add-2b5e23ec372c.jpg?format=pjpg",Conjunto com top nadador com bolso e alta sustentação.,vimm_feed
47927637967086,https://cdn.shopify.com/s/files/1/0667/0961/8926/files/meta-sq-9244680749294-46335807258862.jpg?format=pjpg,"https://cdn.shopify.com/s/files/1/0667/0961/8926/files/meta-sq-add-1481d831d3fd.jpg?format=pjpg,https://cdn.shopify.com/s/files/1/0667/0961/8926/files/meta-sq-add-6dd882099f0f.jpg?format=pjpg,https://cdn.shopify.com/s/files/1/0667/0961/8926/files/meta-sq-add-2b5e23ec372c.jpg?format=pjpg",Conjunto com top nadador com bolso e alta sustentação.,vimm_feed
47927637999854,https://cdn.shopify.com/s/files/1/0667/0961/8926/files/meta-sq-9244680749294-46335807258862.jpg?format=pjpg,"https://cdn.shopify.com/s/files/1/0667/0961/8926/files/meta-sq-add-1481d831d3fd.jpg?format=pjpg,https://cdn.shopify.com/s/files/1/0667/0961/8926/files/meta-sq-add-6dd882099f0f.jpg?format=pjpg,https://cdn.shopify.com/s/files/1/0667/0961/8926/files/meta-sq-add-2b5e23ec372c.jpg?format=pjpg",Conjunto com top nadador com bolso e alta sustentação.,vimm_feed
47927638032622,https://cdn.shopify.com/s/files/1/0667/0961/8926/files/meta-sq-9244680749294-46335807258862.jpg?format=pjpg,"https://cdn.shopify.com/s/files/1/0667/0961/8926/files/meta-sq-add-1481d831d3fd.jpg?format=pjpg,https://cdn.shopify.com/s/files/1/0667/0961/8926/files/meta-sq-add-6dd882099f0f.jpg?format=pjpg,https://cdn.shopify.com/s/files/1/0667/0961/8926/files/meta-sq-add-2b5e23ec372c.jpg?format=pjpg",Conjunto com top nadador com bolso e alta sustentação.,vimm_feed
47927638065390,https://cdn.shopify.com/s/files/1/0667/0961/8926/files/meta-sq-9244680749294-46335807258862.jpg?format=pjpg,"https://cdn.shopify.com/s/files/1/0667/0961/8926/files/meta-sq-add-1481d831d3fd.jpg?format=pjpg,https://cdn.shopify.com/s/files/1/0667/0961/8926/files/meta-sq-add-6dd882099f0f.jpg?format=pjpg,https://cdn.shopify.com/s/files/1/0667/0961/8926/files/meta-sq-add-2b5e23ec372c.jpg?format=pjpg",Conjunto com top nadador com bolso e alta sustentação.,vimm_feed
47927638098158,https://cdn.shopify.com/s/files/1/0667/0961/8926/files/meta-sq-9244680749294-46335807258862.jpg?format=pjpg,"https://cdn.shopify.com/s/files/1/0667/0961/8926/files/meta-sq-add-1481d831d3fd.jpg?format=pjpg,https://cdn.shopify.com/s/files/1/0667/0961/8926/files/meta-sq-add-6dd882099f0f.jpg?format=pjpg,https://cdn.shopify.com/s/files/1/0667/0961/8926/files/meta-sq-add-2b5e23ec372c.jpg?format=pjpg",Conjunto com top nadador com bolso e alta sustentação.,vimm_feed
47927638130926,https://cdn.shopify.com/s/files/1/0667/0961/8926/files/meta-sq-9244680749294-46335807258862.jpg?format=pjpg,"https://cdn.shopify.com/s/files/1/0667/0961/8926/files/meta-sq-add-1481d831d3fd.jpg?format=pjpg,https://cdn.shopify.com/s/files/1/0667/0961/8926/files/meta-sq-add-6dd882099f0f.jpg?format=pjpg,https://cdn.shopify.com/s/files/1/0667/0961/8926/files/meta-sq-add-2b5e23ec372c.jpg?format=pjpg",Conjunto com top nadador com bolso e alta sustentação.,vimm_feed
47927638163694,https://cdn.shopify.com/s/files/1/0667/0961/8926/files/meta-sq-9244680749294-46335807258862.jpg?format=pjpg,"https://cdn.shopify.com/s/files/1/0667/0961/8926/files/meta-sq-add-1481d831d3fd.jpg?format=pjpg,https://cdn.shopify.com/s/files/1/0667/0961/8926/files/meta-sq-add-6dd882099f0f.jpg?format=pjpg,https://cdn.shopify.com/s/files/1/0667/0961/8926/files/meta-sq-add-2b5e23ec372c.jpg?format=pjpg",Conjunto com top nadador com bolso e alta sustentação.,vimm_feed
47927638196462,https://cdn.shopify.com/s/files/1/0667/0961/8926/files/meta-sq-9244680749294-46335807258862.jpg?format=pjpg,"https://cdn.shopify.com/s/files/1/0667/0961/8926/files/meta-sq-add-1481d831d3fd.jpg?format=pjpg,https://cdn.shopify.com/s/files/1/0667/0961/8926/files/meta-sq-add-6dd882099f0f.jpg?format=pjpg,https://cdn.shopify.com/s/files/1/0667/0961/8926/files/meta-sq-add-2b5e23ec372c.jpg?format=pjpg",Conjunto com top nadador com bolso e alta sustentação.,vimm_feed
47927638229230,https://cdn.shopify.com/s/files/1/0667/0961/8926/files/meta-sq-9244680749294-46335807258862.jpg?format=pjpg,"https://cdn.shopify.com/s/files/1/0667/0961/8926/files/meta-sq-add-1481d831d3fd.jpg?format=pjpg,https://cdn.shopify.com/s/files/1/0667/0961/8926/files/meta-sq-add-6dd882099f0f.jpg?format=pjpg,https://cdn.shopify.com/s/files/1/0667/0961/8926/files/meta-sq-add-2b5e23ec372c.jpg?format=pjpg",Conjunto com top nadador com bolso e alta sustentação.,vimm_feed
47927638261998,https://cdn.shopify.com/s/files/1/0667/0961/8926/files/meta-sq-9244680749294-46335807258862.jpg?format=pjpg,"https://cdn.shopify.com/s/files/1/0667/0961/8926/files/meta-sq-add-1481d831d3fd.jpg?format=pjpg,https://cdn.shopify.com/s/files/1/0667/0961/8926/files/meta-sq-add-6dd882099f0f.jpg?format=pjpg,https://cdn.shopify.com/s/files/1/0667/0961/8926/files/meta-sq-add-2b5e23ec372c.jpg?format=pjpg",Conjunto com top nadador com bolso e alta sustentação.,vimm_feed
47927638294766,https://cdn.shopify.com/s/files/1/0667/0961/8926/files/meta-sq-9244680749294-46335807258862.jpg?format=pjpg,"https://cdn.shopify.com/s/files/1/0667/0961/8926/files/meta-sq-add-1481d831d3fd.jpg?format=pjpg,https://cdn.shopify.com/s/files/1/0667/0961/8926/files/meta-sq-add-6dd882099f0f.jpg?format=pjpg,https://cdn.shopify.com/s/files/1/0667/0961/8926/files/meta-sq-add-2b5e23ec372c.jpg?format=pjpg",Conjunto com top nadador com bolso e alta sustentação.,vimm_feed
47927638327534,https://cdn.shopify.com/s/files/1/0667/0961/8926/files/meta-sq-9244680749294-46335807258862.jpg?format=pjpg,"https://cdn.shopify.com/s/files/1/0667/0961/8926/files/meta-sq-add-1481d831d3fd.jpg?format=pjpg,https://cdn.shopify.com/s/files/1/0667/0961/8926/files/meta-sq-add-6dd882099f0f.jpg?format=pjpg,https://cdn.shopify.com/s/files/1/0667/0961/8926/files/meta-sq-add-2b5e23ec372c.jpg?format=pjpg",Conjunto com top nadador com bolso e alta sustentação.,vimm_feed
47927638360302,https://cdn.shopify.com/s/files/1/0667/0961/8926/files/meta-sq-9244680749294-46335807258862.jpg?format=pjpg,"https://cdn.shopify.com/s/files/1/0667/0961/8926/files/meta-sq-add-1481d831d3fd.jpg?format=pjpg,https://cdn.shopify.com/s/files/1/0667/0961/8926/files/meta-sq-add-6dd882099f0f.jpg?format=pjpg,https://cdn.shopify.com/s/files/1/0667/0961/8926/files/meta-sq-add-2b5e23ec372c.jpg?format=pjpg",Conjunto com top nadador com bolso e alta sustentação.,vimm_feed
47927638393070,https://cdn.shopify.com/s/files/1/0667/0961/8926/files/meta-sq-9244680749294-46335807258862.jpg?format=pjpg,"https://cdn.shopify.com/s/files/1/0667/0961/8926/files/meta-sq-add-1481d831d3fd.jpg?format=pjpg,https://cdn.shopify.com/s/files/1/0667/0961/8926/files/meta-sq-add-6dd882099f0f.jpg?format=pjpg,https://cdn.shopify.com/s/files/1/0667/0961/8926/files/meta-sq-add-2b5e23ec372c.jpg?format=pjpg",Conjunto com top nadador com bolso e alta sustentação.,vimm_feed
47927638425838,https://cdn.shopify.com/s/files/1/0667/0961/8926/files/meta-sq-9244680749294-46335807258862.jpg?format=pjpg,"https://cdn.shopify.com/s/files/1/0667/0961/8926/files/meta-sq-add-1481d831d3fd.jpg?format=pjpg,https://cdn.shopify.com/s/files/1/0667/0961/8926/files/meta-sq-add-6dd882099f0f.jpg?format=pjpg,https://cdn.shopify.com/s/files/1/0667/0961/8926/files/meta-sq-add-2b5e23ec372c.jpg?format=pjpg",Conjunto com top nadador com bolso e alta sustentação.,vimm_feed
47927638458606,https://cdn.shopify.com/s/files/1/0667/0961/8926/files/meta-sq-9244680749294-46335807258862.jpg?format=pjpg,"https://cdn.shopify.com/s/files/1/0667/0961/8926/files/meta-sq-add-1481d831d3fd.jpg?format=pjpg,https://cdn.shopify.com/s/files/1/0667/0961/8926/files/meta-sq-add-6dd882099f0f.jpg?format=pjpg,https://cdn.shopify.com/s/files/1/0667/0961/8926/files/meta-sq-add-2b5e23ec372c.jpg?format=pjpg",Conjunto com top nadador com bolso e alta sustentação.,vimm_feed
47927638491374,https://cdn.shopify.com/s/files/1/0667/0961/8926/files/meta-sq-9244680749294-46335807258862.jpg?format=pjpg,"https://cdn.shopify.com/s/files/1/0667/0961/8926/files/meta-sq-add-1481d831d3fd.jpg?format=pjpg,https://cdn.shopify.com/s/files/1/0667/0961/8926/files/meta-sq-add-6dd882099f0f.jpg?format=pjpg,https://cdn.shopify.com/s/files/1/0667/0961/8926/files/meta-sq-add-2b5e23ec372c.jpg?format=pjpg",Conjunto com top nadador com bolso e alta sustentação.,vimm_feed
47927638524142,https://cdn.shopify.com/s/files/1/0667/0961/8926/files/meta-sq-9244680749294-46335807258862.jpg?format=pjpg,"https://cdn.shopify.com/s/files/1/0667/0961/8926/files/meta-sq-add-1481d831d3fd.jpg?format=pjpg,https://cdn.shopify.com/s/files/1/0667/0961/8926/files/meta-sq-add-6dd882099f0f.jpg?format=pjpg,https://cdn.shopify.com/s/files/1/0667/0961/8926/files/meta-sq-add-2b5e23ec372c.jpg?format=pjpg",Conjunto com top nadador com bolso e alta sustentação.,vimm_feed
47927638556910,https://cdn.shopify.com/s/files/1/0667/0961/8926/files/meta-sq-9244680749294-46335807258862.jpg?format=pjpg,"https://cdn.shopify.com/s/files/1/0667/0961/8926/files/meta-sq-add-1481d831d3fd.jpg?format=pjpg,https://cdn.shopify.com/s/files/1/0667/0961/8926/files/meta-sq-add-6dd882099f0f.jpg?format=pjpg,https://cdn.shopify.com/s/files/1/0667/0961/8926/files/meta-sq-add-2b5e23ec372c.jpg?format=pjpg",Conjunto com top nadador com bolso e alta sustentação.,vimm_feed
47927638589678,https://cdn.shopify.com/s/files/1/0667/0961/8926/files/meta-sq-9244680749294-46335807258862.jpg?format=pjpg,"https://cdn.shopify.com/s/files/1/0667/0961/8926/files/meta-sq-add-1481d831d3fd.jpg?format=pjpg,https://cdn.shopify.com/s/files/1/0667/0961/8926/files/meta-sq-add-6dd882099f0f.jpg?format=pjpg,https://cdn.shopify.com/s/files/1/0667/0961/8926/files/meta-sq-add-2b5e23ec372c.jpg?format=pjpg",Conjunto com top nadador com bolso e alta sustentação.,vimm_feed
47927638622446,https://cdn.shopify.com/s/files/1/0667/0961/8926/files/meta-sq-9244680749294-46335807258862.jpg?format=pjpg,"https://cdn.shopify.com/s/files/1/0667/0961/8926/files/meta-sq-add-1481d831d3fd.jpg?format=pjpg,https://cdn.shopify.com/s/files/1/0667/0961/8926/files/meta-sq-add-6dd882099f0f.jpg?format=pjpg,https://cdn.shopify.com/s/files/1/0667/0961/8926/files/meta-sq-add-2b5e23ec372c.jpg?format=pjpg",Conjunto com top nadador com bolso e alta sustentação.,vimm_feed
47927638655214,https://cdn.shopify.com/s/files/1/0667/0961/8926/files/meta-sq-9244680749294-46335807258862.jpg?format=pjpg,"https://cdn.shopify.com/s/files/1/0667/0961/8926/files/meta-sq-add-1481d831d3fd.jpg?format=pjpg,https://cdn.shopify.com/s/files/1/0667/0961/8926/files/meta-sq-add-6dd882099f0f.jpg?format=pjpg,https://cdn.shopify.com/s/files/1/0667/0961/8926/files/meta-sq-add-2b5e23ec372c.jpg?format=pjpg",Conjunto com top nadador com bolso e alta sustentação.,vimm_feed
47927638687982,https://cdn.shopify.com/s/files/1/0667/0961/8926/files/meta-sq-9244680749294-46335807258862.jpg?format=pjpg,"https://cdn.shopify.com/s/files/1/0667/0961/8926/files/meta-sq-add-1481d831d3fd.jpg?format=pjpg,https://cdn.shopify.com/s/files/1/0667/0961/8926/files/meta-sq-add-6dd882099f0f.jpg?format=pjpg,https://cdn.shopify.com/s/files/1/0667/0961/8926/files/meta-sq-add-2b5e23ec372c.jpg?format=pjpg",Conjunto com top nadador com bolso e alta sustentação.,vimm_feed
47927638720750,https://cdn.shopify.com/s/files/1/0667/0961/8926/files/meta-sq-9244680749294-46335807258862.jpg?format=pjpg,"https://cdn.shopify.com/s/files/1/0667/0961/8926/files/meta-sq-add-1481d831d3fd.jpg?format=pjpg,https://cdn.shopify.com/s/files/1/0667/0961/8926/files/meta-sq-add-6dd882099f0f.jpg?format=pjpg,https://cdn.shopify.com/s/files/1/0667/0961/8926/files/meta-sq-add-2b5e23ec372c.jpg?format=pjpg",Conjunto com top nadador com bolso e alta sustentação.,vimm_feed
47927638753518,https://cdn.shopify.com/s/files/1/0667/0961/8926/files/meta-sq-9244680749294-46335807258862.jpg?format=pjpg,"https://cdn.shopify.com/s/files/1/0667/0961/8926/files/meta-sq-add-1481d831d3fd.jpg?format=pjpg,https://cdn.shopify.com/s/files/1/0667/0961/8926/files/meta-sq-add-6dd882099f0f.jpg?format=pjpg,https://cdn.shopify.com/s/files/1/0667/0961/8926/files/meta-sq-add-2b5e23ec372c.jpg?format=pjpg",Conjunto com top nadador com bolso e alta sustentação.,vimm_feed
47927638786286,https://cdn.shopify.com/s/files/1/0667/0961/8926/files/meta-sq-9244680749294-46335807258862.jpg?format=pjpg,"https://cdn.shopify.com/s/files/1/0667/0961/8926/files/meta-sq-add-1481d831d3fd.jpg?format=pjpg,https://cdn.shopify.com/s/files/1/0667/0961/8926/files/meta-sq-add-6dd882099f0f.jpg?format=pjpg,https://cdn.shopify.com/s/files/1/0667/0961/8926/files/meta-sq-add-2b5e23ec372c.jpg?format=pjpg",Conjunto com top nadador com bolso e alta sustentação.,vimm_feed
47927638819054,https://cdn.shopify.com/s/files/1/0667/0961/8926/files/meta-sq-9244680749294-46335807258862.jpg?format=pjpg,"https://cdn.shopify.com/s/files/1/0667/0961/8926/files/meta-sq-add-1481d831d3fd.jpg?format=pjpg,https://cdn.shopify.com/s/files/1/0667/0961/8926/files/meta-sq-add-6dd882099f0f.jpg?format=pjpg,https://cdn.shopify.com/s/files/1/0667/0961/8926/files/meta-sq-add-2b5e23ec372c.jpg?format=pjpg",Conjunto com top nadador com bolso e alta sustentação.,vimm_feed
47927638851822,https://cdn.shopify.com/s/files/1/0667/0961/8926/files/meta-sq-9244680749294-46335807258862.jpg?format=pjpg,"https://cdn.shopify.com/s/files/1/0667/0961/8926/files/meta-sq-add-1481d831d3fd.jpg?format=pjpg,https://cdn.shopify.com/s/files/1/0667/0961/8926/files/meta-sq-add-6dd882099f0f.jpg?format=pjpg,https://cdn.shopify.com/s/files/1/0667/0961/8926/files/meta-sq-add-2b5e23ec372c.jpg?format=pjpg",Conjunto com top nadador com bolso e alta sustentação.,vimm_feed
47927638884590,https://cdn.shopify.com/s/files/1/0667/0961/8926/files/meta-sq-9244680749294-46335807258862.jpg?format=pjpg,"https://cdn.shopify.com/s/files/1/0667/0961/8926/files/meta-sq-add-1481d831d3fd.jpg?format=pjpg,https://cdn.shopify.com/s/files/1/0667/0961/8926/files/meta-sq-add-6dd882099f0f.jpg?format=pjpg,https://cdn.shopify.com/s/files/1/0667/0961/8926/files/meta-sq-add-2b5e23ec372c.jpg?format=pjpg",Conjunto com top nadador com bolso e alta sustentação.,vimm_feed
47927638917358,https://cdn.shopify.com/s/files/1/0667/0961/8926/files/meta-sq-9244680749294-46335807258862.jpg?format=pjpg,"https://cdn.shopify.com/s/files/1/0667/0961/8926/files/meta-sq-add-1481d831d3fd.jpg?format=pjpg,https://cdn.shopify.com/s/files/1/0667/0961/8926/files/meta-sq-add-6dd882099f0f.jpg?format=pjpg,https://cdn.shopify.com/s/files/1/0667/0961/8926/files/meta-sq-add-2b5e23ec372c.jpg?format=pjpg",Conjunto com top nadador com bolso e alta sustentação.,vimm_feed
47927638950126,https://cdn.shopify.com/s/files/1/0667/0961/8926/files/meta-sq-9244680749294-46335807258862.jpg?format=pjpg,"https://cdn.shopify.com/s/files/1/0667/0961/8926/files/meta-sq-add-1481d831d3fd.jpg?format=pjpg,https://cdn.shopify.com/s/files/1/0667/0961/8926/files/meta-sq-add-6dd882099f0f.jpg?format=pjpg,https://cdn.shopify.com/s/files/1/0667/0961/8926/files/meta-sq-add-2b5e23ec372c.jpg?format=pjpg",Conjunto com top nadador com bolso e alta sustentação.,vimm_feed
47927638982894,https://cdn.shopify.com/s/files/1/0667/0961/8926/files/meta-sq-9244680749294-46335807258862.jpg?format=pjpg,"https://cdn.shopify.com/s/files/1/0667/0961/8926/files/meta-sq-add-1481d831d3fd.jpg?format=pjpg,https://cdn.shopify.com/s/files/1/0667/0961/8926/files/meta-sq-add-6dd882099f0f.jpg?format=pjpg,https://cdn.shopify.com/s/files/1/0667/0961/8926/files/meta-sq-add-2b5e23ec372c.jpg?format=pjpg",Conjunto com top nadador com bolso e alta sustentação.,vimm_feed
47927639015662,https://cdn.shopify.com/s/files/1/0667/0961/8926/files/meta-sq-9244680749294-46335807258862.jpg?format=pjpg,"https://cdn.shopify.com/s/files/1/0667/0961/8926/files/meta-sq-add-1481d831d3fd.jpg?format=pjpg,https://cdn.shopify.com/s/files/1/0667/0961/8926/files/meta-sq-add-6dd882099f0f.jpg?format=pjpg,https://cdn.shopify.com/s/files/1/0667/0961/8926/files/meta-sq-add-2b5e23ec372c.jpg?format=pjpg",Conjunto com top nadador com bolso e alta sustentação.,vimm_feed
47927709565166,https://cdn.shopify.com/s/files/1/0667/0961/8926/files/meta-sq-9244746744046-47191339565294.jpg?format=pjpg,"https://cdn.shopify.com/s/files/1/0667/0961/8926/files/meta-sq-add-66f0719ecc14.jpg?format=pjpg,https://cdn.shopify.com/s/files/1/0667/0961/8926/files/meta-sq-add-249b411a39e5.jpg?format=pjpg,https://cdn.shopify.com/s/files/1/0667/0961/8926/files/meta-sq-add-8a03dbf6bd83.jpg?format=pjpg",Conjunto com top nadador com bolso e alta sustentação.,vimm_feed
47927713759470,https://cdn.shopify.com/s/files/1/0667/0961/8926/files/meta-sq-9244746744046-47191339565294.jpg?format=pjpg,"https://cdn.shopify.com/s/files/1/0667/0961/8926/files/meta-sq-add-66f0719ecc14.jpg?format=pjpg,https://cdn.shopify.com/s/files/1/0667/0961/8926/files/meta-sq-add-249b411a39e5.jpg?format=pjpg,https://cdn.shopify.com/s/files/1/0667/0961/8926/files/meta-sq-add-8a03dbf6bd83.jpg?format=pjpg",Conjunto com top nadador com bolso e alta sustentação.,vimm_feed
47927713792238,https://cdn.shopify.com/s/files/1/0667/0961/8926/files/meta-sq-9244746744046-47191339565294.jpg?format=pjpg,"https://cdn.shopify.com/s/files/1/0667/0961/8926/files/meta-sq-add-66f0719ecc14.jpg?format=pjpg,https://cdn.shopify.com/s/files/1/0667/0961/8926/files/meta-sq-add-249b411a39e5.jpg?format=pjpg,https://cdn.shopify.com/s/files/1/0667/0961/8926/files/meta-sq-add-8a03dbf6bd83.jpg?format=pjpg",Conjunto com top nadador com bolso e alta sustentação.,vimm_feed
47927713825006,https://cdn.shopify.com/s/files/1/0667/0961/8926/files/meta-sq-9244746744046-47191339565294.jpg?format=pjpg,"https://cdn.shopify.com/s/files/1/0667/0961/8926/files/meta-sq-add-66f0719ecc14.jpg?format=pjpg,https://cdn.shopify.com/s/files/1/0667/0961/8926/files/meta-sq-add-249b411a39e5.jpg?format=pjpg,https://cdn.shopify.com/s/files/1/0667/0961/8926/files/meta-sq-add-8a03dbf6bd83.jpg?format=pjpg",Conjunto com top nadador com bolso e alta sustentação.,vimm_feed
47927713857774,https://cdn.shopify.com/s/files/1/0667/0961/8926/files/meta-sq-9244746744046-47191339565294.jpg?format=pjpg,"https://cdn.shopify.com/s/files/1/0667/0961/8926/files/meta-sq-add-66f0719ecc14.jpg?format=pjpg,https://cdn.shopify.com/s/files/1/0667/0961/8926/files/meta-sq-add-249b411a39e5.jpg?format=pjpg,https://cdn.shopify.com/s/files/1/0667/0961/8926/files/meta-sq-add-8a03dbf6bd83.jpg?format=pjpg",Conjunto com top nadador com bolso e alta sustentação.,vimm_feed
47927713890542,https://cdn.shopify.com/s/files/1/0667/0961/8926/files/meta-sq-9244746744046-47191339565294.jpg?format=pjpg,"https://cdn.shopify.com/s/files/1/0667/0961/8926/files/meta-sq-add-66f0719ecc14.jpg?format=pjpg,https://cdn.shopify.com/s/files/1/0667/0961/8926/files/meta-sq-add-249b411a39e5.jpg?format=pjpg,https://cdn.shopify.com/s/files/1/0667/0961/8926/files/meta-sq-add-8a03dbf6bd83.jpg?format=pjpg",Conjunto com top nadador com bolso e alta sustentação.,vimm_feed
47927713923310,https://cdn.shopify.com/s/files/1/0667/0961/8926/files/meta-sq-9244746744046-47191339565294.jpg?format=pjpg,"https://cdn.shopify.com/s/files/1/0667/0961/8926/files/meta-sq-add-66f0719ecc14.jpg?format=pjpg,https://cdn.shopify.com/s/files/1/0667/0961/8926/files/meta-sq-add-249b411a39e5.jpg?format=pjpg,https://cdn.shopify.com/s/files/1/0667/0961/8926/files/meta-sq-add-8a03dbf6bd83.jpg?format=pjpg",Conjunto com top nadador com bolso e alta sustentação.,vimm_feed
47927709597934,https://cdn.shopify.com/s/files/1/0667/0961/8926/files/meta-sq-9244746744046-47191339565294.jpg?format=pjpg,"https://cdn.shopify.com/s/files/1/0667/0961/8926/files/meta-sq-add-66f0719ecc14.jpg?format=pjpg,https://cdn.shopify.com/s/files/1/0667/0961/8926/files/meta-sq-add-249b411a39e5.jpg?format=pjpg,https://cdn.shopify.com/s/files/1/0667/0961/8926/files/meta-sq-add-8a03dbf6bd83.jpg?format=pjpg",Conjunto com top nadador com bolso e alta sustentação.,vimm_feed
47927713956078,https://cdn.shopify.com/s/files/1/0667/0961/8926/files/meta-sq-9244746744046-47191339565294.jpg?format=pjpg,"https://cdn.shopify.com/s/files/1/0667/0961/8926/files/meta-sq-add-66f0719ecc14.jpg?format=pjpg,https://cdn.shopify.com/s/files/1/0667/0961/8926/files/meta-sq-add-249b411a39e5.jpg?format=pjpg,https://cdn.shopify.com/s/files/1/0667/0961/8926/files/meta-sq-add-8a03dbf6bd83.jpg?format=pjpg",Conjunto com top nadador com bolso e alta sustentação.,vimm_feed
47927713988846,https://cdn.shopify.com/s/files/1/0667/0961/8926/files/meta-sq-9244746744046-47191339565294.jpg?format=pjpg,"https://cdn.shopify.com/s/files/1/0667/0961/8926/files/meta-sq-add-66f0719ecc14.jpg?format=pjpg,https://cdn.shopify.com/s/files/1/0667/0961/8926/files/meta-sq-add-249b411a39e5.jpg?format=pjpg,https://cdn.shopify.com/s/files/1/0667/0961/8926/files/meta-sq-add-8a03dbf6bd83.jpg?format=pjpg",Conjunto com top nadador com bolso e alta sustentação.,vimm_feed
47927714021614,https://cdn.shopify.com/s/files/1/0667/0961/8926/files/meta-sq-9244746744046-47191339565294.jpg?format=pjpg,"https://cdn.shopify.com/s/files/1/0667/0961/8926/files/meta-sq-add-66f0719ecc14.jpg?format=pjpg,https://cdn.shopify.com/s/files/1/0667/0961/8926/files/meta-sq-add-249b411a39e5.jpg?format=pjpg,https://cdn.shopify.com/s/files/1/0667/0961/8926/files/meta-sq-add-8a03dbf6bd83.jpg?format=pjpg",Conjunto com top nadador com bolso e alta sustentação.,vimm_feed
47927714054382,https://cdn.shopify.com/s/files/1/0667/0961/8926/files/meta-sq-9244746744046-47191339565294.jpg?format=pjpg,"https://cdn.shopify.com/s/files/1/0667/0961/8926/files/meta-sq-add-66f0719ecc14.jpg?format=pjpg,https://cdn.shopify.com/s/files/1/0667/0961/8926/files/meta-sq-add-249b411a39e5.jpg?format=pjpg,https://cdn.shopify.com/s/files/1/0667/0961/8926/files/meta-sq-add-8a03dbf6bd83.jpg?format=pjpg",Conjunto com top nadador com bolso e alta sustentação.,vimm_feed
47927714087150,https://cdn.shopify.com/s/files/1/0667/0961/8926/files/meta-sq-9244746744046-47191339565294.jpg?format=pjpg,"https://cdn.shopify.com/s/files/1/0667/0961/8926/files/meta-sq-add-66f0719ecc14.jpg?format=pjpg,https://cdn.shopify.com/s/files/1/0667/0961/8926/files/meta-sq-add-249b411a39e5.jpg?format=pjpg,https://cdn.shopify.com/s/files/1/0667/0961/8926/files/meta-sq-add-8a03dbf6bd83.jpg?format=pjpg",Conjunto com top nadador com bolso e alta sustentação.,vimm_feed
47927714119918,https://cdn.shopify.com/s/files/1/0667/0961/8926/files/meta-sq-9244746744046-47191339565294.jpg?format=pjpg,"https://cdn.shopify.com/s/files/1/0667/0961/8926/files/meta-sq-add-66f0719ecc14.jpg?format=pjpg,https://cdn.shopify.com/s/files/1/0667/0961/8926/files/meta-sq-add-249b411a39e5.jpg?format=pjpg,https://cdn.shopify.com/s/files/1/0667/0961/8926/files/meta-sq-add-8a03dbf6bd83.jpg?format=pjpg",Conjunto com top nadador com bolso e alta sustentação.,vimm_feed
47927709630702,https://cdn.shopify.com/s/files/1/0667/0961/8926/files/meta-sq-9244746744046-47191339565294.jpg?format=pjpg,"https://cdn.shopify.com/s/files/1/0667/0961/8926/files/meta-sq-add-66f0719ecc14.jpg?format=pjpg,https://cdn.shopify.com/s/files/1/0667/0961/8926/files/meta-sq-add-249b411a39e5.jpg?format=pjpg,https://cdn.shopify.com/s/files/1/0667/0961/8926/files/meta-sq-add-8a03dbf6bd83.jpg?format=pjpg",Conjunto com top nadador com bolso e alta sustentação.,vimm_feed
47927714152686,https://cdn.shopify.com/s/files/1/0667/0961/8926/files/meta-sq-9244746744046-47191339565294.jpg?format=pjpg,"https://cdn.shopify.com/s/files/1/0667/0961/8926/files/meta-sq-add-66f0719ecc14.jpg?format=pjpg,https://cdn.shopify.com/s/files/1/0667/0961/8926/files/meta-sq-add-249b411a39e5.jpg?format=pjpg,https://cdn.shopify.com/s/files/1/0667/0961/8926/files/meta-sq-add-8a03dbf6bd83.jpg?format=pjpg",Conjunto com top nadador com bolso e alta sustentação.,vimm_feed
47927714185454,https://cdn.shopify.com/s/files/1/0667/0961/8926/files/meta-sq-9244746744046-47191339565294.jpg?format=pjpg,"https://cdn.shopify.com/s/files/1/0667/0961/8926/files/meta-sq-add-66f0719ecc14.jpg?format=pjpg,https://cdn.shopify.com/s/files/1/0667/0961/8926/files/meta-sq-add-249b411a39e5.jpg?format=pjpg,https://cdn.shopify.com/s/files/1/0667/0961/8926/files/meta-sq-add-8a03dbf6bd83.jpg?format=pjpg",Conjunto com top nadador com bolso e alta sustentação.,vimm_feed
47927714218222,https://cdn.shopify.com/s/files/1/0667/0961/8926/files/meta-sq-9244746744046-47191339565294.jpg?format=pjpg,"https://cdn.shopify.com/s/files/1/0667/0961/8926/files/meta-sq-add-66f0719ecc14.jpg?format=pjpg,https://cdn.shopify.com/s/files/1/0667/0961/8926/files/meta-sq-add-249b411a39e5.jpg?format=pjpg,https://cdn.shopify.com/s/files/1/0667/0961/8926/files/meta-sq-add-8a03dbf6bd83.jpg?format=pjpg",Conjunto com top nadador com bolso e alta sustentação.,vimm_feed
47927714250990,https://cdn.shopify.com/s/files/1/0667/0961/8926/files/meta-sq-9244746744046-47191339565294.jpg?format=pjpg,"https://cdn.shopify.com/s/files/1/0667/0961/8926/files/meta-sq-add-66f0719ecc14.jpg?format=pjpg,https://cdn.shopify.com/s/files/1/0667/0961/8926/files/meta-sq-add-249b411a39e5.jpg?format=pjpg,https://cdn.shopify.com/s/files/1/0667/0961/8926/files/meta-sq-add-8a03dbf6bd83.jpg?format=pjpg",Conjunto com top nadador com bolso e alta sustentação.,vimm_feed
47927714283758,https://cdn.shopify.com/s/files/1/0667/0961/8926/files/meta-sq-9244746744046-47191339565294.jpg?format=pjpg,"https://cdn.shopify.com/s/files/1/0667/0961/8926/files/meta-sq-add-66f0719ecc14.jpg?format=pjpg,https://cdn.shopify.com/s/files/1/0667/0961/8926/files/meta-sq-add-249b411a39e5.jpg?format=pjpg,https://cdn.shopify.com/s/files/1/0667/0961/8926/files/meta-sq-add-8a03dbf6bd83.jpg?format=pjpg",Conjunto com top nadador com bolso e alta sustentação.,vimm_feed
47927714316526,https://cdn.shopify.com/s/files/1/0667/0961/8926/files/meta-sq-9244746744046-47191339565294.jpg?format=pjpg,"https://cdn.shopify.com/s/files/1/0667/0961/8926/files/meta-sq-add-66f0719ecc14.jpg?format=pjpg,https://cdn.shopify.com/s/files/1/0667/0961/8926/files/meta-sq-add-249b411a39e5.jpg?format=pjpg,https://cdn.shopify.com/s/files/1/0667/0961/8926/files/meta-sq-add-8a03dbf6bd83.jpg?format=pjpg",Conjunto com top nadador com bolso e alta sustentação.,vimm_feed
47927709663470,https://cdn.shopify.com/s/files/1/0667/0961/8926/files/meta-sq-9244746744046-47191339565294.jpg?format=pjpg,"https://cdn.shopify.com/s/files/1/0667/0961/8926/files/meta-sq-add-66f0719ecc14.jpg?format=pjpg,https://cdn.shopify.com/s/files/1/0667/0961/8926/files/meta-sq-add-249b411a39e5.jpg?format=pjpg,https://cdn.shopify.com/s/files/1/0667/0961/8926/files/meta-sq-add-8a03dbf6bd83.jpg?format=pjpg",Conjunto com top nadador com bolso e alta sustentação.,vimm_feed
47927714349294,https://cdn.shopify.com/s/files/1/0667/0961/8926/files/meta-sq-9244746744046-47191339565294.jpg?format=pjpg,"https://cdn.shopify.com/s/files/1/0667/0961/8926/files/meta-sq-add-66f0719ecc14.jpg?format=pjpg,https://cdn.shopify.com/s/files/1/0667/0961/8926/files/meta-sq-add-249b411a39e5.jpg?format=pjpg,https://cdn.shopify.com/s/files/1/0667/0961/8926/files/meta-sq-add-8a03dbf6bd83.jpg?format=pjpg",Conjunto com top nadador com bolso e alta sustentação.,vimm_feed
47927714382062,https://cdn.shopify.com/s/files/1/0667/0961/8926/files/meta-sq-9244746744046-47191339565294.jpg?format=pjpg,"https://cdn.shopify.com/s/files/1/0667/0961/8926/files/meta-sq-add-66f0719ecc14.jpg?format=pjpg,https://cdn.shopify.com/s/files/1/0667/0961/8926/files/meta-sq-add-249b411a39e5.jpg?format=pjpg,https://cdn.shopify.com/s/files/1/0667/0961/8926/files/meta-sq-add-8a03dbf6bd83.jpg?format=pjpg",Conjunto com top nadador com bolso e alta sustentação.,vimm_feed
47927714414830,https://cdn.shopify.com/s/files/1/0667/0961/8926/files/meta-sq-9244746744046-47191339565294.jpg?format=pjpg,"https://cdn.shopify.com/s/files/1/0667/0961/8926/files/meta-sq-add-66f0719ecc14.jpg?format=pjpg,https://cdn.shopify.com/s/files/1/0667/0961/8926/files/meta-sq-add-249b411a39e5.jpg?format=pjpg,https://cdn.shopify.com/s/files/1/0667/0961/8926/files/meta-sq-add-8a03dbf6bd83.jpg?format=pjpg",Conjunto com top nadador com bolso e alta sustentação.,vimm_feed
47927714447598,https://cdn.shopify.com/s/files/1/0667/0961/8926/files/meta-sq-9244746744046-47191339565294.jpg?format=pjpg,"https://cdn.shopify.com/s/files/1/0667/0961/8926/files/meta-sq-add-66f0719ecc14.jpg?format=pjpg,https://cdn.shopify.com/s/files/1/0667/0961/8926/files/meta-sq-add-249b411a39e5.jpg?format=pjpg,https://cdn.shopify.com/s/files/1/0667/0961/8926/files/meta-sq-add-8a03dbf6bd83.jpg?format=pjpg",Conjunto com top nadador com bolso e alta sustentação.,vimm_feed
47927714480366,https://cdn.shopify.com/s/files/1/0667/0961/8926/files/meta-sq-9244746744046-47191339565294.jpg?format=pjpg,"https://cdn.shopify.com/s/files/1/0667/0961/8926/files/meta-sq-add-66f0719ecc14.jpg?format=pjpg,https://cdn.shopify.com/s/files/1/0667/0961/8926/files/meta-sq-add-249b411a39e5.jpg?format=pjpg,https://cdn.shopify.com/s/files/1/0667/0961/8926/files/meta-sq-add-8a03dbf6bd83.jpg?format=pjpg",Conjunto com top nadador com bolso e alta sustentação.,vimm_feed
47927714513134,https://cdn.shopify.com/s/files/1/0667/0961/8926/files/meta-sq-9244746744046-47191339565294.jpg?format=pjpg,"https://cdn.shopify.com/s/files/1/0667/0961/8926/files/meta-sq-add-66f0719ecc14.jpg?format=pjpg,https://cdn.shopify.com/s/files/1/0667/0961/8926/files/meta-sq-add-249b411a39e5.jpg?format=pjpg,https://cdn.shopify.com/s/files/1/0667/0961/8926/files/meta-sq-add-8a03dbf6bd83.jpg?format=pjpg",Conjunto com top nadador com bolso e alta sustentação.,vimm_feed
47927709696238,https://cdn.shopify.com/s/files/1/0667/0961/8926/files/meta-sq-9244746744046-47191339565294.jpg?format=pjpg,"https://cdn.shopify.com/s/files/1/0667/0961/8926/files/meta-sq-add-66f0719ecc14.jpg?format=pjpg,https://cdn.shopify.com/s/files/1/0667/0961/8926/files/meta-sq-add-249b411a39e5.jpg?format=pjpg,https://cdn.shopify.com/s/files/1/0667/0961/8926/files/meta-sq-add-8a03dbf6bd83.jpg?format=pjpg",Conjunto com top nadador com bolso e alta sustentação.,vimm_feed
47927714545902,https://cdn.shopify.com/s/files/1/0667/0961/8926/files/meta-sq-9244746744046-47191339565294.jpg?format=pjpg,"https://cdn.shopify.com/s/files/1/0667/0961/8926/files/meta-sq-add-66f0719ecc14.jpg?format=pjpg,https://cdn.shopify.com/s/files/1/0667/0961/8926/files/meta-sq-add-249b411a39e5.jpg?format=pjpg,https://cdn.shopify.com/s/files/1/0667/0961/8926/files/meta-sq-add-8a03dbf6bd83.jpg?format=pjpg",Conjunto com top nadador com bolso e alta sustentação.,vimm_feed
47927714578670,https://cdn.shopify.com/s/files/1/0667/0961/8926/files/meta-sq-9244746744046-47191339565294.jpg?format=pjpg,"https://cdn.shopify.com/s/files/1/0667/0961/8926/files/meta-sq-add-66f0719ecc14.jpg?format=pjpg,https://cdn.shopify.com/s/files/1/0667/0961/8926/files/meta-sq-add-249b411a39e5.jpg?format=pjpg,https://cdn.shopify.com/s/files/1/0667/0961/8926/files/meta-sq-add-8a03dbf6bd83.jpg?format=pjpg",Conjunto com top nadador com bolso e alta sustentação.,vimm_feed
47927714611438,https://cdn.shopify.com/s/files/1/0667/0961/8926/files/meta-sq-9244746744046-47191339565294.jpg?format=pjpg,"https://cdn.shopify.com/s/files/1/0667/0961/8926/files/meta-sq-add-66f0719ecc14.jpg?format=pjpg,https://cdn.shopify.com/s/files/1/0667/0961/8926/files/meta-sq-add-249b411a39e5.jpg?format=pjpg,https://cdn.shopify.com/s/files/1/0667/0961/8926/files/meta-sq-add-8a03dbf6bd83.jpg?format=pjpg",Conjunto com top nadador com bolso e alta sustentação.,vimm_feed
47927714644206,https://cdn.shopify.com/s/files/1/0667/0961/8926/files/meta-sq-9244746744046-47191339565294.jpg?format=pjpg,"https://cdn.shopify.com/s/files/1/0667/0961/8926/files/meta-sq-add-66f0719ecc14.jpg?format=pjpg,https://cdn.shopify.com/s/files/1/0667/0961/8926/files/meta-sq-add-249b411a39e5.jpg?format=pjpg,https://cdn.shopify.com/s/files/1/0667/0961/8926/files/meta-sq-add-8a03dbf6bd83.jpg?format=pjpg",Conjunto com top nadador com bolso e alta sustentação.,vimm_feed
47927714676974,https://cdn.shopify.com/s/files/1/0667/0961/8926/files/meta-sq-9244746744046-47191339565294.jpg?format=pjpg,"https://cdn.shopify.com/s/files/1/0667/0961/8926/files/meta-sq-add-66f0719ecc14.jpg?format=pjpg,https://cdn.shopify.com/s/files/1/0667/0961/8926/files/meta-sq-add-249b411a39e5.jpg?format=pjpg,https://cdn.shopify.com/s/files/1/0667/0961/8926/files/meta-sq-add-8a03dbf6bd83.jpg?format=pjpg",Conjunto com top nadador com bolso e alta sustentação.,vimm_feed
47927714709742,https://cdn.shopify.com/s/files/1/0667/0961/8926/files/meta-sq-9244746744046-47191339565294.jpg?format=pjpg,"https://cdn.shopify.com/s/files/1/0667/0961/8926/files/meta-sq-add-66f0719ecc14.jpg?format=pjpg,https://cdn.shopify.com/s/files/1/0667/0961/8926/files/meta-sq-add-249b411a39e5.jpg?format=pjpg,https://cdn.shopify.com/s/files/1/0667/0961/8926/files/meta-sq-add-8a03dbf6bd83.jpg?format=pjpg",Conjunto com top nadador com bolso e alta sustentação.,vimm_feed
47902144069870,https://cdn.shopify.com/s/files/1/0667/0961/8926/files/meta-sq-9235902169326-46334351737070.jpg?format=pjpg,https://cdn.shopify.com/s/files/1/0667/0961/8926/files/meta-sq-add-17b245fd3051.jpg?format=pjpg,Top-blusa com 6 bolsos nas costas e alta sustentação.,vimm_feed
47902144102638,https://cdn.shopify.com/s/files/1/0667/0961/8926/files/meta-sq-9235902169326-46334351737070.jpg?format=pjpg,https://cdn.shopify.com/s/files/1/0667/0961/8926/files/meta-sq-add-17b245fd3051.jpg?format=pjpg,Top-blusa com 6 bolsos nas costas e alta sustentação.,vimm_feed
47902144135406,https://cdn.shopify.com/s/files/1/0667/0961/8926/files/meta-sq-9235902169326-46334351737070.jpg?format=pjpg,https://cdn.shopify.com/s/files/1/0667/0961/8926/files/meta-sq-add-17b245fd3051.jpg?format=pjpg,Top-blusa com 6 bolsos nas costas e alta sustentação.,vimm_feed
47902144168174,https://cdn.shopify.com/s/files/1/0667/0961/8926/files/meta-sq-9235902169326-46334351737070.jpg?format=pjpg,https://cdn.shopify.com/s/files/1/0667/0961/8926/files/meta-sq-add-17b245fd3051.jpg?format=pjpg,Top-blusa com 6 bolsos nas costas e alta sustentação.,vimm_feed
47902144200942,https://cdn.shopify.com/s/files/1/0667/0961/8926/files/meta-sq-9235902169326-46334351737070.jpg?format=pjpg,https://cdn.shopify.com/s/files/1/0667/0961/8926/files/meta-sq-add-17b245fd3051.jpg?format=pjpg,Top-blusa com 6 bolsos nas costas e alta sustentação.,vimm_feed
47902122541294,https://cdn.shopify.com/s/files/1/0667/0961/8926/files/meta-sq-9235891749102-47183595405550.jpg?format=pjpg,"https://cdn.shopify.com/s/files/1/0667/0961/8926/files/meta-sq-add-9c5da530c3c6.jpg?format=pjpg,https://cdn.shopify.com/s/files/1/0667/0961/8926/files/meta-sq-add-cde8bf84f003.jpg?format=pjpg,https://cdn.shopify.com/s/files/1/0667/0961/8926/files/meta-sq-add-1bf9863c666a.jpg?format=pjpg",Top-blusa com top embutido e alta sustentação.,vimm_feed
47902122574062,https://cdn.shopify.com/s/files/1/0667/0961/8926/files/meta-sq-9235891749102-47183595405550.jpg?format=pjpg,"https://cdn.shopify.com/s/files/1/0667/0961/8926/files/meta-sq-add-9c5da530c3c6.jpg?format=pjpg,https://cdn.shopify.com/s/files/1/0667/0961/8926/files/meta-sq-add-cde8bf84f003.jpg?format=pjpg,https://cdn.shopify.com/s/files/1/0667/0961/8926/files/meta-sq-add-1bf9863c666a.jpg?format=pjpg",Top-blusa com top embutido e alta sustentação.,vimm_feed
47902122606830,https://cdn.shopify.com/s/files/1/0667/0961/8926/files/meta-sq-9235891749102-47183595405550.jpg?format=pjpg,"https://cdn.shopify.com/s/files/1/0667/0961/8926/files/meta-sq-add-9c5da530c3c6.jpg?format=pjpg,https://cdn.shopify.com/s/files/1/0667/0961/8926/files/meta-sq-add-cde8bf84f003.jpg?format=pjpg,https://cdn.shopify.com/s/files/1/0667/0961/8926/files/meta-sq-add-1bf9863c666a.jpg?format=pjpg",Top-blusa com top embutido e alta sustentação.,vimm_feed
47902122639598,https://cdn.shopify.com/s/files/1/0667/0961/8926/files/meta-sq-9235891749102-47183595405550.jpg?format=pjpg,"https://cdn.shopify.com/s/files/1/0667/0961/8926/files/meta-sq-add-9c5da530c3c6.jpg?format=pjpg,https://cdn.shopify.com/s/files/1/0667/0961/8926/files/meta-sq-add-cde8bf84f003.jpg?format=pjpg,https://cdn.shopify.com/s/files/1/0667/0961/8926/files/meta-sq-add-1bf9863c666a.jpg?format=pjpg",Top-blusa com top embutido e alta sustentação.,vimm_feed
47902122672366,https://cdn.shopify.com/s/files/1/0667/0961/8926/files/meta-sq-9235891749102-47183595405550.jpg?format=pjpg,"https://cdn.shopify.com/s/files/1/0667/0961/8926/files/meta-sq-add-9c5da530c3c6.jpg?format=pjpg,https://cdn.shopify.com/s/files/1/0667/0961/8926/files/meta-sq-add-cde8bf84f003.jpg?format=pjpg,https://cdn.shopify.com/s/files/1/0667/0961/8926/files/meta-sq-add-1bf9863c666a.jpg?format=pjpg",Top-blusa com top embutido e alta sustentação.,vimm_feed
47894659793134,https://cdn.shopify.com/s/files/1/0667/0961/8926/files/meta-sq-9234560549102-46334880579822.jpg?format=pjpg,,Top-blusa com 6 bolsos nas costas e alta sustentação.,vimm_feed
47894659825902,https://cdn.shopify.com/s/files/1/0667/0961/8926/files/meta-sq-9234560549102-46334880579822.jpg?format=pjpg,,Top-blusa com 6 bolsos nas costas e alta sustentação.,vimm_feed
47894659858670,https://cdn.shopify.com/s/files/1/0667/0961/8926/files/meta-sq-9234560549102-46334880579822.jpg?format=pjpg,,Top-blusa com 6 bolsos nas costas e alta sustentação.,vimm_feed
47894659891438,https://cdn.shopify.com/s/files/1/0667/0961/8926/files/meta-sq-9234560549102-46334880579822.jpg?format=pjpg,,Top-blusa com 6 bolsos nas costas e alta sustentação.,vimm_feed
47894659924206,https://cdn.shopify.com/s/files/1/0667/0961/8926/files/meta-sq-9234560549102-46334880579822.jpg?format=pjpg,,Top-blusa com 6 bolsos nas costas e alta sustentação.,vimm_feed
47894708912366,https://cdn.shopify.com/s/files/1/0667/0961/8926/files/meta-sq-9234564219118-46334607950062.jpg?format=pjpg,https://cdn.shopify.com/s/files/1/0667/0961/8926/files/meta-sq-add-5722f463d1e0.jpg?format=pjpg,Top nadador com bolso nas costas e alta sustentação.,vimm_feed
47894708945134,https://cdn.shopify.com/s/files/1/0667/0961/8926/files/meta-sq-9234564219118-46334607950062.jpg?format=pjpg,https://cdn.shopify.com/s/files/1/0667/0961/8926/files/meta-sq-add-5722f463d1e0.jpg?format=pjpg,Top nadador com bolso nas costas e alta sustentação.,vimm_feed
47894708977902,https://cdn.shopify.com/s/files/1/0667/0961/8926/files/meta-sq-9234564219118-46334607950062.jpg?format=pjpg,https://cdn.shopify.com/s/files/1/0667/0961/8926/files/meta-sq-add-5722f463d1e0.jpg?format=pjpg,Top nadador com bolso nas costas e alta sustentação.,vimm_feed
47894709010670,https://cdn.shopify.com/s/files/1/0667/0961/8926/files/meta-sq-9234564219118-46334607950062.jpg?format=pjpg,https://cdn.shopify.com/s/files/1/0667/0961/8926/files/meta-sq-add-5722f463d1e0.jpg?format=pjpg,Top nadador com bolso nas costas e alta sustentação.,vimm_feed
47894709043438,https://cdn.shopify.com/s/files/1/0667/0961/8926/files/meta-sq-9234564219118-46334607950062.jpg?format=pjpg,https://cdn.shopify.com/s/files/1/0667/0961/8926/files/meta-sq-add-5722f463d1e0.jpg?format=pjpg,Top nadador com bolso nas costas e alta sustentação.,vimm_feed
47894710321390,https://cdn.shopify.com/s/files/1/0667/0961/8926/files/meta-sq-9234564776174-46344859386094.jpg?format=pjpg,"https://cdn.shopify.com/s/files/1/0667/0961/8926/files/meta-sq-add-c199764efadf.jpg?format=pjpg,https://cdn.shopify.com/s/files/1/0667/0961/8926/files/meta-sq-add-92ef3cdba7bb.jpg?format=pjpg",Top nadador com bolso nas costas e alta sustentação.,vimm_feed
47894710354158,https://cdn.shopify.com/s/files/1/0667/0961/8926/files/meta-sq-9234564776174-46344859386094.jpg?format=pjpg,"https://cdn.shopify.com/s/files/1/0667/0961/8926/files/meta-sq-add-c199764efadf.jpg?format=pjpg,https://cdn.shopify.com/s/files/1/0667/0961/8926/files/meta-sq-add-92ef3cdba7bb.jpg?format=pjpg",Top nadador com bolso nas costas e alta sustentação.,vimm_feed
47894710386926,https://cdn.shopify.com/s/files/1/0667/0961/8926/files/meta-sq-9234564776174-46344859386094.jpg?format=pjpg,"https://cdn.shopify.com/s/files/1/0667/0961/8926/files/meta-sq-add-c199764efadf.jpg?format=pjpg,https://cdn.shopify.com/s/files/1/0667/0961/8926/files/meta-sq-add-92ef3cdba7bb.jpg?format=pjpg",Top nadador com bolso nas costas e alta sustentação.,vimm_feed
47894710419694,https://cdn.shopify.com/s/files/1/0667/0961/8926/files/meta-sq-9234564776174-46344859386094.jpg?format=pjpg,"https://cdn.shopify.com/s/files/1/0667/0961/8926/files/meta-sq-add-c199764efadf.jpg?format=pjpg,https://cdn.shopify.com/s/files/1/0667/0961/8926/files/meta-sq-add-92ef3cdba7bb.jpg?format=pjpg",Top nadador com bolso nas costas e alta sustentação.,vimm_feed
47894710452462,https://cdn.shopify.com/s/files/1/0667/0961/8926/files/meta-sq-9234564776174-46344859386094.jpg?format=pjpg,"https://cdn.shopify.com/s/files/1/0667/0961/8926/files/meta-sq-add-c199764efadf.jpg?format=pjpg,https://cdn.shopify.com/s/files/1/0667/0961/8926/files/meta-sq-add-92ef3cdba7bb.jpg?format=pjpg",Top nadador com bolso nas costas e alta sustentação.,vimm_feed
47894710943982,https://cdn.shopify.com/s/files/1/0667/0961/8926/files/meta-sq-9234565071086-46334536024302.jpg?format=pjpg,"https://cdn.shopify.com/s/files/1/0667/0961/8926/files/meta-sq-add-e8b280b33dd4.jpg?format=pjpg,https://cdn.shopify.com/s/files/1/0667/0961/8926/files/meta-sq-add-50440c60a800.jpg?format=pjpg",Top nadador com bolso nas costas e alta sustentação.,vimm_feed
47894710976750,https://cdn.shopify.com/s/files/1/0667/0961/8926/files/meta-sq-9234565071086-46334536024302.jpg?format=pjpg,"https://cdn.shopify.com/s/files/1/0667/0961/8926/files/meta-sq-add-e8b280b33dd4.jpg?format=pjpg,https://cdn.shopify.com/s/files/1/0667/0961/8926/files/meta-sq-add-50440c60a800.jpg?format=pjpg",Top nadador com bolso nas costas e alta sustentação.,vimm_feed
47894711009518,https://cdn.shopify.com/s/files/1/0667/0961/8926/files/meta-sq-9234565071086-46334536024302.jpg?format=pjpg,"https://cdn.shopify.com/s/files/1/0667/0961/8926/files/meta-sq-add-e8b280b33dd4.jpg?format=pjpg,https://cdn.shopify.com/s/files/1/0667/0961/8926/files/meta-sq-add-50440c60a800.jpg?format=pjpg",Top nadador com bolso nas costas e alta sustentação.,vimm_feed
47894711042286,https://cdn.shopify.com/s/files/1/0667/0961/8926/files/meta-sq-9234565071086-46334536024302.jpg?format=pjpg,"https://cdn.shopify.com/s/files/1/0667/0961/8926/files/meta-sq-add-e8b280b33dd4.jpg?format=pjpg,https://cdn.shopify.com/s/files/1/0667/0961/8926/files/meta-sq-add-50440c60a800.jpg?format=pjpg",Top nadador com bolso nas costas e alta sustentação.,vimm_feed
47894711075054,https://cdn.shopify.com/s/files/1/0667/0961/8926/files/meta-sq-9234565071086-46334536024302.jpg?format=pjpg,"https://cdn.shopify.com/s/files/1/0667/0961/8926/files/meta-sq-add-e8b280b33dd4.jpg?format=pjpg,https://cdn.shopify.com/s/files/1/0667/0961/8926/files/meta-sq-add-50440c60a800.jpg?format=pjpg",Top nadador com bolso nas costas e alta sustentação.,vimm_feed
46909543121134,https://cdn.shopify.com/s/files/1/0667/0961/8926/files/meta-sq-8934474907886-44867405709550.jpg?format=pjpg,"https://cdn.shopify.com/s/files/1/0667/0961/8926/files/meta-sq-add-cdef77db1a45.jpg?format=pjpg,https://cdn.shopify.com/s/files/1/0667/0961/8926/files/meta-sq-add-80616465da26.jpg?format=pjpg",Conjunto com top-blusa de alta sustentação e compressão.,vimm_feed
46909543153902,https://cdn.shopify.com/s/files/1/0667/0961/8926/files/meta-sq-8934474907886-44867405709550.jpg?format=pjpg,"https://cdn.shopify.com/s/files/1/0667/0961/8926/files/meta-sq-add-cdef77db1a45.jpg?format=pjpg,https://cdn.shopify.com/s/files/1/0667/0961/8926/files/meta-sq-add-80616465da26.jpg?format=pjpg",Conjunto com top-blusa de alta sustentação e compressão.,vimm_feed
46909543186670,https://cdn.shopify.com/s/files/1/0667/0961/8926/files/meta-sq-8934474907886-44867405709550.jpg?format=pjpg,"https://cdn.shopify.com/s/files/1/0667/0961/8926/files/meta-sq-add-cdef77db1a45.jpg?format=pjpg,https://cdn.shopify.com/s/files/1/0667/0961/8926/files/meta-sq-add-80616465da26.jpg?format=pjpg",Conjunto com top-blusa de alta sustentação e compressão.,vimm_feed
46909543219438,https://cdn.shopify.com/s/files/1/0667/0961/8926/files/meta-sq-8934474907886-44867405709550.jpg?format=pjpg,"https://cdn.shopify.com/s/files/1/0667/0961/8926/files/meta-sq-add-cdef77db1a45.jpg?format=pjpg,https://cdn.shopify.com/s/files/1/0667/0961/8926/files/meta-sq-add-80616465da26.jpg?format=pjpg",Conjunto com top-blusa de alta sustentação e compressão.,vimm_feed
46909543252206,https://cdn.shopify.com/s/files/1/0667/0961/8926/files/meta-sq-8934474907886-44867405709550.jpg?format=pjpg,"https://cdn.shopify.com/s/files/1/0667/0961/8926/files/meta-sq-add-cdef77db1a45.jpg?format=pjpg,https://cdn.shopify.com/s/files/1/0667/0961/8926/files/meta-sq-add-80616465da26.jpg?format=pjpg",Conjunto com top-blusa de alta sustentação e compressão.,vimm_feed
46909543284974,https://cdn.shopify.com/s/files/1/0667/0961/8926/files/meta-sq-8934474907886-44867405709550.jpg?format=pjpg,"https://cdn.shopify.com/s/files/1/0667/0961/8926/files/meta-sq-add-cdef77db1a45.jpg?format=pjpg,https://cdn.shopify.com/s/files/1/0667/0961/8926/files/meta-sq-add-80616465da26.jpg?format=pjpg",Conjunto com top-blusa de alta sustentação e compressão.,vimm_feed
46909543317742,https://cdn.shopify.com/s/files/1/0667/0961/8926/files/meta-sq-8934474907886-44867405709550.jpg?format=pjpg,"https://cdn.shopify.com/s/files/1/0667/0961/8926/files/meta-sq-add-cdef77db1a45.jpg?format=pjpg,https://cdn.shopify.com/s/files/1/0667/0961/8926/files/meta-sq-add-80616465da26.jpg?format=pjpg",Conjunto com top-blusa de alta sustentação e compressão.,vimm_feed
46909543350510,https://cdn.shopify.com/s/files/1/0667/0961/8926/files/meta-sq-8934474907886-44867405709550.jpg?format=pjpg,"https://cdn.shopify.com/s/files/1/0667/0961/8926/files/meta-sq-add-cdef77db1a45.jpg?format=pjpg,https://cdn.shopify.com/s/files/1/0667/0961/8926/files/meta-sq-add-80616465da26.jpg?format=pjpg",Conjunto com top-blusa de alta sustentação e compressão.,vimm_feed
46909543383278,https://cdn.shopify.com/s/files/1/0667/0961/8926/files/meta-sq-8934474907886-44867405709550.jpg?format=pjpg,"https://cdn.shopify.com/s/files/1/0667/0961/8926/files/meta-sq-add-cdef77db1a45.jpg?format=pjpg,https://cdn.shopify.com/s/files/1/0667/0961/8926/files/meta-sq-add-80616465da26.jpg?format=pjpg",Conjunto com top-blusa de alta sustentação e compressão.,vimm_feed
46909543416046,https://cdn.shopify.com/s/files/1/0667/0961/8926/files/meta-sq-8934474907886-44867405709550.jpg?format=pjpg,"https://cdn.shopify.com/s/files/1/0667/0961/8926/files/meta-sq-add-cdef77db1a45.jpg?format=pjpg,https://cdn.shopify.com/s/files/1/0667/0961/8926/files/meta-sq-add-80616465da26.jpg?format=pjpg",Conjunto com top-blusa de alta sustentação e compressão.,vimm_feed
46909543448814,https://cdn.shopify.com/s/files/1/0667/0961/8926/files/meta-sq-8934474907886-44867405709550.jpg?format=pjpg,"https://cdn.shopify.com/s/files/1/0667/0961/8926/files/meta-sq-add-cdef77db1a45.jpg?format=pjpg,https://cdn.shopify.com/s/files/1/0667/0961/8926/files/meta-sq-add-80616465da26.jpg?format=pjpg",Conjunto com top-blusa de alta sustentação e compressão.,vimm_feed
46909543481582,https://cdn.shopify.com/s/files/1/0667/0961/8926/files/meta-sq-8934474907886-44867405709550.jpg?format=pjpg,"https://cdn.shopify.com/s/files/1/0667/0961/8926/files/meta-sq-add-cdef77db1a45.jpg?format=pjpg,https://cdn.shopify.com/s/files/1/0667/0961/8926/files/meta-sq-add-80616465da26.jpg?format=pjpg",Conjunto com top-blusa de alta sustentação e compressão.,vimm_feed
46909543514350,https://cdn.shopify.com/s/files/1/0667/0961/8926/files/meta-sq-8934474907886-44867405709550.jpg?format=pjpg,"https://cdn.shopify.com/s/files/1/0667/0961/8926/files/meta-sq-add-cdef77db1a45.jpg?format=pjpg,https://cdn.shopify.com/s/files/1/0667/0961/8926/files/meta-sq-add-80616465da26.jpg?format=pjpg",Conjunto com top-blusa de alta sustentação e compressão.,vimm_feed
46909543547118,https://cdn.shopify.com/s/files/1/0667/0961/8926/files/meta-sq-8934474907886-44867405709550.jpg?format=pjpg,"https://cdn.shopify.com/s/files/1/0667/0961/8926/files/meta-sq-add-cdef77db1a45.jpg?format=pjpg,https://cdn.shopify.com/s/files/1/0667/0961/8926/files/meta-sq-add-80616465da26.jpg?format=pjpg",Conjunto com top-blusa de alta sustentação e compressão.,vimm_feed
46909543579886,https://cdn.shopify.com/s/files/1/0667/0961/8926/files/meta-sq-8934474907886-44867405709550.jpg?format=pjpg,"https://cdn.shopify.com/s/files/1/0667/0961/8926/files/meta-sq-add-cdef77db1a45.jpg?format=pjpg,https://cdn.shopify.com/s/files/1/0667/0961/8926/files/meta-sq-add-80616465da26.jpg?format=pjpg",Conjunto com top-blusa de alta sustentação e compressão.,vimm_feed
46909543612654,https://cdn.shopify.com/s/files/1/0667/0961/8926/files/meta-sq-8934474907886-44867405709550.jpg?format=pjpg,"https://cdn.shopify.com/s/files/1/0667/0961/8926/files/meta-sq-add-cdef77db1a45.jpg?format=pjpg,https://cdn.shopify.com/s/files/1/0667/0961/8926/files/meta-sq-add-80616465da26.jpg?format=pjpg",Conjunto com top-blusa de alta sustentação e compressão.,vimm_feed
46909543645422,https://cdn.shopify.com/s/files/1/0667/0961/8926/files/meta-sq-8934474907886-44867405709550.jpg?format=pjpg,"https://cdn.shopify.com/s/files/1/0667/0961/8926/files/meta-sq-add-cdef77db1a45.jpg?format=pjpg,https://cdn.shopify.com/s/files/1/0667/0961/8926/files/meta-sq-add-80616465da26.jpg?format=pjpg",Conjunto com top-blusa de alta sustentação e compressão.,vimm_feed
46909543678190,https://cdn.shopify.com/s/files/1/0667/0961/8926/files/meta-sq-8934474907886-44867405709550.jpg?format=pjpg,"https://cdn.shopify.com/s/files/1/0667/0961/8926/files/meta-sq-add-cdef77db1a45.jpg?format=pjpg,https://cdn.shopify.com/s/files/1/0667/0961/8926/files/meta-sq-add-80616465da26.jpg?format=pjpg",Conjunto com top-blusa de alta sustentação e compressão.,vimm_feed
46909543710958,https://cdn.shopify.com/s/files/1/0667/0961/8926/files/meta-sq-8934474907886-44867405709550.jpg?format=pjpg,"https://cdn.shopify.com/s/files/1/0667/0961/8926/files/meta-sq-add-cdef77db1a45.jpg?format=pjpg,https://cdn.shopify.com/s/files/1/0667/0961/8926/files/meta-sq-add-80616465da26.jpg?format=pjpg",Conjunto com top-blusa de alta sustentação e compressão.,vimm_feed
46909543743726,https://cdn.shopify.com/s/files/1/0667/0961/8926/files/meta-sq-8934474907886-44867405709550.jpg?format=pjpg,"https://cdn.shopify.com/s/files/1/0667/0961/8926/files/meta-sq-add-cdef77db1a45.jpg?format=pjpg,https://cdn.shopify.com/s/files/1/0667/0961/8926/files/meta-sq-add-80616465da26.jpg?format=pjpg",Conjunto com top-blusa de alta sustentação e compressão.,vimm_feed
46909543776494,https://cdn.shopify.com/s/files/1/0667/0961/8926/files/meta-sq-8934474907886-44867405709550.jpg?format=pjpg,"https://cdn.shopify.com/s/files/1/0667/0961/8926/files/meta-sq-add-cdef77db1a45.jpg?format=pjpg,https://cdn.shopify.com/s/files/1/0667/0961/8926/files/meta-sq-add-80616465da26.jpg?format=pjpg",Conjunto com top-blusa de alta sustentação e compressão.,vimm_feed
46909543809262,https://cdn.shopify.com/s/files/1/0667/0961/8926/files/meta-sq-8934474907886-44867405709550.jpg?format=pjpg,"https://cdn.shopify.com/s/files/1/0667/0961/8926/files/meta-sq-add-cdef77db1a45.jpg?format=pjpg,https://cdn.shopify.com/s/files/1/0667/0961/8926/files/meta-sq-add-80616465da26.jpg?format=pjpg",Conjunto com top-blusa de alta sustentação e compressão.,vimm_feed
46909543842030,https://cdn.shopify.com/s/files/1/0667/0961/8926/files/meta-sq-8934474907886-44867405709550.jpg?format=pjpg,"https://cdn.shopify.com/s/files/1/0667/0961/8926/files/meta-sq-add-cdef77db1a45.jpg?format=pjpg,https://cdn.shopify.com/s/files/1/0667/0961/8926/files/meta-sq-add-80616465da26.jpg?format=pjpg",Conjunto com top-blusa de alta sustentação e compressão.,vimm_feed
46909543874798,https://cdn.shopify.com/s/files/1/0667/0961/8926/files/meta-sq-8934474907886-44867405709550.jpg?format=pjpg,"https://cdn.shopify.com/s/files/1/0667/0961/8926/files/meta-sq-add-cdef77db1a45.jpg?format=pjpg,https://cdn.shopify.com/s/files/1/0667/0961/8926/files/meta-sq-add-80616465da26.jpg?format=pjpg",Conjunto com top-blusa de alta sustentação e compressão.,vimm_feed
46909543907566,https://cdn.shopify.com/s/files/1/0667/0961/8926/files/meta-sq-8934474907886-44867405709550.jpg?format=pjpg,"https://cdn.shopify.com/s/files/1/0667/0961/8926/files/meta-sq-add-cdef77db1a45.jpg?format=pjpg,https://cdn.shopify.com/s/files/1/0667/0961/8926/files/meta-sq-add-80616465da26.jpg?format=pjpg",Conjunto com top-blusa de alta sustentação e compressão.,vimm_feed
46909543940334,https://cdn.shopify.com/s/files/1/0667/0961/8926/files/meta-sq-8934474907886-44867405709550.jpg?format=pjpg,"https://cdn.shopify.com/s/files/1/0667/0961/8926/files/meta-sq-add-cdef77db1a45.jpg?format=pjpg,https://cdn.shopify.com/s/files/1/0667/0961/8926/files/meta-sq-add-80616465da26.jpg?format=pjpg",Conjunto com top-blusa de alta sustentação e compressão.,vimm_feed
46909543973102,https://cdn.shopify.com/s/files/1/0667/0961/8926/files/meta-sq-8934474907886-44867405709550.jpg?format=pjpg,"https://cdn.shopify.com/s/files/1/0667/0961/8926/files/meta-sq-add-cdef77db1a45.jpg?format=pjpg,https://cdn.shopify.com/s/files/1/0667/0961/8926/files/meta-sq-add-80616465da26.jpg?format=pjpg",Conjunto com top-blusa de alta sustentação e compressão.,vimm_feed
46909544005870,https://cdn.shopify.com/s/files/1/0667/0961/8926/files/meta-sq-8934474907886-44867405709550.jpg?format=pjpg,"https://cdn.shopify.com/s/files/1/0667/0961/8926/files/meta-sq-add-cdef77db1a45.jpg?format=pjpg,https://cdn.shopify.com/s/files/1/0667/0961/8926/files/meta-sq-add-80616465da26.jpg?format=pjpg",Conjunto com top-blusa de alta sustentação e compressão.,vimm_feed
46909544038638,https://cdn.shopify.com/s/files/1/0667/0961/8926/files/meta-sq-8934474907886-44867405709550.jpg?format=pjpg,"https://cdn.shopify.com/s/files/1/0667/0961/8926/files/meta-sq-add-cdef77db1a45.jpg?format=pjpg,https://cdn.shopify.com/s/files/1/0667/0961/8926/files/meta-sq-add-80616465da26.jpg?format=pjpg",Conjunto com top-blusa de alta sustentação e compressão.,vimm_feed
46909544071406,https://cdn.shopify.com/s/files/1/0667/0961/8926/files/meta-sq-8934474907886-44867405709550.jpg?format=pjpg,"https://cdn.shopify.com/s/files/1/0667/0961/8926/files/meta-sq-add-cdef77db1a45.jpg?format=pjpg,https://cdn.shopify.com/s/files/1/0667/0961/8926/files/meta-sq-add-80616465da26.jpg?format=pjpg",Conjunto com top-blusa de alta sustentação e compressão.,vimm_feed
46909544104174,https://cdn.shopify.com/s/files/1/0667/0961/8926/files/meta-sq-8934474907886-44867405709550.jpg?format=pjpg,"https://cdn.shopify.com/s/files/1/0667/0961/8926/files/meta-sq-add-cdef77db1a45.jpg?format=pjpg,https://cdn.shopify.com/s/files/1/0667/0961/8926/files/meta-sq-add-80616465da26.jpg?format=pjpg",Conjunto com top-blusa de alta sustentação e compressão.,vimm_feed
46909544136942,https://cdn.shopify.com/s/files/1/0667/0961/8926/files/meta-sq-8934474907886-44867405709550.jpg?format=pjpg,"https://cdn.shopify.com/s/files/1/0667/0961/8926/files/meta-sq-add-cdef77db1a45.jpg?format=pjpg,https://cdn.shopify.com/s/files/1/0667/0961/8926/files/meta-sq-add-80616465da26.jpg?format=pjpg",Conjunto com top-blusa de alta sustentação e compressão.,vimm_feed
46909544169710,https://cdn.shopify.com/s/files/1/0667/0961/8926/files/meta-sq-8934474907886-44867405709550.jpg?format=pjpg,"https://cdn.shopify.com/s/files/1/0667/0961/8926/files/meta-sq-add-cdef77db1a45.jpg?format=pjpg,https://cdn.shopify.com/s/files/1/0667/0961/8926/files/meta-sq-add-80616465da26.jpg?format=pjpg",Conjunto com top-blusa de alta sustentação e compressão.,vimm_feed
46909544202478,https://cdn.shopify.com/s/files/1/0667/0961/8926/files/meta-sq-8934474907886-44867405709550.jpg?format=pjpg,"https://cdn.shopify.com/s/files/1/0667/0961/8926/files/meta-sq-add-cdef77db1a45.jpg?format=pjpg,https://cdn.shopify.com/s/files/1/0667/0961/8926/files/meta-sq-add-80616465da26.jpg?format=pjpg",Conjunto com top-blusa de alta sustentação e compressão.,vimm_feed
46909544235246,https://cdn.shopify.com/s/files/1/0667/0961/8926/files/meta-sq-8934474907886-44867405709550.jpg?format=pjpg,"https://cdn.shopify.com/s/files/1/0667/0961/8926/files/meta-sq-add-cdef77db1a45.jpg?format=pjpg,https://cdn.shopify.com/s/files/1/0667/0961/8926/files/meta-sq-add-80616465da26.jpg?format=pjpg",Conjunto com top-blusa de alta sustentação e compressão.,vimm_feed
46909545709806,https://cdn.shopify.com/s/files/1/0667/0961/8926/files/meta-sq-8934475071726-44867404005614.jpg?format=pjpg,"https://cdn.shopify.com/s/files/1/0667/0961/8926/files/meta-sq-add-ab93d3059bb6.jpg?format=pjpg,https://cdn.shopify.com/s/files/1/0667/0961/8926/files/meta-sq-add-f8cc750777ec.jpg?format=pjpg,https://cdn.shopify.com/s/files/1/0667/0961/8926/files/meta-sq-add-f7bf1a7c7735.jpg?format=pjpg,https://cdn.shopify.com/s/files/1/0667/0961/8926/files/meta-sq-add-583a2493cbfc.jpg?format=pjpg,https://cdn.shopify.com/s/files/1/0667/0961/8926/files/meta-sq-add-8856453fab8c.jpg?format=pjpg,https://cdn.shopify.com/s/files/1/0667/0961/8926/files/meta-sq-add-7d49bda74d41.jpg?format=pjpg",Conjunto com top-blusa de alta sustentação e compressão.,vimm_feed
46909545742574,https://cdn.shopify.com/s/files/1/0667/0961/8926/files/meta-sq-8934475071726-44867404005614.jpg?format=pjpg,"https://cdn.shopify.com/s/files/1/0667/0961/8926/files/meta-sq-add-ab93d3059bb6.jpg?format=pjpg,https://cdn.shopify.com/s/files/1/0667/0961/8926/files/meta-sq-add-f8cc750777ec.jpg?format=pjpg,https://cdn.shopify.com/s/files/1/0667/0961/8926/files/meta-sq-add-f7bf1a7c7735.jpg?format=pjpg,https://cdn.shopify.com/s/files/1/0667/0961/8926/files/meta-sq-add-583a2493cbfc.jpg?format=pjpg,https://cdn.shopify.com/s/files/1/0667/0961/8926/files/meta-sq-add-8856453fab8c.jpg?format=pjpg,https://cdn.shopify.com/s/files/1/0667/0961/8926/files/meta-sq-add-7d49bda74d41.jpg?format=pjpg",Conjunto com top-blusa de alta sustentação e compressão.,vimm_feed
46909545775342,https://cdn.shopify.com/s/files/1/0667/0961/8926/files/meta-sq-8934475071726-44867404005614.jpg?format=pjpg,"https://cdn.shopify.com/s/files/1/0667/0961/8926/files/meta-sq-add-ab93d3059bb6.jpg?format=pjpg,https://cdn.shopify.com/s/files/1/0667/0961/8926/files/meta-sq-add-f8cc750777ec.jpg?format=pjpg,https://cdn.shopify.com/s/files/1/0667/0961/8926/files/meta-sq-add-f7bf1a7c7735.jpg?format=pjpg,https://cdn.shopify.com/s/files/1/0667/0961/8926/files/meta-sq-add-583a2493cbfc.jpg?format=pjpg,https://cdn.shopify.com/s/files/1/0667/0961/8926/files/meta-sq-add-8856453fab8c.jpg?format=pjpg,https://cdn.shopify.com/s/files/1/0667/0961/8926/files/meta-sq-add-7d49bda74d41.jpg?format=pjpg",Conjunto com top-blusa de alta sustentação e compressão.,vimm_feed
46909545808110,https://cdn.shopify.com/s/files/1/0667/0961/8926/files/meta-sq-8934475071726-44867404005614.jpg?format=pjpg,"https://cdn.shopify.com/s/files/1/0667/0961/8926/files/meta-sq-add-ab93d3059bb6.jpg?format=pjpg,https://cdn.shopify.com/s/files/1/0667/0961/8926/files/meta-sq-add-f8cc750777ec.jpg?format=pjpg,https://cdn.shopify.com/s/files/1/0667/0961/8926/files/meta-sq-add-f7bf1a7c7735.jpg?format=pjpg,https://cdn.shopify.com/s/files/1/0667/0961/8926/files/meta-sq-add-583a2493cbfc.jpg?format=pjpg,https://cdn.shopify.com/s/files/1/0667/0961/8926/files/meta-sq-add-8856453fab8c.jpg?format=pjpg,https://cdn.shopify.com/s/files/1/0667/0961/8926/files/meta-sq-add-7d49bda74d41.jpg?format=pjpg",Conjunto com top-blusa de alta sustentação e compressão.,vimm_feed
46909545840878,https://cdn.shopify.com/s/files/1/0667/0961/8926/files/meta-sq-8934475071726-44867404005614.jpg?format=pjpg,"https://cdn.shopify.com/s/files/1/0667/0961/8926/files/meta-sq-add-ab93d3059bb6.jpg?format=pjpg,https://cdn.shopify.com/s/files/1/0667/0961/8926/files/meta-sq-add-f8cc750777ec.jpg?format=pjpg,https://cdn.shopify.com/s/files/1/0667/0961/8926/files/meta-sq-add-f7bf1a7c7735.jpg?format=pjpg,https://cdn.shopify.com/s/files/1/0667/0961/8926/files/meta-sq-add-583a2493cbfc.jpg?format=pjpg,https://cdn.shopify.com/s/files/1/0667/0961/8926/files/meta-sq-add-8856453fab8c.jpg?format=pjpg,https://cdn.shopify.com/s/files/1/0667/0961/8926/files/meta-sq-add-7d49bda74d41.jpg?format=pjpg",Conjunto com top-blusa de alta sustentação e compressão.,vimm_feed
46909545873646,https://cdn.shopify.com/s/files/1/0667/0961/8926/files/meta-sq-8934475071726-44867404005614.jpg?format=pjpg,"https://cdn.shopify.com/s/files/1/0667/0961/8926/files/meta-sq-add-ab93d3059bb6.jpg?format=pjpg,https://cdn.shopify.com/s/files/1/0667/0961/8926/files/meta-sq-add-f8cc750777ec.jpg?format=pjpg,https://cdn.shopify.com/s/files/1/0667/0961/8926/files/meta-sq-add-f7bf1a7c7735.jpg?format=pjpg,https://cdn.shopify.com/s/files/1/0667/0961/8926/files/meta-sq-add-583a2493cbfc.jpg?format=pjpg,https://cdn.shopify.com/s/files/1/0667/0961/8926/files/meta-sq-add-8856453fab8c.jpg?format=pjpg,https://cdn.shopify.com/s/files/1/0667/0961/8926/files/meta-sq-add-7d49bda74d41.jpg?format=pjpg",Conjunto com top-blusa de alta sustentação e compressão.,vimm_feed
46909545906414,https://cdn.shopify.com/s/files/1/0667/0961/8926/files/meta-sq-8934475071726-44867404005614.jpg?format=pjpg,"https://cdn.shopify.com/s/files/1/0667/0961/8926/files/meta-sq-add-ab93d3059bb6.jpg?format=pjpg,https://cdn.shopify.com/s/files/1/0667/0961/8926/files/meta-sq-add-f8cc750777ec.jpg?format=pjpg,https://cdn.shopify.com/s/files/1/0667/0961/8926/files/meta-sq-add-f7bf1a7c7735.jpg?format=pjpg,https://cdn.shopify.com/s/files/1/0667/0961/8926/files/meta-sq-add-583a2493cbfc.jpg?format=pjpg,https://cdn.shopify.com/s/files/1/0667/0961/8926/files/meta-sq-add-8856453fab8c.jpg?format=pjpg,https://cdn.shopify.com/s/files/1/0667/0961/8926/files/meta-sq-add-7d49bda74d41.jpg?format=pjpg",Conjunto com top-blusa de alta sustentação e compressão.,vimm_feed
46909545939182,https://cdn.shopify.com/s/files/1/0667/0961/8926/files/meta-sq-8934475071726-44867404005614.jpg?format=pjpg,"https://cdn.shopify.com/s/files/1/0667/0961/8926/files/meta-sq-add-ab93d3059bb6.jpg?format=pjpg,https://cdn.shopify.com/s/files/1/0667/0961/8926/files/meta-sq-add-f8cc750777ec.jpg?format=pjpg,https://cdn.shopify.com/s/files/1/0667/0961/8926/files/meta-sq-add-f7bf1a7c7735.jpg?format=pjpg,https://cdn.shopify.com/s/files/1/0667/0961/8926/files/meta-sq-add-583a2493cbfc.jpg?format=pjpg,https://cdn.shopify.com/s/files/1/0667/0961/8926/files/meta-sq-add-8856453fab8c.jpg?format=pjpg,https://cdn.shopify.com/s/files/1/0667/0961/8926/files/meta-sq-add-7d49bda74d41.jpg?format=pjpg",Conjunto com top-blusa de alta sustentação e compressão.,vimm_feed
46909545971950,https://cdn.shopify.com/s/files/1/0667/0961/8926/files/meta-sq-8934475071726-44867404005614.jpg?format=pjpg,"https://cdn.shopify.com/s/files/1/0667/0961/8926/files/meta-sq-add-ab93d3059bb6.jpg?format=pjpg,https://cdn.shopify.com/s/files/1/0667/0961/8926/files/meta-sq-add-f8cc750777ec.jpg?format=pjpg,https://cdn.shopify.com/s/files/1/0667/0961/8926/files/meta-sq-add-f7bf1a7c7735.jpg?format=pjpg,https://cdn.shopify.com/s/files/1/0667/0961/8926/files/meta-sq-add-583a2493cbfc.jpg?format=pjpg,https://cdn.shopify.com/s/files/1/0667/0961/8926/files/meta-sq-add-8856453fab8c.jpg?format=pjpg,https://cdn.shopify.com/s/files/1/0667/0961/8926/files/meta-sq-add-7d49bda74d41.jpg?format=pjpg",Conjunto com top-blusa de alta sustentação e compressão.,vimm_feed
46909546004718,https://cdn.shopify.com/s/files/1/0667/0961/8926/files/meta-sq-8934475071726-44867404005614.jpg?format=pjpg,"https://cdn.shopify.com/s/files/1/0667/0961/8926/files/meta-sq-add-ab93d3059bb6.jpg?format=pjpg,https://cdn.shopify.com/s/files/1/0667/0961/8926/files/meta-sq-add-f8cc750777ec.jpg?format=pjpg,https://cdn.shopify.com/s/files/1/0667/0961/8926/files/meta-sq-add-f7bf1a7c7735.jpg?format=pjpg,https://cdn.shopify.com/s/files/1/0667/0961/8926/files/meta-sq-add-583a2493cbfc.jpg?format=pjpg,https://cdn.shopify.com/s/files/1/0667/0961/8926/files/meta-sq-add-8856453fab8c.jpg?format=pjpg,https://cdn.shopify.com/s/files/1/0667/0961/8926/files/meta-sq-add-7d49bda74d41.jpg?format=pjpg",Conjunto com top-blusa de alta sustentação e compressão.,vimm_feed
46909546037486,https://cdn.shopify.com/s/files/1/0667/0961/8926/files/meta-sq-8934475071726-44867404005614.jpg?format=pjpg,"https://cdn.shopify.com/s/files/1/0667/0961/8926/files/meta-sq-add-ab93d3059bb6.jpg?format=pjpg,https://cdn.shopify.com/s/files/1/0667/0961/8926/files/meta-sq-add-f8cc750777ec.jpg?format=pjpg,https://cdn.shopify.com/s/files/1/0667/0961/8926/files/meta-sq-add-f7bf1a7c7735.jpg?format=pjpg,https://cdn.shopify.com/s/files/1/0667/0961/8926/files/meta-sq-add-583a2493cbfc.jpg?format=pjpg,https://cdn.shopify.com/s/files/1/0667/0961/8926/files/meta-sq-add-8856453fab8c.jpg?format=pjpg,https://cdn.shopify.com/s/files/1/0667/0961/8926/files/meta-sq-add-7d49bda74d41.jpg?format=pjpg",Conjunto com top-blusa de alta sustentação e compressão.,vimm_feed
46909546070254,https://cdn.shopify.com/s/files/1/0667/0961/8926/files/meta-sq-8934475071726-44867404005614.jpg?format=pjpg,"https://cdn.shopify.com/s/files/1/0667/0961/8926/files/meta-sq-add-ab93d3059bb6.jpg?format=pjpg,https://cdn.shopify.com/s/files/1/0667/0961/8926/files/meta-sq-add-f8cc750777ec.jpg?format=pjpg,https://cdn.shopify.com/s/files/1/0667/0961/8926/files/meta-sq-add-f7bf1a7c7735.jpg?format=pjpg,https://cdn.shopify.com/s/files/1/0667/0961/8926/files/meta-sq-add-583a2493cbfc.jpg?format=pjpg,https://cdn.shopify.com/s/files/1/0667/0961/8926/files/meta-sq-add-8856453fab8c.jpg?format=pjpg,https://cdn.shopify.com/s/files/1/0667/0961/8926/files/meta-sq-add-7d49bda74d41.jpg?format=pjpg",Conjunto com top-blusa de alta sustentação e compressão.,vimm_feed
46909546103022,https://cdn.shopify.com/s/files/1/0667/0961/8926/files/meta-sq-8934475071726-44867404005614.jpg?format=pjpg,"https://cdn.shopify.com/s/files/1/0667/0961/8926/files/meta-sq-add-ab93d3059bb6.jpg?format=pjpg,https://cdn.shopify.com/s/files/1/0667/0961/8926/files/meta-sq-add-f8cc750777ec.jpg?format=pjpg,https://cdn.shopify.com/s/files/1/0667/0961/8926/files/meta-sq-add-f7bf1a7c7735.jpg?format=pjpg,https://cdn.shopify.com/s/files/1/0667/0961/8926/files/meta-sq-add-583a2493cbfc.jpg?format=pjpg,https://cdn.shopify.com/s/files/1/0667/0961/8926/files/meta-sq-add-8856453fab8c.jpg?format=pjpg,https://cdn.shopify.com/s/files/1/0667/0961/8926/files/meta-sq-add-7d49bda74d41.jpg?format=pjpg",Conjunto com top-blusa de alta sustentação e compressão.,vimm_feed
46909546135790,https://cdn.shopify.com/s/files/1/0667/0961/8926/files/meta-sq-8934475071726-44867404005614.jpg?format=pjpg,"https://cdn.shopify.com/s/files/1/0667/0961/8926/files/meta-sq-add-ab93d3059bb6.jpg?format=pjpg,https://cdn.shopify.com/s/files/1/0667/0961/8926/files/meta-sq-add-f8cc750777ec.jpg?format=pjpg,https://cdn.shopify.com/s/files/1/0667/0961/8926/files/meta-sq-add-f7bf1a7c7735.jpg?format=pjpg,https://cdn.shopify.com/s/files/1/0667/0961/8926/files/meta-sq-add-583a2493cbfc.jpg?format=pjpg,https://cdn.shopify.com/s/files/1/0667/0961/8926/files/meta-sq-add-8856453fab8c.jpg?format=pjpg,https://cdn.shopify.com/s/files/1/0667/0961/8926/files/meta-sq-add-7d49bda74d41.jpg?format=pjpg",Conjunto com top-blusa de alta sustentação e compressão.,vimm_feed
46909546168558,https://cdn.shopify.com/s/files/1/0667/0961/8926/files/meta-sq-8934475071726-44867404005614.jpg?format=pjpg,"https://cdn.shopify.com/s/files/1/0667/0961/8926/files/meta-sq-add-ab93d3059bb6.jpg?format=pjpg,https://cdn.shopify.com/s/files/1/0667/0961/8926/files/meta-sq-add-f8cc750777ec.jpg?format=pjpg,https://cdn.shopify.com/s/files/1/0667/0961/8926/files/meta-sq-add-f7bf1a7c7735.jpg?format=pjpg,https://cdn.shopify.com/s/files/1/0667/0961/8926/files/meta-sq-add-583a2493cbfc.jpg?format=pjpg,https://cdn.shopify.com/s/files/1/0667/0961/8926/files/meta-sq-add-8856453fab8c.jpg?format=pjpg,https://cdn.shopify.com/s/files/1/0667/0961/8926/files/meta-sq-add-7d49bda74d41.jpg?format=pjpg",Conjunto com top-blusa de alta sustentação e compressão.,vimm_feed
46909546201326,https://cdn.shopify.com/s/files/1/0667/0961/8926/files/meta-sq-8934475071726-44867404005614.jpg?format=pjpg,"https://cdn.shopify.com/s/files/1/0667/0961/8926/files/meta-sq-add-ab93d3059bb6.jpg?format=pjpg,https://cdn.shopify.com/s/files/1/0667/0961/8926/files/meta-sq-add-f8cc750777ec.jpg?format=pjpg,https://cdn.shopify.com/s/files/1/0667/0961/8926/files/meta-sq-add-f7bf1a7c7735.jpg?format=pjpg,https://cdn.shopify.com/s/files/1/0667/0961/8926/files/meta-sq-add-583a2493cbfc.jpg?format=pjpg,https://cdn.shopify.com/s/files/1/0667/0961/8926/files/meta-sq-add-8856453fab8c.jpg?format=pjpg,https://cdn.shopify.com/s/files/1/0667/0961/8926/files/meta-sq-add-7d49bda74d41.jpg?format=pjpg",Conjunto com top-blusa de alta sustentação e compressão.,vimm_feed
46909546234094,https://cdn.shopify.com/s/files/1/0667/0961/8926/files/meta-sq-8934475071726-44867404005614.jpg?format=pjpg,"https://cdn.shopify.com/s/files/1/0667/0961/8926/files/meta-sq-add-ab93d3059bb6.jpg?format=pjpg,https://cdn.shopify.com/s/files/1/0667/0961/8926/files/meta-sq-add-f8cc750777ec.jpg?format=pjpg,https://cdn.shopify.com/s/files/1/0667/0961/8926/files/meta-sq-add-f7bf1a7c7735.jpg?format=pjpg,https://cdn.shopify.com/s/files/1/0667/0961/8926/files/meta-sq-add-583a2493cbfc.jpg?format=pjpg,https://cdn.shopify.com/s/files/1/0667/0961/8926/files/meta-sq-add-8856453fab8c.jpg?format=pjpg,https://cdn.shopify.com/s/files/1/0667/0961/8926/files/meta-sq-add-7d49bda74d41.jpg?format=pjpg",Conjunto com top-blusa de alta sustentação e compressão.,vimm_feed
46909546266862,https://cdn.shopify.com/s/files/1/0667/0961/8926/files/meta-sq-8934475071726-44867404005614.jpg?format=pjpg,"https://cdn.shopify.com/s/files/1/0667/0961/8926/files/meta-sq-add-ab93d3059bb6.jpg?format=pjpg,https://cdn.shopify.com/s/files/1/0667/0961/8926/files/meta-sq-add-f8cc750777ec.jpg?format=pjpg,https://cdn.shopify.com/s/files/1/0667/0961/8926/files/meta-sq-add-f7bf1a7c7735.jpg?format=pjpg,https://cdn.shopify.com/s/files/1/0667/0961/8926/files/meta-sq-add-583a2493cbfc.jpg?format=pjpg,https://cdn.shopify.com/s/files/1/0667/0961/8926/files/meta-sq-add-8856453fab8c.jpg?format=pjpg,https://cdn.shopify.com/s/files/1/0667/0961/8926/files/meta-sq-add-7d49bda74d41.jpg?format=pjpg",Conjunto com top-blusa de alta sustentação e compressão.,vimm_feed
46909546299630,https://cdn.shopify.com/s/files/1/0667/0961/8926/files/meta-sq-8934475071726-44867404005614.jpg?format=pjpg,"https://cdn.shopify.com/s/files/1/0667/0961/8926/files/meta-sq-add-ab93d3059bb6.jpg?format=pjpg,https://cdn.shopify.com/s/files/1/0667/0961/8926/files/meta-sq-add-f8cc750777ec.jpg?format=pjpg,https://cdn.shopify.com/s/files/1/0667/0961/8926/files/meta-sq-add-f7bf1a7c7735.jpg?format=pjpg,https://cdn.shopify.com/s/files/1/0667/0961/8926/files/meta-sq-add-583a2493cbfc.jpg?format=pjpg,https://cdn.shopify.com/s/files/1/0667/0961/8926/files/meta-sq-add-8856453fab8c.jpg?format=pjpg,https://cdn.shopify.com/s/files/1/0667/0961/8926/files/meta-sq-add-7d49bda74d41.jpg?format=pjpg",Conjunto com top-blusa de alta sustentação e compressão.,vimm_feed
46909546332398,https://cdn.shopify.com/s/files/1/0667/0961/8926/files/meta-sq-8934475071726-44867404005614.jpg?format=pjpg,"https://cdn.shopify.com/s/files/1/0667/0961/8926/files/meta-sq-add-ab93d3059bb6.jpg?format=pjpg,https://cdn.shopify.com/s/files/1/0667/0961/8926/files/meta-sq-add-f8cc750777ec.jpg?format=pjpg,https://cdn.shopify.com/s/files/1/0667/0961/8926/files/meta-sq-add-f7bf1a7c7735.jpg?format=pjpg,https://cdn.shopify.com/s/files/1/0667/0961/8926/files/meta-sq-add-583a2493cbfc.jpg?format=pjpg,https://cdn.shopify.com/s/files/1/0667/0961/8926/files/meta-sq-add-8856453fab8c.jpg?format=pjpg,https://cdn.shopify.com/s/files/1/0667/0961/8926/files/meta-sq-add-7d49bda74d41.jpg?format=pjpg",Conjunto com top-blusa de alta sustentação e compressão.,vimm_feed
46909546365166,https://cdn.shopify.com/s/files/1/0667/0961/8926/files/meta-sq-8934475071726-44867404005614.jpg?format=pjpg,"https://cdn.shopify.com/s/files/1/0667/0961/8926/files/meta-sq-add-ab93d3059bb6.jpg?format=pjpg,https://cdn.shopify.com/s/files/1/0667/0961/8926/files/meta-sq-add-f8cc750777ec.jpg?format=pjpg,https://cdn.shopify.com/s/files/1/0667/0961/8926/files/meta-sq-add-f7bf1a7c7735.jpg?format=pjpg,https://cdn.shopify.com/s/files/1/0667/0961/8926/files/meta-sq-add-583a2493cbfc.jpg?format=pjpg,https://cdn.shopify.com/s/files/1/0667/0961/8926/files/meta-sq-add-8856453fab8c.jpg?format=pjpg,https://cdn.shopify.com/s/files/1/0667/0961/8926/files/meta-sq-add-7d49bda74d41.jpg?format=pjpg",Conjunto com top-blusa de alta sustentação e compressão.,vimm_feed
46909546397934,https://cdn.shopify.com/s/files/1/0667/0961/8926/files/meta-sq-8934475071726-44867404005614.jpg?format=pjpg,"https://cdn.shopify.com/s/files/1/0667/0961/8926/files/meta-sq-add-ab93d3059bb6.jpg?format=pjpg,https://cdn.shopify.com/s/files/1/0667/0961/8926/files/meta-sq-add-f8cc750777ec.jpg?format=pjpg,https://cdn.shopify.com/s/files/1/0667/0961/8926/files/meta-sq-add-f7bf1a7c7735.jpg?format=pjpg,https://cdn.shopify.com/s/files/1/0667/0961/8926/files/meta-sq-add-583a2493cbfc.jpg?format=pjpg,https://cdn.shopify.com/s/files/1/0667/0961/8926/files/meta-sq-add-8856453fab8c.jpg?format=pjpg,https://cdn.shopify.com/s/files/1/0667/0961/8926/files/meta-sq-add-7d49bda74d41.jpg?format=pjpg",Conjunto com top-blusa de alta sustentação e compressão.,vimm_feed
46909546430702,https://cdn.shopify.com/s/files/1/0667/0961/8926/files/meta-sq-8934475071726-44867404005614.jpg?format=pjpg,"https://cdn.shopify.com/s/files/1/0667/0961/8926/files/meta-sq-add-ab93d3059bb6.jpg?format=pjpg,https://cdn.shopify.com/s/files/1/0667/0961/8926/files/meta-sq-add-f8cc750777ec.jpg?format=pjpg,https://cdn.shopify.com/s/files/1/0667/0961/8926/files/meta-sq-add-f7bf1a7c7735.jpg?format=pjpg,https://cdn.shopify.com/s/files/1/0667/0961/8926/files/meta-sq-add-583a2493cbfc.jpg?format=pjpg,https://cdn.shopify.com/s/files/1/0667/0961/8926/files/meta-sq-add-8856453fab8c.jpg?format=pjpg,https://cdn.shopify.com/s/files/1/0667/0961/8926/files/meta-sq-add-7d49bda74d41.jpg?format=pjpg",Conjunto com top-blusa de alta sustentação e compressão.,vimm_feed
46909546463470,https://cdn.shopify.com/s/files/1/0667/0961/8926/files/meta-sq-8934475071726-44867404005614.jpg?format=pjpg,"https://cdn.shopify.com/s/files/1/0667/0961/8926/files/meta-sq-add-ab93d3059bb6.jpg?format=pjpg,https://cdn.shopify.com/s/files/1/0667/0961/8926/files/meta-sq-add-f8cc750777ec.jpg?format=pjpg,https://cdn.shopify.com/s/files/1/0667/0961/8926/files/meta-sq-add-f7bf1a7c7735.jpg?format=pjpg,https://cdn.shopify.com/s/files/1/0667/0961/8926/files/meta-sq-add-583a2493cbfc.jpg?format=pjpg,https://cdn.shopify.com/s/files/1/0667/0961/8926/files/meta-sq-add-8856453fab8c.jpg?format=pjpg,https://cdn.shopify.com/s/files/1/0667/0961/8926/files/meta-sq-add-7d49bda74d41.jpg?format=pjpg",Conjunto com top-blusa de alta sustentação e compressão.,vimm_feed
46909546496238,https://cdn.shopify.com/s/files/1/0667/0961/8926/files/meta-sq-8934475071726-44867404005614.jpg?format=pjpg,"https://cdn.shopify.com/s/files/1/0667/0961/8926/files/meta-sq-add-ab93d3059bb6.jpg?format=pjpg,https://cdn.shopify.com/s/files/1/0667/0961/8926/files/meta-sq-add-f8cc750777ec.jpg?format=pjpg,https://cdn.shopify.com/s/files/1/0667/0961/8926/files/meta-sq-add-f7bf1a7c7735.jpg?format=pjpg,https://cdn.shopify.com/s/files/1/0667/0961/8926/files/meta-sq-add-583a2493cbfc.jpg?format=pjpg,https://cdn.shopify.com/s/files/1/0667/0961/8926/files/meta-sq-add-8856453fab8c.jpg?format=pjpg,https://cdn.shopify.com/s/files/1/0667/0961/8926/files/meta-sq-add-7d49bda74d41.jpg?format=pjpg",Conjunto com top-blusa de alta sustentação e compressão.,vimm_feed
46909546529006,https://cdn.shopify.com/s/files/1/0667/0961/8926/files/meta-sq-8934475071726-44867404005614.jpg?format=pjpg,"https://cdn.shopify.com/s/files/1/0667/0961/8926/files/meta-sq-add-ab93d3059bb6.jpg?format=pjpg,https://cdn.shopify.com/s/files/1/0667/0961/8926/files/meta-sq-add-f8cc750777ec.jpg?format=pjpg,https://cdn.shopify.com/s/files/1/0667/0961/8926/files/meta-sq-add-f7bf1a7c7735.jpg?format=pjpg,https://cdn.shopify.com/s/files/1/0667/0961/8926/files/meta-sq-add-583a2493cbfc.jpg?format=pjpg,https://cdn.shopify.com/s/files/1/0667/0961/8926/files/meta-sq-add-8856453fab8c.jpg?format=pjpg,https://cdn.shopify.com/s/files/1/0667/0961/8926/files/meta-sq-add-7d49bda74d41.jpg?format=pjpg",Conjunto com top-blusa de alta sustentação e compressão.,vimm_feed
46909546561774,https://cdn.shopify.com/s/files/1/0667/0961/8926/files/meta-sq-8934475071726-44867404005614.jpg?format=pjpg,"https://cdn.shopify.com/s/files/1/0667/0961/8926/files/meta-sq-add-ab93d3059bb6.jpg?format=pjpg,https://cdn.shopify.com/s/files/1/0667/0961/8926/files/meta-sq-add-f8cc750777ec.jpg?format=pjpg,https://cdn.shopify.com/s/files/1/0667/0961/8926/files/meta-sq-add-f7bf1a7c7735.jpg?format=pjpg,https://cdn.shopify.com/s/files/1/0667/0961/8926/files/meta-sq-add-583a2493cbfc.jpg?format=pjpg,https://cdn.shopify.com/s/files/1/0667/0961/8926/files/meta-sq-add-8856453fab8c.jpg?format=pjpg,https://cdn.shopify.com/s/files/1/0667/0961/8926/files/meta-sq-add-7d49bda74d41.jpg?format=pjpg",Conjunto com top-blusa de alta sustentação e compressão.,vimm_feed
46909546594542,https://cdn.shopify.com/s/files/1/0667/0961/8926/files/meta-sq-8934475071726-44867404005614.jpg?format=pjpg,"https://cdn.shopify.com/s/files/1/0667/0961/8926/files/meta-sq-add-ab93d3059bb6.jpg?format=pjpg,https://cdn.shopify.com/s/files/1/0667/0961/8926/files/meta-sq-add-f8cc750777ec.jpg?format=pjpg,https://cdn.shopify.com/s/files/1/0667/0961/8926/files/meta-sq-add-f7bf1a7c7735.jpg?format=pjpg,https://cdn.shopify.com/s/files/1/0667/0961/8926/files/meta-sq-add-583a2493cbfc.jpg?format=pjpg,https://cdn.shopify.com/s/files/1/0667/0961/8926/files/meta-sq-add-8856453fab8c.jpg?format=pjpg,https://cdn.shopify.com/s/files/1/0667/0961/8926/files/meta-sq-add-7d49bda74d41.jpg?format=pjpg",Conjunto com top-blusa de alta sustentação e compressão.,vimm_feed
46909546627310,https://cdn.shopify.com/s/files/1/0667/0961/8926/files/meta-sq-8934475071726-44867404005614.jpg?format=pjpg,"https://cdn.shopify.com/s/files/1/0667/0961/8926/files/meta-sq-add-ab93d3059bb6.jpg?format=pjpg,https://cdn.shopify.com/s/files/1/0667/0961/8926/files/meta-sq-add-f8cc750777ec.jpg?format=pjpg,https://cdn.shopify.com/s/files/1/0667/0961/8926/files/meta-sq-add-f7bf1a7c7735.jpg?format=pjpg,https://cdn.shopify.com/s/files/1/0667/0961/8926/files/meta-sq-add-583a2493cbfc.jpg?format=pjpg,https://cdn.shopify.com/s/files/1/0667/0961/8926/files/meta-sq-add-8856453fab8c.jpg?format=pjpg,https://cdn.shopify.com/s/files/1/0667/0961/8926/files/meta-sq-add-7d49bda74d41.jpg?format=pjpg",Conjunto com top-blusa de alta sustentação e compressão.,vimm_feed
46909546660078,https://cdn.shopify.com/s/files/1/0667/0961/8926/files/meta-sq-8934475071726-44867404005614.jpg?format=pjpg,"https://cdn.shopify.com/s/files/1/0667/0961/8926/files/meta-sq-add-ab93d3059bb6.jpg?format=pjpg,https://cdn.shopify.com/s/files/1/0667/0961/8926/files/meta-sq-add-f8cc750777ec.jpg?format=pjpg,https://cdn.shopify.com/s/files/1/0667/0961/8926/files/meta-sq-add-f7bf1a7c7735.jpg?format=pjpg,https://cdn.shopify.com/s/files/1/0667/0961/8926/files/meta-sq-add-583a2493cbfc.jpg?format=pjpg,https://cdn.shopify.com/s/files/1/0667/0961/8926/files/meta-sq-add-8856453fab8c.jpg?format=pjpg,https://cdn.shopify.com/s/files/1/0667/0961/8926/files/meta-sq-add-7d49bda74d41.jpg?format=pjpg",Conjunto com top-blusa de alta sustentação e compressão.,vimm_feed
46910498963694,https://cdn.shopify.com/s/files/1/0667/0961/8926/files/meta-sq-8934475071726-44867404005614.jpg?format=pjpg,"https://cdn.shopify.com/s/files/1/0667/0961/8926/files/meta-sq-add-ab93d3059bb6.jpg?format=pjpg,https://cdn.shopify.com/s/files/1/0667/0961/8926/files/meta-sq-add-f8cc750777ec.jpg?format=pjpg,https://cdn.shopify.com/s/files/1/0667/0961/8926/files/meta-sq-add-f7bf1a7c7735.jpg?format=pjpg,https://cdn.shopify.com/s/files/1/0667/0961/8926/files/meta-sq-add-583a2493cbfc.jpg?format=pjpg,https://cdn.shopify.com/s/files/1/0667/0961/8926/files/meta-sq-add-8856453fab8c.jpg?format=pjpg,https://cdn.shopify.com/s/files/1/0667/0961/8926/files/meta-sq-add-7d49bda74d41.jpg?format=pjpg",Conjunto com top-blusa de alta sustentação e compressão.,vimm_feed
46910498996462,https://cdn.shopify.com/s/files/1/0667/0961/8926/files/meta-sq-8934475071726-44867404005614.jpg?format=pjpg,"https://cdn.shopify.com/s/files/1/0667/0961/8926/files/meta-sq-add-ab93d3059bb6.jpg?format=pjpg,https://cdn.shopify.com/s/files/1/0667/0961/8926/files/meta-sq-add-f8cc750777ec.jpg?format=pjpg,https://cdn.shopify.com/s/files/1/0667/0961/8926/files/meta-sq-add-f7bf1a7c7735.jpg?format=pjpg,https://cdn.shopify.com/s/files/1/0667/0961/8926/files/meta-sq-add-583a2493cbfc.jpg?format=pjpg,https://cdn.shopify.com/s/files/1/0667/0961/8926/files/meta-sq-add-8856453fab8c.jpg?format=pjpg,https://cdn.shopify.com/s/files/1/0667/0961/8926/files/meta-sq-add-7d49bda74d41.jpg?format=pjpg",Conjunto com top-blusa de alta sustentação e compressão.,vimm_feed
46910499029230,https://cdn.shopify.com/s/files/1/0667/0961/8926/files/meta-sq-8934475071726-44867404005614.jpg?format=pjpg,"https://cdn.shopify.com/s/files/1/0667/0961/8926/files/meta-sq-add-ab93d3059bb6.jpg?format=pjpg,https://cdn.shopify.com/s/files/1/0667/0961/8926/files/meta-sq-add-f8cc750777ec.jpg?format=pjpg,https://cdn.shopify.com/s/files/1/0667/0961/8926/files/meta-sq-add-f7bf1a7c7735.jpg?format=pjpg,https://cdn.shopify.com/s/files/1/0667/0961/8926/files/meta-sq-add-583a2493cbfc.jpg?format=pjpg,https://cdn.shopify.com/s/files/1/0667/0961/8926/files/meta-sq-add-8856453fab8c.jpg?format=pjpg,https://cdn.shopify.com/s/files/1/0667/0961/8926/files/meta-sq-add-7d49bda74d41.jpg?format=pjpg",Conjunto com top-blusa de alta sustentação e compressão.,vimm_feed
46910499061998,https://cdn.shopify.com/s/files/1/0667/0961/8926/files/meta-sq-8934475071726-44867404005614.jpg?format=pjpg,"https://cdn.shopify.com/s/files/1/0667/0961/8926/files/meta-sq-add-ab93d3059bb6.jpg?format=pjpg,https://cdn.shopify.com/s/files/1/0667/0961/8926/files/meta-sq-add-f8cc750777ec.jpg?format=pjpg,https://cdn.shopify.com/s/files/1/0667/0961/8926/files/meta-sq-add-f7bf1a7c7735.jpg?format=pjpg,https://cdn.shopify.com/s/files/1/0667/0961/8926/files/meta-sq-add-583a2493cbfc.jpg?format=pjpg,https://cdn.shopify.com/s/files/1/0667/0961/8926/files/meta-sq-add-8856453fab8c.jpg?format=pjpg,https://cdn.shopify.com/s/files/1/0667/0961/8926/files/meta-sq-add-7d49bda74d41.jpg?format=pjpg",Conjunto com top-blusa de alta sustentação e compressão.,vimm_feed
46910499094766,https://cdn.shopify.com/s/files/1/0667/0961/8926/files/meta-sq-8934475071726-44867404005614.jpg?format=pjpg,"https://cdn.shopify.com/s/files/1/0667/0961/8926/files/meta-sq-add-ab93d3059bb6.jpg?format=pjpg,https://cdn.shopify.com/s/files/1/0667/0961/8926/files/meta-sq-add-f8cc750777ec.jpg?format=pjpg,https://cdn.shopify.com/s/files/1/0667/0961/8926/files/meta-sq-add-f7bf1a7c7735.jpg?format=pjpg,https://cdn.shopify.com/s/files/1/0667/0961/8926/files/meta-sq-add-583a2493cbfc.jpg?format=pjpg,https://cdn.shopify.com/s/files/1/0667/0961/8926/files/meta-sq-add-8856453fab8c.jpg?format=pjpg,https://cdn.shopify.com/s/files/1/0667/0961/8926/files/meta-sq-add-7d49bda74d41.jpg?format=pjpg",Conjunto com top-blusa de alta sustentação e compressão.,vimm_feed
46809130991854,https://cdn.shopify.com/s/files/1/0667/0961/8926/files/meta-sq-8916984365294-44630311698670.jpg?format=pjpg,"https://cdn.shopify.com/s/files/1/0667/0961/8926/files/meta-sq-add-677d0eedb267.jpg?format=pjpg,https://cdn.shopify.com/s/files/1/0667/0961/8926/files/meta-sq-add-eeb34aefb61e.jpg?format=pjpg,https://cdn.shopify.com/s/files/1/0667/0961/8926/files/meta-sq-add-c494461eab35.jpg?format=pjpg,https://cdn.shopify.com/s/files/1/0667/0961/8926/files/meta-sq-add-e24a29aee336.jpg?format=pjpg",Bermuda curtinha de compressão para treinar sem calcinha.,vimm_feed
46809131024622,https://cdn.shopify.com/s/files/1/0667/0961/8926/files/meta-sq-8916984365294-44630311698670.jpg?format=pjpg,"https://cdn.shopify.com/s/files/1/0667/0961/8926/files/meta-sq-add-677d0eedb267.jpg?format=pjpg,https://cdn.shopify.com/s/files/1/0667/0961/8926/files/meta-sq-add-eeb34aefb61e.jpg?format=pjpg,https://cdn.shopify.com/s/files/1/0667/0961/8926/files/meta-sq-add-c494461eab35.jpg?format=pjpg,https://cdn.shopify.com/s/files/1/0667/0961/8926/files/meta-sq-add-e24a29aee336.jpg?format=pjpg",Bermuda curtinha de compressão para treinar sem calcinha.,vimm_feed
46809131057390,https://cdn.shopify.com/s/files/1/0667/0961/8926/files/meta-sq-8916984365294-44630311698670.jpg?format=pjpg,"https://cdn.shopify.com/s/files/1/0667/0961/8926/files/meta-sq-add-677d0eedb267.jpg?format=pjpg,https://cdn.shopify.com/s/files/1/0667/0961/8926/files/meta-sq-add-eeb34aefb61e.jpg?format=pjpg,https://cdn.shopify.com/s/files/1/0667/0961/8926/files/meta-sq-add-c494461eab35.jpg?format=pjpg,https://cdn.shopify.com/s/files/1/0667/0961/8926/files/meta-sq-add-e24a29aee336.jpg?format=pjpg",Bermuda curtinha de compressão para treinar sem calcinha.,vimm_feed
46809131090158,https://cdn.shopify.com/s/files/1/0667/0961/8926/files/meta-sq-8916984365294-44630311698670.jpg?format=pjpg,"https://cdn.shopify.com/s/files/1/0667/0961/8926/files/meta-sq-add-677d0eedb267.jpg?format=pjpg,https://cdn.shopify.com/s/files/1/0667/0961/8926/files/meta-sq-add-eeb34aefb61e.jpg?format=pjpg,https://cdn.shopify.com/s/files/1/0667/0961/8926/files/meta-sq-add-c494461eab35.jpg?format=pjpg,https://cdn.shopify.com/s/files/1/0667/0961/8926/files/meta-sq-add-e24a29aee336.jpg?format=pjpg",Bermuda curtinha de compressão para treinar sem calcinha.,vimm_feed
46809131122926,https://cdn.shopify.com/s/files/1/0667/0961/8926/files/meta-sq-8916984365294-44630311698670.jpg?format=pjpg,"https://cdn.shopify.com/s/files/1/0667/0961/8926/files/meta-sq-add-677d0eedb267.jpg?format=pjpg,https://cdn.shopify.com/s/files/1/0667/0961/8926/files/meta-sq-add-eeb34aefb61e.jpg?format=pjpg,https://cdn.shopify.com/s/files/1/0667/0961/8926/files/meta-sq-add-c494461eab35.jpg?format=pjpg,https://cdn.shopify.com/s/files/1/0667/0961/8926/files/meta-sq-add-e24a29aee336.jpg?format=pjpg",Bermuda curtinha de compressão para treinar sem calcinha.,vimm_feed
46809131155694,https://cdn.shopify.com/s/files/1/0667/0961/8926/files/meta-sq-8916984365294-44630311698670.jpg?format=pjpg,"https://cdn.shopify.com/s/files/1/0667/0961/8926/files/meta-sq-add-677d0eedb267.jpg?format=pjpg,https://cdn.shopify.com/s/files/1/0667/0961/8926/files/meta-sq-add-eeb34aefb61e.jpg?format=pjpg,https://cdn.shopify.com/s/files/1/0667/0961/8926/files/meta-sq-add-c494461eab35.jpg?format=pjpg,https://cdn.shopify.com/s/files/1/0667/0961/8926/files/meta-sq-add-e24a29aee336.jpg?format=pjpg",Bermuda curtinha de compressão para treinar sem calcinha.,vimm_feed
46910492967150,https://cdn.shopify.com/s/files/1/0667/0961/8926/files/meta-sq-8916984365294-44630311698670.jpg?format=pjpg,"https://cdn.shopify.com/s/files/1/0667/0961/8926/files/meta-sq-add-677d0eedb267.jpg?format=pjpg,https://cdn.shopify.com/s/files/1/0667/0961/8926/files/meta-sq-add-eeb34aefb61e.jpg?format=pjpg,https://cdn.shopify.com/s/files/1/0667/0961/8926/files/meta-sq-add-c494461eab35.jpg?format=pjpg,https://cdn.shopify.com/s/files/1/0667/0961/8926/files/meta-sq-add-e24a29aee336.jpg?format=pjpg",Bermuda curtinha de compressão para treinar sem calcinha.,vimm_feed
45797010243822,https://cdn.shopify.com/s/files/1/0667/0961/8926/files/meta-sq-8598893494510-44091710537966.jpg?format=pjpg,"https://cdn.shopify.com/s/files/1/0667/0961/8926/files/meta-sq-add-de751e8a42e0.jpg?format=pjpg,https://cdn.shopify.com/s/files/1/0667/0961/8926/files/meta-sq-add-4e7c000a2cc7.jpg?format=pjpg,https://cdn.shopify.com/s/files/1/0667/0961/8926/files/meta-sq-add-f225a54e73ce.jpg?format=pjpg,https://cdn.shopify.com/s/files/1/0667/0961/8926/files/meta-sq-add-3046dee3686d.jpg?format=pjpg",Conjunto com top-blusa de alta sustentação e compressão.,vimm_feed
45797010276590,https://cdn.shopify.com/s/files/1/0667/0961/8926/files/meta-sq-8598893494510-44091710537966.jpg?format=pjpg,"https://cdn.shopify.com/s/files/1/0667/0961/8926/files/meta-sq-add-de751e8a42e0.jpg?format=pjpg,https://cdn.shopify.com/s/files/1/0667/0961/8926/files/meta-sq-add-4e7c000a2cc7.jpg?format=pjpg,https://cdn.shopify.com/s/files/1/0667/0961/8926/files/meta-sq-add-f225a54e73ce.jpg?format=pjpg,https://cdn.shopify.com/s/files/1/0667/0961/8926/files/meta-sq-add-3046dee3686d.jpg?format=pjpg",Conjunto com top-blusa de alta sustentação e compressão.,vimm_feed
45797010309358,https://cdn.shopify.com/s/files/1/0667/0961/8926/files/meta-sq-8598893494510-44091710537966.jpg?format=pjpg,"https://cdn.shopify.com/s/files/1/0667/0961/8926/files/meta-sq-add-de751e8a42e0.jpg?format=pjpg,https://cdn.shopify.com/s/files/1/0667/0961/8926/files/meta-sq-add-4e7c000a2cc7.jpg?format=pjpg,https://cdn.shopify.com/s/files/1/0667/0961/8926/files/meta-sq-add-f225a54e73ce.jpg?format=pjpg,https://cdn.shopify.com/s/files/1/0667/0961/8926/files/meta-sq-add-3046dee3686d.jpg?format=pjpg",Conjunto com top-blusa de alta sustentação e compressão.,vimm_feed
45797010342126,https://cdn.shopify.com/s/files/1/0667/0961/8926/files/meta-sq-8598893494510-44091710537966.jpg?format=pjpg,"https://cdn.shopify.com/s/files/1/0667/0961/8926/files/meta-sq-add-de751e8a42e0.jpg?format=pjpg,https://cdn.shopify.com/s/files/1/0667/0961/8926/files/meta-sq-add-4e7c000a2cc7.jpg?format=pjpg,https://cdn.shopify.com/s/files/1/0667/0961/8926/files/meta-sq-add-f225a54e73ce.jpg?format=pjpg,https://cdn.shopify.com/s/files/1/0667/0961/8926/files/meta-sq-add-3046dee3686d.jpg?format=pjpg",Conjunto com top-blusa de alta sustentação e compressão.,vimm_feed
45797010374894,https://cdn.shopify.com/s/files/1/0667/0961/8926/files/meta-sq-8598893494510-44091710537966.jpg?format=pjpg,"https://cdn.shopify.com/s/files/1/0667/0961/8926/files/meta-sq-add-de751e8a42e0.jpg?format=pjpg,https://cdn.shopify.com/s/files/1/0667/0961/8926/files/meta-sq-add-4e7c000a2cc7.jpg?format=pjpg,https://cdn.shopify.com/s/files/1/0667/0961/8926/files/meta-sq-add-f225a54e73ce.jpg?format=pjpg,https://cdn.shopify.com/s/files/1/0667/0961/8926/files/meta-sq-add-3046dee3686d.jpg?format=pjpg",Conjunto com top-blusa de alta sustentação e compressão.,vimm_feed
45797010407662,https://cdn.shopify.com/s/files/1/0667/0961/8926/files/meta-sq-8598893494510-44091710537966.jpg?format=pjpg,"https://cdn.shopify.com/s/files/1/0667/0961/8926/files/meta-sq-add-de751e8a42e0.jpg?format=pjpg,https://cdn.shopify.com/s/files/1/0667/0961/8926/files/meta-sq-add-4e7c000a2cc7.jpg?format=pjpg,https://cdn.shopify.com/s/files/1/0667/0961/8926/files/meta-sq-add-f225a54e73ce.jpg?format=pjpg,https://cdn.shopify.com/s/files/1/0667/0961/8926/files/meta-sq-add-3046dee3686d.jpg?format=pjpg",Conjunto com top-blusa de alta sustentação e compressão.,vimm_feed
45797010440430,https://cdn.shopify.com/s/files/1/0667/0961/8926/files/meta-sq-8598893494510-44091710537966.jpg?format=pjpg,"https://cdn.shopify.com/s/files/1/0667/0961/8926/files/meta-sq-add-de751e8a42e0.jpg?format=pjpg,https://cdn.shopify.com/s/files/1/0667/0961/8926/files/meta-sq-add-4e7c000a2cc7.jpg?format=pjpg,https://cdn.shopify.com/s/files/1/0667/0961/8926/files/meta-sq-add-f225a54e73ce.jpg?format=pjpg,https://cdn.shopify.com/s/files/1/0667/0961/8926/files/meta-sq-add-3046dee3686d.jpg?format=pjpg",Conjunto com top-blusa de alta sustentação e compressão.,vimm_feed
45797010473198,https://cdn.shopify.com/s/files/1/0667/0961/8926/files/meta-sq-8598893494510-44091710537966.jpg?format=pjpg,"https://cdn.shopify.com/s/files/1/0667/0961/8926/files/meta-sq-add-de751e8a42e0.jpg?format=pjpg,https://cdn.shopify.com/s/files/1/0667/0961/8926/files/meta-sq-add-4e7c000a2cc7.jpg?format=pjpg,https://cdn.shopify.com/s/files/1/0667/0961/8926/files/meta-sq-add-f225a54e73ce.jpg?format=pjpg,https://cdn.shopify.com/s/files/1/0667/0961/8926/files/meta-sq-add-3046dee3686d.jpg?format=pjpg",Conjunto com top-blusa de alta sustentação e compressão.,vimm_feed
45797010505966,https://cdn.shopify.com/s/files/1/0667/0961/8926/files/meta-sq-8598893494510-44091710537966.jpg?format=pjpg,"https://cdn.shopify.com/s/files/1/0667/0961/8926/files/meta-sq-add-de751e8a42e0.jpg?format=pjpg,https://cdn.shopify.com/s/files/1/0667/0961/8926/files/meta-sq-add-4e7c000a2cc7.jpg?format=pjpg,https://cdn.shopify.com/s/files/1/0667/0961/8926/files/meta-sq-add-f225a54e73ce.jpg?format=pjpg,https://cdn.shopify.com/s/files/1/0667/0961/8926/files/meta-sq-add-3046dee3686d.jpg?format=pjpg",Conjunto com top-blusa de alta sustentação e compressão.,vimm_feed
45797010538734,https://cdn.shopify.com/s/files/1/0667/0961/8926/files/meta-sq-8598893494510-44091710537966.jpg?format=pjpg,"https://cdn.shopify.com/s/files/1/0667/0961/8926/files/meta-sq-add-de751e8a42e0.jpg?format=pjpg,https://cdn.shopify.com/s/files/1/0667/0961/8926/files/meta-sq-add-4e7c000a2cc7.jpg?format=pjpg,https://cdn.shopify.com/s/files/1/0667/0961/8926/files/meta-sq-add-f225a54e73ce.jpg?format=pjpg,https://cdn.shopify.com/s/files/1/0667/0961/8926/files/meta-sq-add-3046dee3686d.jpg?format=pjpg",Conjunto com top-blusa de alta sustentação e compressão.,vimm_feed
45797010571502,https://cdn.shopify.com/s/files/1/0667/0961/8926/files/meta-sq-8598893494510-44091710537966.jpg?format=pjpg,"https://cdn.shopify.com/s/files/1/0667/0961/8926/files/meta-sq-add-de751e8a42e0.jpg?format=pjpg,https://cdn.shopify.com/s/files/1/0667/0961/8926/files/meta-sq-add-4e7c000a2cc7.jpg?format=pjpg,https://cdn.shopify.com/s/files/1/0667/0961/8926/files/meta-sq-add-f225a54e73ce.jpg?format=pjpg,https://cdn.shopify.com/s/files/1/0667/0961/8926/files/meta-sq-add-3046dee3686d.jpg?format=pjpg",Conjunto com top-blusa de alta sustentação e compressão.,vimm_feed
45797010604270,https://cdn.shopify.com/s/files/1/0667/0961/8926/files/meta-sq-8598893494510-44091710537966.jpg?format=pjpg,"https://cdn.shopify.com/s/files/1/0667/0961/8926/files/meta-sq-add-de751e8a42e0.jpg?format=pjpg,https://cdn.shopify.com/s/files/1/0667/0961/8926/files/meta-sq-add-4e7c000a2cc7.jpg?format=pjpg,https://cdn.shopify.com/s/files/1/0667/0961/8926/files/meta-sq-add-f225a54e73ce.jpg?format=pjpg,https://cdn.shopify.com/s/files/1/0667/0961/8926/files/meta-sq-add-3046dee3686d.jpg?format=pjpg",Conjunto com top-blusa de alta sustentação e compressão.,vimm_feed
45797010637038,https://cdn.shopify.com/s/files/1/0667/0961/8926/files/meta-sq-8598893494510-44091710537966.jpg?format=pjpg,"https://cdn.shopify.com/s/files/1/0667/0961/8926/files/meta-sq-add-de751e8a42e0.jpg?format=pjpg,https://cdn.shopify.com/s/files/1/0667/0961/8926/files/meta-sq-add-4e7c000a2cc7.jpg?format=pjpg,https://cdn.shopify.com/s/files/1/0667/0961/8926/files/meta-sq-add-f225a54e73ce.jpg?format=pjpg,https://cdn.shopify.com/s/files/1/0667/0961/8926/files/meta-sq-add-3046dee3686d.jpg?format=pjpg",Conjunto com top-blusa de alta sustentação e compressão.,vimm_feed
45797010669806,https://cdn.shopify.com/s/files/1/0667/0961/8926/files/meta-sq-8598893494510-44091710537966.jpg?format=pjpg,"https://cdn.shopify.com/s/files/1/0667/0961/8926/files/meta-sq-add-de751e8a42e0.jpg?format=pjpg,https://cdn.shopify.com/s/files/1/0667/0961/8926/files/meta-sq-add-4e7c000a2cc7.jpg?format=pjpg,https://cdn.shopify.com/s/files/1/0667/0961/8926/files/meta-sq-add-f225a54e73ce.jpg?format=pjpg,https://cdn.shopify.com/s/files/1/0667/0961/8926/files/meta-sq-add-3046dee3686d.jpg?format=pjpg",Conjunto com top-blusa de alta sustentação e compressão.,vimm_feed
45797010702574,https://cdn.shopify.com/s/files/1/0667/0961/8926/files/meta-sq-8598893494510-44091710537966.jpg?format=pjpg,"https://cdn.shopify.com/s/files/1/0667/0961/8926/files/meta-sq-add-de751e8a42e0.jpg?format=pjpg,https://cdn.shopify.com/s/files/1/0667/0961/8926/files/meta-sq-add-4e7c000a2cc7.jpg?format=pjpg,https://cdn.shopify.com/s/files/1/0667/0961/8926/files/meta-sq-add-f225a54e73ce.jpg?format=pjpg,https://cdn.shopify.com/s/files/1/0667/0961/8926/files/meta-sq-add-3046dee3686d.jpg?format=pjpg",Conjunto com top-blusa de alta sustentação e compressão.,vimm_feed
45797010735342,https://cdn.shopify.com/s/files/1/0667/0961/8926/files/meta-sq-8598893494510-44091710537966.jpg?format=pjpg,"https://cdn.shopify.com/s/files/1/0667/0961/8926/files/meta-sq-add-de751e8a42e0.jpg?format=pjpg,https://cdn.shopify.com/s/files/1/0667/0961/8926/files/meta-sq-add-4e7c000a2cc7.jpg?format=pjpg,https://cdn.shopify.com/s/files/1/0667/0961/8926/files/meta-sq-add-f225a54e73ce.jpg?format=pjpg,https://cdn.shopify.com/s/files/1/0667/0961/8926/files/meta-sq-add-3046dee3686d.jpg?format=pjpg",Conjunto com top-blusa de alta sustentação e compressão.,vimm_feed
45797010768110,https://cdn.shopify.com/s/files/1/0667/0961/8926/files/meta-sq-8598893494510-44091710537966.jpg?format=pjpg,"https://cdn.shopify.com/s/files/1/0667/0961/8926/files/meta-sq-add-de751e8a42e0.jpg?format=pjpg,https://cdn.shopify.com/s/files/1/0667/0961/8926/files/meta-sq-add-4e7c000a2cc7.jpg?format=pjpg,https://cdn.shopify.com/s/files/1/0667/0961/8926/files/meta-sq-add-f225a54e73ce.jpg?format=pjpg,https://cdn.shopify.com/s/files/1/0667/0961/8926/files/meta-sq-add-3046dee3686d.jpg?format=pjpg",Conjunto com top-blusa de alta sustentação e compressão.,vimm_feed
45797010800878,https://cdn.shopify.com/s/files/1/0667/0961/8926/files/meta-sq-8598893494510-44091710537966.jpg?format=pjpg,"https://cdn.shopify.com/s/files/1/0667/0961/8926/files/meta-sq-add-de751e8a42e0.jpg?format=pjpg,https://cdn.shopify.com/s/files/1/0667/0961/8926/files/meta-sq-add-4e7c000a2cc7.jpg?format=pjpg,https://cdn.shopify.com/s/files/1/0667/0961/8926/files/meta-sq-add-f225a54e73ce.jpg?format=pjpg,https://cdn.shopify.com/s/files/1/0667/0961/8926/files/meta-sq-add-3046dee3686d.jpg?format=pjpg",Conjunto com top-blusa de alta sustentação e compressão.,vimm_feed
45797010833646,https://cdn.shopify.com/s/files/1/0667/0961/8926/files/meta-sq-8598893494510-44091710537966.jpg?format=pjpg,"https://cdn.shopify.com/s/files/1/0667/0961/8926/files/meta-sq-add-de751e8a42e0.jpg?format=pjpg,https://cdn.shopify.com/s/files/1/0667/0961/8926/files/meta-sq-add-4e7c000a2cc7.jpg?format=pjpg,https://cdn.shopify.com/s/files/1/0667/0961/8926/files/meta-sq-add-f225a54e73ce.jpg?format=pjpg,https://cdn.shopify.com/s/files/1/0667/0961/8926/files/meta-sq-add-3046dee3686d.jpg?format=pjpg",Conjunto com top-blusa de alta sustentação e compressão.,vimm_feed
45797010866414,https://cdn.shopify.com/s/files/1/0667/0961/8926/files/meta-sq-8598893494510-44091710537966.jpg?format=pjpg,"https://cdn.shopify.com/s/files/1/0667/0961/8926/files/meta-sq-add-de751e8a42e0.jpg?format=pjpg,https://cdn.shopify.com/s/files/1/0667/0961/8926/files/meta-sq-add-4e7c000a2cc7.jpg?format=pjpg,https://cdn.shopify.com/s/files/1/0667/0961/8926/files/meta-sq-add-f225a54e73ce.jpg?format=pjpg,https://cdn.shopify.com/s/files/1/0667/0961/8926/files/meta-sq-add-3046dee3686d.jpg?format=pjpg",Conjunto com top-blusa de alta sustentação e compressão.,vimm_feed
45797010899182,https://cdn.shopify.com/s/files/1/0667/0961/8926/files/meta-sq-8598893494510-44091710537966.jpg?format=pjpg,"https://cdn.shopify.com/s/files/1/0667/0961/8926/files/meta-sq-add-de751e8a42e0.jpg?format=pjpg,https://cdn.shopify.com/s/files/1/0667/0961/8926/files/meta-sq-add-4e7c000a2cc7.jpg?format=pjpg,https://cdn.shopify.com/s/files/1/0667/0961/8926/files/meta-sq-add-f225a54e73ce.jpg?format=pjpg,https://cdn.shopify.com/s/files/1/0667/0961/8926/files/meta-sq-add-3046dee3686d.jpg?format=pjpg",Conjunto com top-blusa de alta sustentação e compressão.,vimm_feed
45797010931950,https://cdn.shopify.com/s/files/1/0667/0961/8926/files/meta-sq-8598893494510-44091710537966.jpg?format=pjpg,"https://cdn.shopify.com/s/files/1/0667/0961/8926/files/meta-sq-add-de751e8a42e0.jpg?format=pjpg,https://cdn.shopify.com/s/files/1/0667/0961/8926/files/meta-sq-add-4e7c000a2cc7.jpg?format=pjpg,https://cdn.shopify.com/s/files/1/0667/0961/8926/files/meta-sq-add-f225a54e73ce.jpg?format=pjpg,https://cdn.shopify.com/s/files/1/0667/0961/8926/files/meta-sq-add-3046dee3686d.jpg?format=pjpg",Conjunto com top-blusa de alta sustentação e compressão.,vimm_feed
45797010964718,https://cdn.shopify.com/s/files/1/0667/0961/8926/files/meta-sq-8598893494510-44091710537966.jpg?format=pjpg,"https://cdn.shopify.com/s/files/1/0667/0961/8926/files/meta-sq-add-de751e8a42e0.jpg?format=pjpg,https://cdn.shopify.com/s/files/1/0667/0961/8926/files/meta-sq-add-4e7c000a2cc7.jpg?format=pjpg,https://cdn.shopify.com/s/files/1/0667/0961/8926/files/meta-sq-add-f225a54e73ce.jpg?format=pjpg,https://cdn.shopify.com/s/files/1/0667/0961/8926/files/meta-sq-add-3046dee3686d.jpg?format=pjpg",Conjunto com top-blusa de alta sustentação e compressão.,vimm_feed
45797010997486,https://cdn.shopify.com/s/files/1/0667/0961/8926/files/meta-sq-8598893494510-44091710537966.jpg?format=pjpg,"https://cdn.shopify.com/s/files/1/0667/0961/8926/files/meta-sq-add-de751e8a42e0.jpg?format=pjpg,https://cdn.shopify.com/s/files/1/0667/0961/8926/files/meta-sq-add-4e7c000a2cc7.jpg?format=pjpg,https://cdn.shopify.com/s/files/1/0667/0961/8926/files/meta-sq-add-f225a54e73ce.jpg?format=pjpg,https://cdn.shopify.com/s/files/1/0667/0961/8926/files/meta-sq-add-3046dee3686d.jpg?format=pjpg",Conjunto com top-blusa de alta sustentação e compressão.,vimm_feed
45797011030254,https://cdn.shopify.com/s/files/1/0667/0961/8926/files/meta-sq-8598893494510-44091710537966.jpg?format=pjpg,"https://cdn.shopify.com/s/files/1/0667/0961/8926/files/meta-sq-add-de751e8a42e0.jpg?format=pjpg,https://cdn.shopify.com/s/files/1/0667/0961/8926/files/meta-sq-add-4e7c000a2cc7.jpg?format=pjpg,https://cdn.shopify.com/s/files/1/0667/0961/8926/files/meta-sq-add-f225a54e73ce.jpg?format=pjpg,https://cdn.shopify.com/s/files/1/0667/0961/8926/files/meta-sq-add-3046dee3686d.jpg?format=pjpg",Conjunto com top-blusa de alta sustentação e compressão.,vimm_feed
45797011063022,https://cdn.shopify.com/s/files/1/0667/0961/8926/files/meta-sq-8598893494510-44091710537966.jpg?format=pjpg,"https://cdn.shopify.com/s/files/1/0667/0961/8926/files/meta-sq-add-de751e8a42e0.jpg?format=pjpg,https://cdn.shopify.com/s/files/1/0667/0961/8926/files/meta-sq-add-4e7c000a2cc7.jpg?format=pjpg,https://cdn.shopify.com/s/files/1/0667/0961/8926/files/meta-sq-add-f225a54e73ce.jpg?format=pjpg,https://cdn.shopify.com/s/files/1/0667/0961/8926/files/meta-sq-add-3046dee3686d.jpg?format=pjpg",Conjunto com top-blusa de alta sustentação e compressão.,vimm_feed
45797011095790,https://cdn.shopify.com/s/files/1/0667/0961/8926/files/meta-sq-8598893494510-44091710537966.jpg?format=pjpg,"https://cdn.shopify.com/s/files/1/0667/0961/8926/files/meta-sq-add-de751e8a42e0.jpg?format=pjpg,https://cdn.shopify.com/s/files/1/0667/0961/8926/files/meta-sq-add-4e7c000a2cc7.jpg?format=pjpg,https://cdn.shopify.com/s/files/1/0667/0961/8926/files/meta-sq-add-f225a54e73ce.jpg?format=pjpg,https://cdn.shopify.com/s/files/1/0667/0961/8926/files/meta-sq-add-3046dee3686d.jpg?format=pjpg",Conjunto com top-blusa de alta sustentação e compressão.,vimm_feed
45797011128558,https://cdn.shopify.com/s/files/1/0667/0961/8926/files/meta-sq-8598893494510-44091710537966.jpg?format=pjpg,"https://cdn.shopify.com/s/files/1/0667/0961/8926/files/meta-sq-add-de751e8a42e0.jpg?format=pjpg,https://cdn.shopify.com/s/files/1/0667/0961/8926/files/meta-sq-add-4e7c000a2cc7.jpg?format=pjpg,https://cdn.shopify.com/s/files/1/0667/0961/8926/files/meta-sq-add-f225a54e73ce.jpg?format=pjpg,https://cdn.shopify.com/s/files/1/0667/0961/8926/files/meta-sq-add-3046dee3686d.jpg?format=pjpg",Conjunto com top-blusa de alta sustentação e compressão.,vimm_feed
45797011161326,https://cdn.shopify.com/s/files/1/0667/0961/8926/files/meta-sq-8598893494510-44091710537966.jpg?format=pjpg,"https://cdn.shopify.com/s/files/1/0667/0961/8926/files/meta-sq-add-de751e8a42e0.jpg?format=pjpg,https://cdn.shopify.com/s/files/1/0667/0961/8926/files/meta-sq-add-4e7c000a2cc7.jpg?format=pjpg,https://cdn.shopify.com/s/files/1/0667/0961/8926/files/meta-sq-add-f225a54e73ce.jpg?format=pjpg,https://cdn.shopify.com/s/files/1/0667/0961/8926/files/meta-sq-add-3046dee3686d.jpg?format=pjpg",Conjunto com top-blusa de alta sustentação e compressão.,vimm_feed
45797011194094,https://cdn.shopify.com/s/files/1/0667/0961/8926/files/meta-sq-8598893494510-44091710537966.jpg?format=pjpg,"https://cdn.shopify.com/s/files/1/0667/0961/8926/files/meta-sq-add-de751e8a42e0.jpg?format=pjpg,https://cdn.shopify.com/s/files/1/0667/0961/8926/files/meta-sq-add-4e7c000a2cc7.jpg?format=pjpg,https://cdn.shopify.com/s/files/1/0667/0961/8926/files/meta-sq-add-f225a54e73ce.jpg?format=pjpg,https://cdn.shopify.com/s/files/1/0667/0961/8926/files/meta-sq-add-3046dee3686d.jpg?format=pjpg",Conjunto com top-blusa de alta sustentação e compressão.,vimm_feed
46569143173358,https://cdn.shopify.com/s/files/1/0667/0961/8926/files/meta-sq-8853532770542-44146099060974.jpg?format=pjpg,"https://cdn.shopify.com/s/files/1/0667/0961/8926/files/meta-sq-add-8d96f41d0a3d.jpg?format=pjpg,https://cdn.shopify.com/s/files/1/0667/0961/8926/files/meta-sq-add-87ac7fba7e13.jpg?format=pjpg,https://cdn.shopify.com/s/files/1/0667/0961/8926/files/meta-sq-add-dfdc077f6eda.jpg?format=pjpg,https://cdn.shopify.com/s/files/1/0667/0961/8926/files/meta-sq-add-8a03dbf6bd83.jpg?format=pjpg",Bermuda curtinha de compressão para treinar sem calcinha.,vimm_feed
46569143206126,https://cdn.shopify.com/s/files/1/0667/0961/8926/files/meta-sq-8853532770542-44146099060974.jpg?format=pjpg,"https://cdn.shopify.com/s/files/1/0667/0961/8926/files/meta-sq-add-8d96f41d0a3d.jpg?format=pjpg,https://cdn.shopify.com/s/files/1/0667/0961/8926/files/meta-sq-add-87ac7fba7e13.jpg?format=pjpg,https://cdn.shopify.com/s/files/1/0667/0961/8926/files/meta-sq-add-dfdc077f6eda.jpg?format=pjpg,https://cdn.shopify.com/s/files/1/0667/0961/8926/files/meta-sq-add-8a03dbf6bd83.jpg?format=pjpg",Bermuda curtinha de compressão para treinar sem calcinha.,vimm_feed
46569143238894,https://cdn.shopify.com/s/files/1/0667/0961/8926/files/meta-sq-8853532770542-44146099060974.jpg?format=pjpg,"https://cdn.shopify.com/s/files/1/0667/0961/8926/files/meta-sq-add-8d96f41d0a3d.jpg?format=pjpg,https://cdn.shopify.com/s/files/1/0667/0961/8926/files/meta-sq-add-87ac7fba7e13.jpg?format=pjpg,https://cdn.shopify.com/s/files/1/0667/0961/8926/files/meta-sq-add-dfdc077f6eda.jpg?format=pjpg,https://cdn.shopify.com/s/files/1/0667/0961/8926/files/meta-sq-add-8a03dbf6bd83.jpg?format=pjpg",Bermuda curtinha de compressão para treinar sem calcinha.,vimm_feed
46569143271662,https://cdn.shopify.com/s/files/1/0667/0961/8926/files/meta-sq-8853532770542-44146099060974.jpg?format=pjpg,"https://cdn.shopify.com/s/files/1/0667/0961/8926/files/meta-sq-add-8d96f41d0a3d.jpg?format=pjpg,https://cdn.shopify.com/s/files/1/0667/0961/8926/files/meta-sq-add-87ac7fba7e13.jpg?format=pjpg,https://cdn.shopify.com/s/files/1/0667/0961/8926/files/meta-sq-add-dfdc077f6eda.jpg?format=pjpg,https://cdn.shopify.com/s/files/1/0667/0961/8926/files/meta-sq-add-8a03dbf6bd83.jpg?format=pjpg",Bermuda curtinha de compressão para treinar sem calcinha.,vimm_feed
46569143304430,https://cdn.shopify.com/s/files/1/0667/0961/8926/files/meta-sq-8853532770542-44146099060974.jpg?format=pjpg,"https://cdn.shopify.com/s/files/1/0667/0961/8926/files/meta-sq-add-8d96f41d0a3d.jpg?format=pjpg,https://cdn.shopify.com/s/files/1/0667/0961/8926/files/meta-sq-add-87ac7fba7e13.jpg?format=pjpg,https://cdn.shopify.com/s/files/1/0667/0961/8926/files/meta-sq-add-dfdc077f6eda.jpg?format=pjpg,https://cdn.shopify.com/s/files/1/0667/0961/8926/files/meta-sq-add-8a03dbf6bd83.jpg?format=pjpg",Bermuda curtinha de compressão para treinar sem calcinha.,vimm_feed
46569143337198,https://cdn.shopify.com/s/files/1/0667/0961/8926/files/meta-sq-8853532770542-44146099060974.jpg?format=pjpg,"https://cdn.shopify.com/s/files/1/0667/0961/8926/files/meta-sq-add-8d96f41d0a3d.jpg?format=pjpg,https://cdn.shopify.com/s/files/1/0667/0961/8926/files/meta-sq-add-87ac7fba7e13.jpg?format=pjpg,https://cdn.shopify.com/s/files/1/0667/0961/8926/files/meta-sq-add-dfdc077f6eda.jpg?format=pjpg,https://cdn.shopify.com/s/files/1/0667/0961/8926/files/meta-sq-add-8a03dbf6bd83.jpg?format=pjpg",Bermuda curtinha de compressão para treinar sem calcinha.,vimm_feed
46569143369966,https://cdn.shopify.com/s/files/1/0667/0961/8926/files/meta-sq-8853532770542-44146099060974.jpg?format=pjpg,"https://cdn.shopify.com/s/files/1/0667/0961/8926/files/meta-sq-add-8d96f41d0a3d.jpg?format=pjpg,https://cdn.shopify.com/s/files/1/0667/0961/8926/files/meta-sq-add-87ac7fba7e13.jpg?format=pjpg,https://cdn.shopify.com/s/files/1/0667/0961/8926/files/meta-sq-add-dfdc077f6eda.jpg?format=pjpg,https://cdn.shopify.com/s/files/1/0667/0961/8926/files/meta-sq-add-8a03dbf6bd83.jpg?format=pjpg",Bermuda curtinha de compressão para treinar sem calcinha.,vimm_feed
45797002871022,https://cdn.shopify.com/s/files/1/0667/0961/8926/files/meta-sq-8664969183470-42072725749998.jpg?format=pjpg,https://cdn.shopify.com/s/files/1/0667/0961/8926/files/meta-sq-add-7cac295394b2.jpg?format=pjpg,Conjunto com top-blusa de alta sustentação e compressão.,vimm_feed
45797002903790,https://cdn.shopify.com/s/files/1/0667/0961/8926/files/meta-sq-8664969183470-42072725749998.jpg?format=pjpg,https://cdn.shopify.com/s/files/1/0667/0961/8926/files/meta-sq-add-7cac295394b2.jpg?format=pjpg,Conjunto com top-blusa de alta sustentação e compressão.,vimm_feed
45797002936558,https://cdn.shopify.com/s/files/1/0667/0961/8926/files/meta-sq-8664969183470-42072725749998.jpg?format=pjpg,https://cdn.shopify.com/s/files/1/0667/0961/8926/files/meta-sq-add-7cac295394b2.jpg?format=pjpg,Conjunto com top-blusa de alta sustentação e compressão.,vimm_feed
45797003067630,https://cdn.shopify.com/s/files/1/0667/0961/8926/files/meta-sq-8664969183470-42072725749998.jpg?format=pjpg,https://cdn.shopify.com/s/files/1/0667/0961/8926/files/meta-sq-add-7cac295394b2.jpg?format=pjpg,Conjunto com top-blusa de alta sustentação e compressão.,vimm_feed
45797003100398,https://cdn.shopify.com/s/files/1/0667/0961/8926/files/meta-sq-8664969183470-42072725749998.jpg?format=pjpg,https://cdn.shopify.com/s/files/1/0667/0961/8926/files/meta-sq-add-7cac295394b2.jpg?format=pjpg,Conjunto com top-blusa de alta sustentação e compressão.,vimm_feed
45797003133166,https://cdn.shopify.com/s/files/1/0667/0961/8926/files/meta-sq-8664969183470-42072725749998.jpg?format=pjpg,https://cdn.shopify.com/s/files/1/0667/0961/8926/files/meta-sq-add-7cac295394b2.jpg?format=pjpg,Conjunto com top-blusa de alta sustentação e compressão.,vimm_feed
45797003264238,https://cdn.shopify.com/s/files/1/0667/0961/8926/files/meta-sq-8664969183470-42072725749998.jpg?format=pjpg,https://cdn.shopify.com/s/files/1/0667/0961/8926/files/meta-sq-add-7cac295394b2.jpg?format=pjpg,Conjunto com top-blusa de alta sustentação e compressão.,vimm_feed
45797003297006,https://cdn.shopify.com/s/files/1/0667/0961/8926/files/meta-sq-8664969183470-42072725749998.jpg?format=pjpg,https://cdn.shopify.com/s/files/1/0667/0961/8926/files/meta-sq-add-7cac295394b2.jpg?format=pjpg,Conjunto com top-blusa de alta sustentação e compressão.,vimm_feed
45797003329774,https://cdn.shopify.com/s/files/1/0667/0961/8926/files/meta-sq-8664969183470-42072725749998.jpg?format=pjpg,https://cdn.shopify.com/s/files/1/0667/0961/8926/files/meta-sq-add-7cac295394b2.jpg?format=pjpg,Conjunto com top-blusa de alta sustentação e compressão.,vimm_feed
45797003460846,https://cdn.shopify.com/s/files/1/0667/0961/8926/files/meta-sq-8664969183470-42072725749998.jpg?format=pjpg,https://cdn.shopify.com/s/files/1/0667/0961/8926/files/meta-sq-add-7cac295394b2.jpg?format=pjpg,Conjunto com top-blusa de alta sustentação e compressão.,vimm_feed
45797003493614,https://cdn.shopify.com/s/files/1/0667/0961/8926/files/meta-sq-8664969183470-42072725749998.jpg?format=pjpg,https://cdn.shopify.com/s/files/1/0667/0961/8926/files/meta-sq-add-7cac295394b2.jpg?format=pjpg,Conjunto com top-blusa de alta sustentação e compressão.,vimm_feed
45797003526382,https://cdn.shopify.com/s/files/1/0667/0961/8926/files/meta-sq-8664969183470-42072725749998.jpg?format=pjpg,https://cdn.shopify.com/s/files/1/0667/0961/8926/files/meta-sq-add-7cac295394b2.jpg?format=pjpg,Conjunto com top-blusa de alta sustentação e compressão.,vimm_feed
45797003657454,https://cdn.shopify.com/s/files/1/0667/0961/8926/files/meta-sq-8664969183470-42072725749998.jpg?format=pjpg,https://cdn.shopify.com/s/files/1/0667/0961/8926/files/meta-sq-add-7cac295394b2.jpg?format=pjpg,Conjunto com top-blusa de alta sustentação e compressão.,vimm_feed
45797003690222,https://cdn.shopify.com/s/files/1/0667/0961/8926/files/meta-sq-8664969183470-42072725749998.jpg?format=pjpg,https://cdn.shopify.com/s/files/1/0667/0961/8926/files/meta-sq-add-7cac295394b2.jpg?format=pjpg,Conjunto com top-blusa de alta sustentação e compressão.,vimm_feed
45797003722990,https://cdn.shopify.com/s/files/1/0667/0961/8926/files/meta-sq-8664969183470-42072725749998.jpg?format=pjpg,https://cdn.shopify.com/s/files/1/0667/0961/8926/files/meta-sq-add-7cac295394b2.jpg?format=pjpg,Conjunto com top-blusa de alta sustentação e compressão.,vimm_feed
46023982121198,https://cdn.shopify.com/s/files/1/0667/0961/8926/files/meta-sq-8664969183470-42072725749998.jpg?format=pjpg,https://cdn.shopify.com/s/files/1/0667/0961/8926/files/meta-sq-add-7cac295394b2.jpg?format=pjpg,Conjunto com top-blusa de alta sustentação e compressão.,vimm_feed
46023982186734,https://cdn.shopify.com/s/files/1/0667/0961/8926/files/meta-sq-8664969183470-42072725749998.jpg?format=pjpg,https://cdn.shopify.com/s/files/1/0667/0961/8926/files/meta-sq-add-7cac295394b2.jpg?format=pjpg,Conjunto com top-blusa de alta sustentação e compressão.,vimm_feed
46023982252270,https://cdn.shopify.com/s/files/1/0667/0961/8926/files/meta-sq-8664969183470-42072725749998.jpg?format=pjpg,https://cdn.shopify.com/s/files/1/0667/0961/8926/files/meta-sq-add-7cac295394b2.jpg?format=pjpg,Conjunto com top-blusa de alta sustentação e compressão.,vimm_feed
46023982317806,https://cdn.shopify.com/s/files/1/0667/0961/8926/files/meta-sq-8664969183470-42072725749998.jpg?format=pjpg,https://cdn.shopify.com/s/files/1/0667/0961/8926/files/meta-sq-add-7cac295394b2.jpg?format=pjpg,Conjunto com top-blusa de alta sustentação e compressão.,vimm_feed
46023982383342,https://cdn.shopify.com/s/files/1/0667/0961/8926/files/meta-sq-8664969183470-42072725749998.jpg?format=pjpg,https://cdn.shopify.com/s/files/1/0667/0961/8926/files/meta-sq-add-7cac295394b2.jpg?format=pjpg,Conjunto com top-blusa de alta sustentação e compressão.,vimm_feed
46807353655534,https://cdn.shopify.com/s/files/1/0667/0961/8926/files/meta-sq-8664969183470-42072725749998.jpg?format=pjpg,https://cdn.shopify.com/s/files/1/0667/0961/8926/files/meta-sq-add-7cac295394b2.jpg?format=pjpg,Conjunto com top-blusa de alta sustentação e compressão.,vimm_feed
46807353688302,https://cdn.shopify.com/s/files/1/0667/0961/8926/files/meta-sq-8664969183470-42072725749998.jpg?format=pjpg,https://cdn.shopify.com/s/files/1/0667/0961/8926/files/meta-sq-add-7cac295394b2.jpg?format=pjpg,Conjunto com top-blusa de alta sustentação e compressão.,vimm_feed
46807353721070,https://cdn.shopify.com/s/files/1/0667/0961/8926/files/meta-sq-8664969183470-42072725749998.jpg?format=pjpg,https://cdn.shopify.com/s/files/1/0667/0961/8926/files/meta-sq-add-7cac295394b2.jpg?format=pjpg,Conjunto com top-blusa de alta sustentação e compressão.,vimm_feed
46807353753838,https://cdn.shopify.com/s/files/1/0667/0961/8926/files/meta-sq-8664969183470-42072725749998.jpg?format=pjpg,https://cdn.shopify.com/s/files/1/0667/0961/8926/files/meta-sq-add-7cac295394b2.jpg?format=pjpg,Conjunto com top-blusa de alta sustentação e compressão.,vimm_feed
46807353786606,https://cdn.shopify.com/s/files/1/0667/0961/8926/files/meta-sq-8664969183470-42072725749998.jpg?format=pjpg,https://cdn.shopify.com/s/files/1/0667/0961/8926/files/meta-sq-add-7cac295394b2.jpg?format=pjpg,Conjunto com top-blusa de alta sustentação e compressão.,vimm_feed
46807353819374,https://cdn.shopify.com/s/files/1/0667/0961/8926/files/meta-sq-8664969183470-42072725749998.jpg?format=pjpg,https://cdn.shopify.com/s/files/1/0667/0961/8926/files/meta-sq-add-7cac295394b2.jpg?format=pjpg,Conjunto com top-blusa de alta sustentação e compressão.,vimm_feed
46807353852142,https://cdn.shopify.com/s/files/1/0667/0961/8926/files/meta-sq-8664969183470-42072725749998.jpg?format=pjpg,https://cdn.shopify.com/s/files/1/0667/0961/8926/files/meta-sq-add-7cac295394b2.jpg?format=pjpg,Conjunto com top-blusa de alta sustentação e compressão.,vimm_feed
46807353884910,https://cdn.shopify.com/s/files/1/0667/0961/8926/files/meta-sq-8664969183470-42072725749998.jpg?format=pjpg,https://cdn.shopify.com/s/files/1/0667/0961/8926/files/meta-sq-add-7cac295394b2.jpg?format=pjpg,Conjunto com top-blusa de alta sustentação e compressão.,vimm_feed
46807353917678,https://cdn.shopify.com/s/files/1/0667/0961/8926/files/meta-sq-8664969183470-42072725749998.jpg?format=pjpg,https://cdn.shopify.com/s/files/1/0667/0961/8926/files/meta-sq-add-7cac295394b2.jpg?format=pjpg,Conjunto com top-blusa de alta sustentação e compressão.,vimm_feed
46807353950446,https://cdn.shopify.com/s/files/1/0667/0961/8926/files/meta-sq-8664969183470-42072725749998.jpg?format=pjpg,https://cdn.shopify.com/s/files/1/0667/0961/8926/files/meta-sq-add-7cac295394b2.jpg?format=pjpg,Conjunto com top-blusa de alta sustentação e compressão.,vimm_feed
46807353983214,https://cdn.shopify.com/s/files/1/0667/0961/8926/files/meta-sq-8664969183470-42072725749998.jpg?format=pjpg,https://cdn.shopify.com/s/files/1/0667/0961/8926/files/meta-sq-add-7cac295394b2.jpg?format=pjpg,Conjunto com top-blusa de alta sustentação e compressão.,vimm_feed
46807354015982,https://cdn.shopify.com/s/files/1/0667/0961/8926/files/meta-sq-8664969183470-42072725749998.jpg?format=pjpg,https://cdn.shopify.com/s/files/1/0667/0961/8926/files/meta-sq-add-7cac295394b2.jpg?format=pjpg,Conjunto com top-blusa de alta sustentação e compressão.,vimm_feed
46807354048750,https://cdn.shopify.com/s/files/1/0667/0961/8926/files/meta-sq-8664969183470-42072725749998.jpg?format=pjpg,https://cdn.shopify.com/s/files/1/0667/0961/8926/files/meta-sq-add-7cac295394b2.jpg?format=pjpg,Conjunto com top-blusa de alta sustentação e compressão.,vimm_feed
46807354081518,https://cdn.shopify.com/s/files/1/0667/0961/8926/files/meta-sq-8664969183470-42072725749998.jpg?format=pjpg,https://cdn.shopify.com/s/files/1/0667/0961/8926/files/meta-sq-add-7cac295394b2.jpg?format=pjpg,Conjunto com top-blusa de alta sustentação e compressão.,vimm_feed
46807354114286,https://cdn.shopify.com/s/files/1/0667/0961/8926/files/meta-sq-8664969183470-42072725749998.jpg?format=pjpg,https://cdn.shopify.com/s/files/1/0667/0961/8926/files/meta-sq-add-7cac295394b2.jpg?format=pjpg,Conjunto com top-blusa de alta sustentação e compressão.,vimm_feed
45563487813870,https://cdn.shopify.com/s/files/1/0667/0961/8926/files/meta-sq-8598842147054-41496489263342.jpg?format=pjpg,https://cdn.shopify.com/s/files/1/0667/0961/8926/files/meta-sq-add-23c8ef37eb4a.jpg?format=pjpg,Top-blusa com top embutido e alta sustentação.,vimm_feed
45563487846638,https://cdn.shopify.com/s/files/1/0667/0961/8926/files/meta-sq-8598842147054-41496489263342.jpg?format=pjpg,https://cdn.shopify.com/s/files/1/0667/0961/8926/files/meta-sq-add-23c8ef37eb4a.jpg?format=pjpg,Top-blusa com top embutido e alta sustentação.,vimm_feed
45563487879406,https://cdn.shopify.com/s/files/1/0667/0961/8926/files/meta-sq-8598842147054-41496489263342.jpg?format=pjpg,https://cdn.shopify.com/s/files/1/0667/0961/8926/files/meta-sq-add-23c8ef37eb4a.jpg?format=pjpg,Top-blusa com top embutido e alta sustentação.,vimm_feed
45563487912174,https://cdn.shopify.com/s/files/1/0667/0961/8926/files/meta-sq-8598842147054-41496489263342.jpg?format=pjpg,https://cdn.shopify.com/s/files/1/0667/0961/8926/files/meta-sq-add-23c8ef37eb4a.jpg?format=pjpg,Top-blusa com top embutido e alta sustentação.,vimm_feed
45563487944942,https://cdn.shopify.com/s/files/1/0667/0961/8926/files/meta-sq-8598842147054-41496489263342.jpg?format=pjpg,https://cdn.shopify.com/s/files/1/0667/0961/8926/files/meta-sq-add-23c8ef37eb4a.jpg?format=pjpg,Top-blusa com top embutido e alta sustentação.,vimm_feed
45563486699758,https://cdn.shopify.com/s/files/1/0667/0961/8926/files/meta-sq-8598841688302-41496257429742.jpg?format=pjpg,"https://cdn.shopify.com/s/files/1/0667/0961/8926/files/meta-sq-add-edf61c95f332.jpg?format=pjpg,https://cdn.shopify.com/s/files/1/0667/0961/8926/files/meta-sq-add-0c8a92a157c4.jpg?format=pjpg,https://cdn.shopify.com/s/files/1/0667/0961/8926/files/meta-sq-add-2add83a8e61e.jpg?format=pjpg",Bermuda de compressão para treinar sem calcinha.,vimm_feed
45563486732526,https://cdn.shopify.com/s/files/1/0667/0961/8926/files/meta-sq-8598841688302-41496257429742.jpg?format=pjpg,"https://cdn.shopify.com/s/files/1/0667/0961/8926/files/meta-sq-add-edf61c95f332.jpg?format=pjpg,https://cdn.shopify.com/s/files/1/0667/0961/8926/files/meta-sq-add-0c8a92a157c4.jpg?format=pjpg,https://cdn.shopify.com/s/files/1/0667/0961/8926/files/meta-sq-add-2add83a8e61e.jpg?format=pjpg",Bermuda de compressão para treinar sem calcinha.,vimm_feed
45563486765294,https://cdn.shopify.com/s/files/1/0667/0961/8926/files/meta-sq-8598841688302-41496257429742.jpg?format=pjpg,"https://cdn.shopify.com/s/files/1/0667/0961/8926/files/meta-sq-add-edf61c95f332.jpg?format=pjpg,https://cdn.shopify.com/s/files/1/0667/0961/8926/files/meta-sq-add-0c8a92a157c4.jpg?format=pjpg,https://cdn.shopify.com/s/files/1/0667/0961/8926/files/meta-sq-add-2add83a8e61e.jpg?format=pjpg",Bermuda de compressão para treinar sem calcinha.,vimm_feed
45563486798062,https://cdn.shopify.com/s/files/1/0667/0961/8926/files/meta-sq-8598841688302-41496257429742.jpg?format=pjpg,"https://cdn.shopify.com/s/files/1/0667/0961/8926/files/meta-sq-add-edf61c95f332.jpg?format=pjpg,https://cdn.shopify.com/s/files/1/0667/0961/8926/files/meta-sq-add-0c8a92a157c4.jpg?format=pjpg,https://cdn.shopify.com/s/files/1/0667/0961/8926/files/meta-sq-add-2add83a8e61e.jpg?format=pjpg",Bermuda de compressão para treinar sem calcinha.,vimm_feed
45563486830830,https://cdn.shopify.com/s/files/1/0667/0961/8926/files/meta-sq-8598841688302-41496257429742.jpg?format=pjpg,"https://cdn.shopify.com/s/files/1/0667/0961/8926/files/meta-sq-add-edf61c95f332.jpg?format=pjpg,https://cdn.shopify.com/s/files/1/0667/0961/8926/files/meta-sq-add-0c8a92a157c4.jpg?format=pjpg,https://cdn.shopify.com/s/files/1/0667/0961/8926/files/meta-sq-add-2add83a8e61e.jpg?format=pjpg",Bermuda de compressão para treinar sem calcinha.,vimm_feed
45566381588718,https://cdn.shopify.com/s/files/1/0667/0961/8926/files/meta-sq-8598841688302-41496257429742.jpg?format=pjpg,"https://cdn.shopify.com/s/files/1/0667/0961/8926/files/meta-sq-add-edf61c95f332.jpg?format=pjpg,https://cdn.shopify.com/s/files/1/0667/0961/8926/files/meta-sq-add-0c8a92a157c4.jpg?format=pjpg,https://cdn.shopify.com/s/files/1/0667/0961/8926/files/meta-sq-add-2add83a8e61e.jpg?format=pjpg",Bermuda de compressão para treinar sem calcinha.,vimm_feed
44811714035950,https://cdn.shopify.com/s/files/1/0667/0961/8926/files/meta-sq-8293708923118-40480320815342.jpg?format=pjpg,"https://cdn.shopify.com/s/files/1/0667/0961/8926/files/meta-sq-add-bc8dbf6cabfd.jpg?format=pjpg,https://cdn.shopify.com/s/files/1/0667/0961/8926/files/meta-sq-add-ebee8b378754.jpg?format=pjpg",Top-blusa com top embutido e alta sustentação.,vimm_feed
44811816894702,https://cdn.shopify.com/s/files/1/0667/0961/8926/files/meta-sq-8293708923118-40480320815342.jpg?format=pjpg,"https://cdn.shopify.com/s/files/1/0667/0961/8926/files/meta-sq-add-bc8dbf6cabfd.jpg?format=pjpg,https://cdn.shopify.com/s/files/1/0667/0961/8926/files/meta-sq-add-ebee8b378754.jpg?format=pjpg",Top-blusa com top embutido e alta sustentação.,vimm_feed
44811816927470,https://cdn.shopify.com/s/files/1/0667/0961/8926/files/meta-sq-8293708923118-40480320815342.jpg?format=pjpg,"https://cdn.shopify.com/s/files/1/0667/0961/8926/files/meta-sq-add-bc8dbf6cabfd.jpg?format=pjpg,https://cdn.shopify.com/s/files/1/0667/0961/8926/files/meta-sq-add-ebee8b378754.jpg?format=pjpg",Top-blusa com top embutido e alta sustentação.,vimm_feed
44811816960238,https://cdn.shopify.com/s/files/1/0667/0961/8926/files/meta-sq-8293708923118-40480320815342.jpg?format=pjpg,"https://cdn.shopify.com/s/files/1/0667/0961/8926/files/meta-sq-add-bc8dbf6cabfd.jpg?format=pjpg,https://cdn.shopify.com/s/files/1/0667/0961/8926/files/meta-sq-add-ebee8b378754.jpg?format=pjpg",Top-blusa com top embutido e alta sustentação.,vimm_feed
44811816993006,https://cdn.shopify.com/s/files/1/0667/0961/8926/files/meta-sq-8293708923118-40480320815342.jpg?format=pjpg,"https://cdn.shopify.com/s/files/1/0667/0961/8926/files/meta-sq-add-bc8dbf6cabfd.jpg?format=pjpg,https://cdn.shopify.com/s/files/1/0667/0961/8926/files/meta-sq-add-ebee8b378754.jpg?format=pjpg",Top-blusa com top embutido e alta sustentação.,vimm_feed
44808031600878,https://cdn.shopify.com/s/files/1/0667/0961/8926/files/meta-sq-8271577972974-44028828713198.jpg?format=pjpg,"https://cdn.shopify.com/s/files/1/0667/0961/8926/files/meta-sq-add-cd8271f00b64.jpg?format=pjpg,https://cdn.shopify.com/s/files/1/0667/0961/8926/files/meta-sq-add-30f0e5752f32.jpg?format=pjpg,https://cdn.shopify.com/s/files/1/0667/0961/8926/files/meta-sq-add-64e6e0e20bdf.jpg?format=pjpg",Bermuda de compressão para treinar sem calcinha.,vimm_feed
44808031633646,https://cdn.shopify.com/s/files/1/0667/0961/8926/files/meta-sq-8271577972974-44028828713198.jpg?format=pjpg,"https://cdn.shopify.com/s/files/1/0667/0961/8926/files/meta-sq-add-cd8271f00b64.jpg?format=pjpg,https://cdn.shopify.com/s/files/1/0667/0961/8926/files/meta-sq-add-30f0e5752f32.jpg?format=pjpg,https://cdn.shopify.com/s/files/1/0667/0961/8926/files/meta-sq-add-64e6e0e20bdf.jpg?format=pjpg",Bermuda de compressão para treinar sem calcinha.,vimm_feed
44808031666414,https://cdn.shopify.com/s/files/1/0667/0961/8926/files/meta-sq-8271577972974-44028828713198.jpg?format=pjpg,"https://cdn.shopify.com/s/files/1/0667/0961/8926/files/meta-sq-add-cd8271f00b64.jpg?format=pjpg,https://cdn.shopify.com/s/files/1/0667/0961/8926/files/meta-sq-add-30f0e5752f32.jpg?format=pjpg,https://cdn.shopify.com/s/files/1/0667/0961/8926/files/meta-sq-add-64e6e0e20bdf.jpg?format=pjpg",Bermuda de compressão para treinar sem calcinha.,vimm_feed
44808031699182,https://cdn.shopify.com/s/files/1/0667/0961/8926/files/meta-sq-8271577972974-44028828713198.jpg?format=pjpg,"https://cdn.shopify.com/s/files/1/0667/0961/8926/files/meta-sq-add-cd8271f00b64.jpg?format=pjpg,https://cdn.shopify.com/s/files/1/0667/0961/8926/files/meta-sq-add-30f0e5752f32.jpg?format=pjpg,https://cdn.shopify.com/s/files/1/0667/0961/8926/files/meta-sq-add-64e6e0e20bdf.jpg?format=pjpg",Bermuda de compressão para treinar sem calcinha.,vimm_feed
44808031731950,https://cdn.shopify.com/s/files/1/0667/0961/8926/files/meta-sq-8271577972974-44028828713198.jpg?format=pjpg,"https://cdn.shopify.com/s/files/1/0667/0961/8926/files/meta-sq-add-cd8271f00b64.jpg?format=pjpg,https://cdn.shopify.com/s/files/1/0667/0961/8926/files/meta-sq-add-30f0e5752f32.jpg?format=pjpg,https://cdn.shopify.com/s/files/1/0667/0961/8926/files/meta-sq-add-64e6e0e20bdf.jpg?format=pjpg",Bermuda de compressão para treinar sem calcinha.,vimm_feed
45256694038766,https://cdn.shopify.com/s/files/1/0667/0961/8926/files/meta-sq-8271577972974-44028828713198.jpg?format=pjpg,"https://cdn.shopify.com/s/files/1/0667/0961/8926/files/meta-sq-add-cd8271f00b64.jpg?format=pjpg,https://cdn.shopify.com/s/files/1/0667/0961/8926/files/meta-sq-add-30f0e5752f32.jpg?format=pjpg,https://cdn.shopify.com/s/files/1/0667/0961/8926/files/meta-sq-add-64e6e0e20bdf.jpg?format=pjpg",Bermuda de compressão para treinar sem calcinha.,vimm_feed
46500372250862,https://cdn.shopify.com/s/files/1/0667/0961/8926/files/meta-sq-8271577972974-44028828713198.jpg?format=pjpg,"https://cdn.shopify.com/s/files/1/0667/0961/8926/files/meta-sq-add-cd8271f00b64.jpg?format=pjpg,https://cdn.shopify.com/s/files/1/0667/0961/8926/files/meta-sq-add-30f0e5752f32.jpg?format=pjpg,https://cdn.shopify.com/s/files/1/0667/0961/8926/files/meta-sq-add-64e6e0e20bdf.jpg?format=pjpg",Bermuda de compressão para treinar sem calcinha.,vimm_feed
